wavelength,flux,ivar,mask,model
3600.0,17.695009231567383,0.011404985561966896,0,2.8827152252197266
3600.8,-14.237730026245117,0.00926616694778204,0,3.7663047313690186
3601.6000000000004,-11.59062385559082,0.008557385765016079,0,3.8003039360046387
3602.4000000000005,-8.14966869354248,0.008853991515934467,0,3.6939823627471924
3603.2000000000007,0.7563369870185852,0.00991926807910204,0,3.6450583934783936
3604.000000000001,-0.6643743515014648,0.011063747107982635,0,3.5963566303253174
3604.800000000001,3.106757402420044,0.010529831983149052,0,3.58087158203125
3605.6000000000013,-16.1087589263916,0.00920272059738636,0,3.5899839401245117
3606.4000000000015,-18.350967407226562,0.009140174835920334,0,3.6181464195251465
3607.2000000000016,-5.158257484436035,0.011241716332733631,0,3.6638097763061523
3608.000000000002,16.729331970214844,0.01164930034428835,0,3.7182140350341797
3608.800000000002,-1.4698264598846436,0.011129915714263916,0,3.767130136489868
3609.600000000002,1.2553117275238037,0.009848243556916714,0,3.812023401260376
3610.4000000000024,-3.018199920654297,0.010994063690304756,0,3.8499672412872314
3611.2000000000025,-5.208813190460205,0.011668617837131023,0,3.87705659866333
3612.0000000000027,-0.28050827980041504,0.014077538624405861,0,3.893181324005127
3612.800000000003,6.292384147644043,0.011395025067031384,0,3.894104480743408
3613.600000000003,4.850152492523193,0.01549710426479578,0,3.8756003379821777
3614.4000000000033,-16.616830825805664,0.009074941277503967,0,3.8399367332458496
3615.2000000000035,9.112370491027832,0.010508936829864979,0,3.7906925678253174
3616.0000000000036,1.9967595338821411,0.010611776262521744,0,3.7334189414978027
3616.800000000004,-0.9948831796646118,0.01391457300633192,0,3.669745445251465
3617.600000000004,-2.7203879356384277,0.009231542237102985,0,3.601408004760742
3618.400000000004,-1.1737351417541504,0.013369291089475155,0,3.529743194580078
3619.2000000000044,5.769373416900635,0.012391779571771622,0,3.4542911052703857
3620.0000000000045,15.171257972717285,0.014924874529242516,0,3.382642984390259
3620.8000000000047,-17.851123809814453,0.015095790848135948,0,3.319863796234131
3621.600000000005,-6.251552581787109,0.01478361152112484,0,3.2754271030426025
3622.400000000005,13.864444732666016,0.01527884230017662,0,3.2566468715667725
3623.2000000000053,8.875402450561523,0.016445672139525414,0,3.2628870010375977
3624.0000000000055,7.521149635314941,0.012093469500541687,0,3.2939798831939697
3624.8000000000056,13.977787017822266,0.012378064915537834,0,3.340440273284912
3625.600000000006,-4.893948554992676,0.009680615738034248,0,3.3888447284698486
3626.400000000006,16.015974044799805,0.01413306687027216,0,3.4252986907958984
3627.200000000006,0.6081697940826416,0.014483939856290817,0,3.4428913593292236
3628.0000000000064,10.380352973937988,0.016071293503046036,0,3.4417521953582764
3628.8000000000065,7.308448791503906,0.014521939679980278,0,3.4302334785461426
3629.6000000000067,2.2910938262939453,0.01691274531185627,0,3.4183552265167236
3630.400000000007,6.475733280181885,0.015566232614219189,0,3.41329026222229
3631.200000000007,2.23944354057312,0.013389384374022484,0,3.418626070022583
3632.0000000000073,-17.860183715820312,0.0119091235101223,0,3.4346024990081787
3632.8000000000075,-18.250959396362305,0.012385906651616096,0,3.461866617202759
3633.6000000000076,3.0422563552856445,0.016048431396484375,0,3.500929355621338
3634.400000000008,23.778614044189453,0.01540825143456459,0,3.551527261734009
3635.200000000008,13.052436828613281,0.016281448304653168,0,3.61208176612854
3636.000000000008,4.60115909576416,0.015866532921791077,0,3.677166223526001
3636.8000000000084,-0.8594281077384949,0.012135420925915241,0,3.7424614429473877
3637.6000000000085,12.517964363098145,0.015649346634745598,0,3.805102825164795
3638.4000000000087,4.269857406616211,0.013311420567333698,0,3.8649373054504395
3639.200000000009,-8.088233947753906,0.014028573408722878,0,3.925004720687866
3640.000000000009,21.22962760925293,0.01877329871058464,0,3.9816811084747314
3640.8000000000093,16.971099853515625,0.016107765957713127,0,4.0273823738098145
3641.6000000000095,12.3113431930542,0.015536865219473839,0,4.052237033843994
3642.4000000000096,11.847602844238281,0.011970405466854572,0,4.051916599273682
3643.20000000001,-6.905924320220947,0.01569106988608837,0,4.030501365661621
3644.00000000001,12.188631057739258,0.0180435162037611,0,3.9998042583465576
3644.80000000001,7.650729656219482,0.01644653081893921,0,3.9706544876098633
3645.6000000000104,10.309077262878418,0.017109762877225876,0,3.9519543647766113
3646.4000000000106,-4.875405788421631,0.0171691682189703,0,3.9454967975616455
3647.2000000000107,6.697583198547363,0.01684976927936077,0,3.9486184120178223
3648.000000000011,4.412503242492676,0.01855999045073986,0,3.960416555404663
3648.800000000011,4.539228916168213,0.01436125673353672,0,3.9835119247436523
3649.6000000000113,26.529346466064453,0.014018245041370392,0,4.022983551025391
3650.4000000000115,4.0236496925354,0.01710471883416176,0,4.085751533508301
3651.2000000000116,9.516276359558105,0.017998086288571358,0,4.173626899719238
3652.000000000012,-9.649428367614746,0.015013061463832855,0,4.280713081359863
3652.800000000012,1.9375897645950317,0.014927970245480537,0,4.392399311065674
3653.600000000012,12.110363960266113,0.018785672262310982,0,4.492304801940918
3654.4000000000124,-4.054409503936768,0.018413996323943138,0,4.570689678192139
3655.2000000000126,8.875258445739746,0.017056116834282875,0,4.619124412536621
3656.0000000000127,17.28830909729004,0.01849980652332306,0,4.638422012329102
3656.800000000013,4.028642654418945,0.01825818419456482,0,4.636715412139893
3657.600000000013,-1.8277350664138794,0.018041297793388367,0,4.6242876052856445
3658.4000000000133,-1.0815786123275757,0.01729772984981537,0,4.61103630065918
3659.2000000000135,4.89691686630249,0.017612887546420097,0,4.603144645690918
3660.0000000000136,-2.6266283988952637,0.01952255144715309,0,4.59958553314209
3660.800000000014,7.424937725067139,0.02106635645031929,0,4.596085548400879
3661.600000000014,10.89016056060791,0.022122858092188835,0,4.587830066680908
3662.400000000014,0.5719527006149292,0.015302031300961971,0,4.575613021850586
3663.2000000000144,-13.949902534484863,0.020845048129558563,0,4.562585353851318
3664.0000000000146,13.785377502441406,0.02425544708967209,0,4.5502238273620605
3664.8000000000147,21.32050323486328,0.01546093262732029,0,4.53939151763916
3665.600000000015,-5.077633857727051,0.0230731051415205,0,4.527373790740967
3666.400000000015,11.040982246398926,0.018545765429735184,0,4.5087785720825195
3667.2000000000153,7.353238582611084,0.020902298390865326,0,4.486504077911377
3668.0000000000155,-2.4933457374572754,0.017010841518640518,0,4.461596965789795
3668.8000000000156,4.447016716003418,0.022848114371299744,0,4.440620422363281
3669.600000000016,1.1743396520614624,0.030163230374455452,0,4.424950122833252
3670.400000000016,3.765772819519043,0.020954838022589684,0,4.4194722175598145
3671.200000000016,1.4618366956710815,0.023370100185275078,0,4.423888683319092
3672.0000000000164,-5.275428295135498,0.01399155892431736,0,4.426148414611816
3672.8000000000166,3.2823190689086914,0.022945944219827652,0,4.408999443054199
3673.6000000000167,4.775044918060303,0.022133372724056244,0,4.384126663208008
3674.400000000017,9.090128898620605,0.02871980518102646,0,4.343649864196777
3675.200000000017,-1.9209628105163574,0.020073065534234047,0,4.296342849731445
3676.0000000000173,6.901027679443359,0.02525659278035164,0,4.247837066650391
3676.8000000000175,2.556020736694336,0.023960350081324577,0,4.207015514373779
3677.6000000000176,4.467530250549316,0.024706562981009483,0,4.177809238433838
3678.400000000018,8.564282417297363,0.02714349329471588,0,4.160451889038086
3679.200000000018,14.091519355773926,0.027924971655011177,0,4.154047966003418
3680.000000000018,13.83177661895752,0.028320448473095894,0,4.155977249145508
3680.8000000000184,5.408713340759277,0.030454883351922035,0,4.160826206207275
3681.6000000000186,1.5252677202224731,0.030590949580073357,0,4.165309906005859
3682.4000000000187,2.1430611610412598,0.02858339063823223,0,4.1698079109191895
3683.200000000019,7.7085723876953125,0.025860274210572243,0,4.1775336265563965
3684.000000000019,2.3067171573638916,0.027897153049707413,0,4.185619354248047
3684.8000000000193,3.2423815727233887,0.02538801170885563,0,4.1860270500183105
3685.6000000000195,-3.53174090385437,0.02347254380583763,0,4.199923992156982
3686.4000000000196,0.4535916745662689,0.03325548395514488,0,4.210842609405518
3687.20000000002,17.678041458129883,0.03338758647441864,0,4.228180885314941
3688.00000000002,4.41855001449585,0.03100818581879139,0,4.2519659996032715
3688.80000000002,0.8940800428390503,0.03217615932226181,0,4.288412094116211
3689.6000000000204,7.057534217834473,0.03379696235060692,0,4.338075637817383
3690.4000000000206,9.72663402557373,0.025957994163036346,0,4.407336711883545
3691.2000000000207,0.144516259431839,0.03257323428988457,0,4.4795942306518555
3692.000000000021,-0.44325003027915955,0.027748465538024902,0,4.55649471282959
3692.800000000021,2.4729092121124268,0.027737870812416077,0,4.630134582519531
3693.6000000000213,4.5836968421936035,0.024772657081484795,0,4.694417476654053
3694.4000000000215,18.273540496826172,0.03375022113323212,0,4.740906238555908
3695.2000000000216,18.346345901489258,0.02847398817539215,0,4.763559818267822
3696.000000000022,-3.0809202194213867,0.031719278544187546,0,4.762725353240967
3696.800000000022,3.043384552001953,0.03427548706531525,0,4.744535446166992
3697.600000000022,0.07118748128414154,0.02643737383186817,0,4.724884510040283
3698.4000000000224,5.919346332550049,0.03680337220430374,0,4.7190775871276855
3699.2000000000226,-6.555537700653076,0.02533618174493313,0,4.738650321960449
3700.0000000000227,-2.4739573001861572,0.02946755662560463,0,4.781267166137695
3700.800000000023,2.5855870246887207,0.044784627854824066,0,4.834024429321289
3701.600000000023,3.4130947589874268,0.035263363271951675,0,4.880842685699463
3702.4000000000233,4.260552883148193,0.03277713805437088,0,4.904195785522461
3703.2000000000235,-3.997004985809326,0.03394631668925285,0,4.888708591461182
3704.0000000000236,12.583625793457031,0.031005822122097015,0,4.832102298736572
3704.800000000024,6.165493488311768,0.035481084138154984,0,4.742926120758057
3705.600000000024,1.9122204780578613,0.0398547425866127,0,4.634820461273193
3706.400000000024,7.277342796325684,0.03708403557538986,0,4.525935649871826
3707.2000000000244,5.875040531158447,0.029287191107869148,0,4.425008773803711
3708.0000000000246,-2.464794397354126,0.03771243616938591,0,4.3342695236206055
3708.8000000000247,8.045531272888184,0.030678724870085716,0,4.257460594177246
3709.600000000025,4.981297492980957,0.04049517214298248,0,4.199877738952637
3710.400000000025,2.170732259750366,0.033137738704681396,0,4.161551475524902
3711.2000000000253,5.062985420227051,0.037243083119392395,0,4.140491008758545
3712.0000000000255,1.7741484642028809,0.039495840668678284,0,4.13089656829834
3712.8000000000256,1.1993801593780518,0.04285086318850517,0,4.123900890350342
3713.600000000026,4.295461654663086,0.03700469061732292,0,4.110970497131348
3714.400000000026,-2.426442861557007,0.029977845028042793,0,4.088606834411621
3715.200000000026,5.263556003570557,0.037408921867609024,0,4.059263229370117
3716.0000000000264,-0.5672782063484192,0.03332196921110153,0,4.028443813323975
3716.8000000000266,3.533944606781006,0.032221511006355286,0,4.001852989196777
3717.6000000000267,-0.7736157774925232,0.03464049473404884,0,3.9857630729675293
3718.400000000027,2.6277337074279785,0.03905912861227989,0,3.986401081085205
3719.200000000027,16.902706146240234,0.03859466314315796,0,4.007952690124512
3720.0000000000273,0.42952489852905273,0.053663771599531174,0,4.048709392547607
3720.8000000000275,17.289752960205078,0.0405997596681118,0,4.106176376342773
3721.6000000000276,4.413496971130371,0.04711375758051872,0,4.171067237854004
3722.400000000028,4.028154373168945,0.052918691188097,0,4.23512601852417
3723.200000000028,1.766130805015564,0.03119344636797905,0,4.287064552307129
3724.000000000028,1.6254298686981201,0.04439212381839752,0,4.320993423461914
3724.8000000000284,-6.335220813751221,0.03346299007534981,0,4.332973957061768
3725.6000000000286,8.611787796020508,0.03888671472668648,0,4.321983814239502
3726.4000000000287,9.956412315368652,0.04374396428465843,0,4.294631004333496
3727.200000000029,15.673497200012207,0.03967183455824852,0,4.261070251464844
3728.000000000029,-1.86650812625885,0.04604237526655197,0,4.234253883361816
3728.8000000000293,3.381479263305664,0.040306203067302704,0,4.223675727844238
3729.6000000000295,-1.0674041509628296,0.03990868851542473,0,4.232934951782227
3730.4000000000296,10.397989273071289,0.03181101754307747,0,4.255341529846191
3731.20000000003,3.119933843612671,0.043337978422641754,0,4.278936862945557
3732.00000000003,13.617636680603027,0.049379512667655945,0,4.293915271759033
3732.80000000003,1.741446614265442,0.04204346612095833,0,4.296189785003662
3733.6000000000304,-1.2664381265640259,0.045925289392471313,0,4.2895097732543945
3734.4000000000306,10.642561912536621,0.038438986986875534,0,4.282245635986328
3735.2000000000307,11.261200904846191,0.03805961087346077,0,4.281022071838379
3736.000000000031,8.968352317810059,0.05739744380116463,0,4.287312984466553
3736.800000000031,6.585187911987305,0.0492699109017849,0,4.296571731567383
3737.6000000000313,-2.630502462387085,0.038147199898958206,0,4.301706314086914
3738.4000000000315,-5.438078880310059,0.04530267417430878,0,4.29461145401001
3739.2000000000317,-6.423264503479004,0.04917478561401367,0,4.271210193634033
3740.000000000032,9.912332534790039,0.041262827813625336,0,4.231368541717529
3740.800000000032,8.122723579406738,0.03983363136649132,0,4.179664611816406
3741.600000000032,0.6774392127990723,0.03761180490255356,0,4.126053333282471
3742.4000000000324,0.6951900124549866,0.03551069274544716,0,4.078507423400879
3743.2000000000326,-5.7674641609191895,0.030821507796645164,0,4.048558712005615
3744.0000000000327,8.666473388671875,0.03890909254550934,0,4.039538860321045
3744.800000000033,2.7871735095977783,0.03416087105870247,0,4.048422336578369
3745.600000000033,8.161930084228516,0.04398989677429199,0,4.0682454109191895
3746.4000000000333,10.11923885345459,0.03923692926764488,0,4.089701175689697
3747.2000000000335,11.177038192749023,0.04982217028737068,0,4.109358787536621
3748.0000000000337,3.6871728897094727,0.0419597253203392,0,4.128466606140137
3748.800000000034,7.226439476013184,0.04303541034460068,0,4.149445533752441
3749.600000000034,-2.6091036796569824,0.0425398126244545,0,4.172415256500244
3750.400000000034,0.005900704767554998,0.048072271049022675,0,4.196905136108398
3751.2000000000344,1.2022203207015991,0.04487045481801033,0,4.219454288482666
3752.0000000000346,2.8627231121063232,0.04864245280623436,0,4.23257303237915
3752.8000000000347,8.074689865112305,0.051373809576034546,0,4.231009006500244
3753.600000000035,4.409111499786377,0.04403017461299896,0,4.209946155548096
3754.400000000035,4.947028160095215,0.043747153133153915,0,4.170360565185547
3755.2000000000353,-4.348191261291504,0.04511159658432007,0,4.114563465118408
3756.0000000000355,8.014744758605957,0.04359402135014534,0,4.049798965454102
3756.8000000000357,2.7463366985321045,0.03353600203990936,0,3.9873859882354736
3757.600000000036,1.6812599897384644,0.05575496703386307,0,3.9448649883270264
3758.400000000036,-0.2896770238876343,0.06144961714744568,0,3.931638240814209
3759.200000000036,5.662105083465576,0.06058210879564285,0,3.9497976303100586
3760.0000000000364,-4.00506591796875,0.056427061557769775,0,3.9920990467071533
3760.8000000000366,0.05536825954914093,0.04986939579248428,0,4.04867696762085
3761.6000000000367,7.726818561553955,0.051838234066963196,0,4.102441787719727
3762.400000000037,5.664653778076172,0.04279422387480736,0,4.142951488494873
3763.200000000037,11.757030487060547,0.06215723603963852,0,4.164388179779053
3764.0000000000373,6.129982948303223,0.06318708509206772,0,4.161548614501953
3764.8000000000375,5.891652584075928,0.07479190081357956,0,4.131680488586426
3765.6000000000377,0.47699469327926636,0.06042350083589554,0,4.069488048553467
3766.400000000038,6.309648513793945,0.049642447382211685,0,3.970257520675659
3767.200000000038,3.025169849395752,0.07182898372411728,0,3.8405086994171143
3768.000000000038,4.12962532043457,0.06840870529413223,0,3.6975114345550537
3768.8000000000384,-1.0989784002304077,0.07220712304115295,0,3.556527614593506
3769.6000000000386,9.625022888183594,0.05536891892552376,0,3.4430925846099854
3770.4000000000387,2.341649055480957,0.0515899732708931,0,3.3792262077331543
3771.200000000039,3.419433116912842,0.06722090393304825,0,3.3757731914520264
3772.000000000039,-0.8914715051651001,0.05718265473842621,0,3.4279868602752686
3772.8000000000393,2.5848355293273926,0.05961889028549194,0,3.5210719108581543
3773.6000000000395,1.300929069519043,0.06715375930070877,0,3.6269137859344482
3774.4000000000397,6.365466594696045,0.04608850181102753,0,3.723632335662842
3775.20000000004,3.5405032634735107,0.06505030393600464,0,3.7878613471984863
3776.00000000004,2.9984946250915527,0.05229293927550316,0,3.8086349964141846
3776.80000000004,-5.277433395385742,0.05524003878235817,0,3.7893447875976562
3777.6000000000404,0.1859099566936493,0.05479051545262337,0,3.7370266914367676
3778.4000000000406,0.23865796625614166,0.055732712149620056,0,3.664649486541748
3779.2000000000407,3.181976318359375,0.05431406572461128,0,3.5869977474212646
3780.000000000041,4.731097221374512,0.048573244363069534,0,3.513434886932373
3780.800000000041,3.6738083362579346,0.0603485144674778,0,3.45525860786438
3781.6000000000413,7.8714189529418945,0.04627051204442978,0,3.4188332557678223
3782.4000000000415,-6.89599609375,0.05701344087719917,0,3.4104855060577393
3783.2000000000417,2.2317447662353516,0.05911535769701004,0,3.4335834980010986
3784.000000000042,4.372256278991699,0.05521271005272865,0,3.4886348247528076
3784.800000000042,0.12802238762378693,0.06057274714112282,0,3.5749759674072266
3785.600000000042,9.823375701904297,0.06534134596586227,0,3.682246685028076
3786.4000000000424,0.08643704652786255,0.0635114535689354,0,3.7962000370025635
3787.2000000000426,1.158023715019226,0.06576845794916153,0,3.8975110054016113
3788.0000000000427,7.700416564941406,0.07037066668272018,0,3.9698970317840576
3788.800000000043,9.738451957702637,0.0755963921546936,0,4.003208160400391
3789.600000000043,11.017617225646973,0.06864844262599945,0,3.9937407970428467
3790.4000000000433,4.007020950317383,0.06306177377700806,0,3.9508588314056396
3791.2000000000435,14.825201034545898,0.06914646923542023,0,3.8912105560302734
3792.0000000000437,-4.238296031951904,0.07167427241802216,0,3.8328285217285156
3792.800000000044,-2.0786964893341064,0.06389705091714859,0,3.795396089553833
3793.600000000044,-0.18375280499458313,0.047385796904563904,0,3.787069797515869
3794.400000000044,-8.872870445251465,0.0627952441573143,0,3.8058066368103027
3795.2000000000444,-5.697439670562744,0.05408544838428497,0,3.8423912525177
3796.0000000000446,2.4907243251800537,0.07770839333534241,0,3.886481285095215
3796.8000000000447,11.180615425109863,0.05465896055102348,0,3.92830228805542
3797.600000000045,8.59846019744873,0.056360818445682526,0,3.9615049362182617
3798.400000000045,0.32091450691223145,0.05915982648730278,0,3.981954574584961
3799.2000000000453,1.1580257415771484,0.08194933086633682,0,3.9865190982818604
3800.0000000000455,7.402471542358398,0.07536239922046661,0,3.977786064147949
3800.8000000000457,6.549646854400635,0.04980212450027466,0,3.9605164527893066
3801.600000000046,11.610305786132812,0.05978221073746681,0,3.936119318008423
3802.400000000046,9.354557991027832,0.05790448561310768,0,3.9084649085998535
3803.200000000046,0.04651707783341408,0.053980421274900436,0,3.8735151290893555
3804.0000000000464,9.663805961608887,0.04503002390265465,0,3.8295462131500244
3804.8000000000466,-6.5523529052734375,0.056629203259944916,0,3.773867607116699
3805.6000000000467,-0.21522893011569977,0.037220779806375504,0,3.730544328689575
3806.400000000047,4.344354152679443,0.04327160492539406,0,3.676917314529419
3807.200000000047,-5.301589488983154,0.04962911084294319,0,3.695988416671753
3808.0000000000473,32.63905715942383,0.0005229560774751008,0,3.6373188495635986
3808.8000000000475,14.117877006530762,0.03297458961606026,0,3.0096843242645264
3809.6000000000477,0.0,0.0,16,2.0112667083740234
3810.400000000048,13.321983337402344,0.01846570149064064,0,2.9580302238464355
3811.200000000048,-9.72365951538086,0.015064897947013378,0,3.8843533992767334
3812.000000000048,-10.203926086425781,0.009491410106420517,0,4.123688697814941
3812.8000000000484,-3.777808904647827,0.008120444603264332,0,4.169573783874512
3813.6000000000486,-12.215600967407227,0.006552424747496843,0,4.25119686126709
3814.4000000000487,1.5423369407653809,0.005211927462369204,0,4.288372993469238
3815.200000000049,-13.27843952178955,0.0062913536094129086,0,4.304475784301758
3816.000000000049,-4.849900722503662,0.009193269535899162,0,4.287405014038086
3816.8000000000493,-0.7250707745552063,0.0107124587520957,0,4.240080833435059
3817.6000000000495,-5.241893291473389,0.0168007705360651,0,4.174549579620361
3818.4000000000497,-1.8818382024765015,0.02031564526259899,0,4.101211071014404
3819.20000000005,8.23015308380127,0.031131938099861145,0,4.033647060394287
3820.00000000005,4.108876705169678,0.047980137169361115,0,3.9771158695220947
3820.80000000005,15.141334533691406,0.0496886782348156,0,3.9325921535491943
3821.6000000000504,0.5166764855384827,0.0513063445687294,0,3.8989832401275635
3822.4000000000506,1.4926835298538208,0.054081715643405914,0,3.8750674724578857
3823.2000000000507,11.020313262939453,0.0597107857465744,0,3.862198829650879
3824.000000000051,-2.587649345397949,0.056364819407463074,0,3.8565945625305176
3824.800000000051,1.0184975862503052,0.06172604858875275,0,3.8545141220092773
3825.6000000000513,10.437979698181152,0.05903616547584534,0,3.851130962371826
3826.4000000000515,5.576859474182129,0.058618806302547455,0,3.8394253253936768
3827.2000000000517,-1.7079919576644897,0.05701291188597679,0,3.813101053237915
3828.000000000052,12.619294166564941,0.051900286227464676,0,3.7707605361938477
3828.800000000052,5.04883337020874,0.04412711411714554,0,3.7162702083587646
3829.600000000052,1.2332438230514526,0.04242820292711258,0,3.6603164672851562
3830.4000000000524,7.9676079750061035,0.03480510786175728,0,3.620741605758667
3831.2000000000526,3.8458614349365234,0.041874032467603683,0,3.6103997230529785
3832.0000000000528,3.442943811416626,0.05906008556485176,0,3.634770631790161
3832.800000000053,-3.1126043796539307,0.059379640966653824,0,3.6900830268859863
3833.600000000053,0.5536341667175293,0.05906914919614792,0,3.7712175846099854
3834.4000000000533,-0.6352688074111938,0.06412221491336823,0,3.8614213466644287
3835.2000000000535,-0.3827367126941681,0.06093035638332367,0,3.94740629196167
3836.0000000000537,7.871885776519775,0.07346831262111664,0,4.014416217803955
3836.800000000054,5.640722274780273,0.07530535012483597,0,4.050268650054932
3837.600000000054,14.477916717529297,0.09428608417510986,0,4.049089431762695
3838.400000000054,3.5863168239593506,0.10035104304552078,0,4.013003826141357
3839.2000000000544,0.520571231842041,0.08187520503997803,0,3.953103542327881
3840.0000000000546,-0.5402069091796875,0.09325051307678223,0,3.8818976879119873
3840.8000000000548,2.481903553009033,0.08974292129278183,0,3.815685749053955
3841.600000000055,3.816204309463501,0.08520393818616867,0,3.769007444381714
3842.400000000055,0.228421151638031,0.09049791097640991,0,3.746642827987671
3843.2000000000553,7.46591854095459,0.08084911108016968,0,3.751772880554199
3844.0000000000555,0.4348607063293457,0.07623449712991714,0,3.7850024700164795
3844.8000000000557,2.6301109790802,0.06985385715961456,0,3.8418428897857666
3845.600000000056,9.240416526794434,0.09017880260944366,0,3.915187120437622
3846.400000000056,2.6811838150024414,0.07825201749801636,0,3.995436429977417
3847.200000000056,7.653936862945557,0.0909300446510315,0,4.06704044342041
3848.0000000000564,-0.8034236431121826,0.09151304513216019,0,4.115543842315674
3848.8000000000566,6.337298393249512,0.09497307240962982,0,4.134060859680176
3849.6000000000568,8.51404094696045,0.09035970270633698,0,4.122767448425293
3850.400000000057,1.0430927276611328,0.10260764509439468,0,4.093038082122803
3851.200000000057,0.8284466862678528,0.09305472671985626,0,4.059277057647705
3852.0000000000573,2.500572919845581,0.08391555398702621,0,4.03437614440918
3852.8000000000575,4.092960357666016,0.09336765855550766,0,4.023573398590088
3853.6000000000577,5.066859722137451,0.09039712697267532,0,4.022557735443115
3854.400000000058,3.0198802947998047,0.09376031905412674,0,4.02152156829834
3855.200000000058,3.9076623916625977,0.09342315793037415,0,4.009899139404297
3856.000000000058,3.2966461181640625,0.1021021157503128,0,3.9782168865203857
3856.8000000000584,5.240949630737305,0.09176547825336456,0,3.922794818878174
3857.6000000000586,1.4910939931869507,0.10757089406251907,0,3.8433873653411865
3858.4000000000588,1.0606746673583984,0.09551316499710083,0,3.7442381381988525
3859.200000000059,6.896457672119141,0.11815422773361206,0,3.6361660957336426
3860.000000000059,4.805959224700928,0.11131218075752258,0,3.5325064659118652
3860.8000000000593,3.4951491355895996,0.10428311675786972,0,3.446359872817993
3861.6000000000595,8.139315605163574,0.11870312690734863,0,3.390876054763794
3862.4000000000597,6.326998233795166,0.10787177830934525,0,3.371607542037964
3863.20000000006,5.805222034454346,0.1028420552611351,0,3.393422842025757
3864.00000000006,4.621518135070801,0.09154738485813141,0,3.454334020614624
3864.80000000006,5.1760125160217285,0.09617335349321365,0,3.5499017238616943
3865.6000000000604,6.940567970275879,0.09764548391103745,0,3.6740217208862305
3866.4000000000606,0.6307199001312256,0.09494058042764664,0,3.8184359073638916
3867.2000000000608,4.111260414123535,0.10649918764829636,0,3.9687297344207764
3868.000000000061,10.253534317016602,0.11419255286455154,0,4.111763954162598
3868.800000000061,4.6305437088012695,0.09928301721811295,0,4.232538223266602
3869.6000000000613,0.5786711573600769,0.11171463876962662,0,4.316937446594238
3870.4000000000615,1.1626559495925903,0.11910640448331833,0,4.356443405151367
3871.2000000000617,2.2040555477142334,0.1237911805510521,0,4.354578018188477
3872.000000000062,0.7182958126068115,0.12263768911361694,0,4.320932865142822
3872.800000000062,6.508517265319824,0.13060146570205688,0,4.272683620452881
3873.600000000062,4.678075313568115,0.11901723593473434,0,4.229963302612305
3874.4000000000624,2.538588762283325,0.09778834879398346,0,4.208120346069336
3875.2000000000626,1.4173240661621094,0.10029172897338867,0,4.2124128341674805
3876.0000000000628,-1.1757439374923706,0.08420877158641815,0,4.235795974731445
3876.800000000063,2.1472156047821045,0.08903072774410248,0,4.262366771697998
3877.600000000063,2.2062535285949707,0.09041411429643631,0,4.275122165679932
3878.4000000000633,2.6932170391082764,0.10614114254713058,0,4.265734672546387
3879.2000000000635,8.979714393615723,0.09262360632419586,0,4.2375288009643555
3880.0000000000637,5.841033935546875,0.10295996069908142,0,4.20053243637085
3880.800000000064,4.220066070556641,0.11238773912191391,0,4.165908336639404
3881.600000000064,4.792496681213379,0.10137517005205154,0,4.145314693450928
3882.400000000064,1.1401208639144897,0.10319816321134567,0,4.1450114250183105
3883.2000000000644,4.0560760498046875,0.10918290168046951,0,4.16366720199585
3884.0000000000646,-0.20699448883533478,0.09691651165485382,0,4.196037769317627
3884.8000000000648,12.896358489990234,0.10602441430091858,0,4.236206531524658
3885.600000000065,9.178092956542969,0.07912338525056839,0,4.273766040802002
3886.400000000065,1.6922496557235718,0.10683634132146835,0,4.298457145690918
3887.2000000000653,5.067654609680176,0.12279187142848969,0,4.3112688064575195
3888.0000000000655,1.026427984237671,0.10988712310791016,0,4.319334506988525
3888.8000000000657,2.9524731636047363,0.10513829439878464,0,4.333578109741211
3889.600000000066,4.083782196044922,0.08959151059389114,0,4.363295078277588
3890.400000000066,-0.06025857850909233,0.1330181509256363,0,4.4095563888549805
3891.200000000066,-1.8260400295257568,0.10061630606651306,0,4.465190410614014
3892.0000000000664,3.467134952545166,0.09522086381912231,0,4.5178422927856445
3892.8000000000666,4.656965255737305,0.09914810955524445,0,4.556018352508545
3893.6000000000668,4.193007946014404,0.09467773884534836,0,4.570390701293945
3894.400000000067,5.111987113952637,0.09161792695522308,0,4.552077293395996
3895.200000000067,6.54110860824585,0.09397901594638824,0,4.497976779937744
3896.0000000000673,4.8180975914001465,0.10695474594831467,0,4.407116413116455
3896.8000000000675,9.130407333374023,0.08494849503040314,0,4.2871479988098145
3897.6000000000677,7.6663103103637695,0.09271182864904404,0,4.151912689208984
3898.400000000068,9.205038070678711,0.09639579057693481,0,4.0245795249938965
3899.200000000068,4.498354434967041,0.09201980382204056,0,3.9284188747406006
3900.000000000068,1.1938222646713257,0.10179749876260757,0,3.877028703689575
3900.8000000000684,5.942226409912109,0.10317206382751465,0,3.87939453125
3901.6000000000686,0.866060197353363,0.09579398483037949,0,3.934903860092163
3902.4000000000688,0.8192616701126099,0.0995732843875885,0,4.034226894378662
3903.200000000069,5.980456829071045,0.08768855035305023,0,4.160236835479736
3904.000000000069,2.390613555908203,0.11243885010480881,0,4.296968460083008
3904.8000000000693,1.2556304931640625,0.10739316046237946,0,4.427299499511719
3905.6000000000695,7.1781325340271,0.09452652931213379,0,4.538870334625244
3906.4000000000697,5.598540306091309,0.10250599682331085,0,4.620388031005859
3907.20000000007,3.50362229347229,0.11919773370027542,0,4.670473575592041
3908.00000000007,9.960320472717285,0.11614664644002914,0,4.698566913604736
3908.80000000007,2.4173531532287598,0.10305647552013397,0,4.717461109161377
3909.6000000000704,7.577993392944336,0.10927565395832062,0,4.737662315368652
3910.4000000000706,5.384560585021973,0.11019092053174973,0,4.759459018707275
3911.2000000000708,0.7251725196838379,0.10581238567829132,0,4.773303031921387
3912.000000000071,0.007174150086939335,0.09459637850522995,0,4.7646164894104
3912.800000000071,1.5513935089111328,0.09864910691976547,0,4.719145774841309
3913.6000000000713,8.168553352355957,0.09981247037649155,0,4.634864807128906
3914.4000000000715,-1.0438767671585083,0.08169133961200714,0,4.51988410949707
3915.2000000000717,3.966787099838257,0.09285425394773483,0,4.389621257781982
3916.000000000072,4.577841758728027,0.09616291522979736,0,4.265603542327881
3916.800000000072,-1.1405091285705566,0.09589380770921707,0,4.16076135635376
3917.600000000072,2.4810867309570312,0.12099465727806091,0,4.0784125328063965
3918.4000000000724,-2.045865058898926,0.11654599756002426,0,4.016928672790527
3919.2000000000726,-0.37722715735435486,0.11776919662952423,0,3.9737892150878906
3920.0000000000728,1.6373200416564941,0.10195495188236237,0,3.9459898471832275
3920.800000000073,-0.8736615777015686,0.13373593986034393,0,3.9308254718780518
3921.600000000073,6.059389114379883,0.14580343663692474,0,3.9285471439361572
3922.4000000000733,4.6544976234436035,0.11317045986652374,0,3.944610118865967
3923.2000000000735,3.750828981399536,0.13011841475963593,0,3.9867584705352783
3924.0000000000737,5.264225959777832,0.12082456052303314,0,4.057254791259766
3924.800000000074,4.2342939376831055,0.11693821847438812,0,4.156927585601807
3925.600000000074,-0.34959912300109863,0.11437035351991653,0,4.276514530181885
3926.400000000074,9.777175903320312,0.12487421929836273,0,4.396733283996582
3927.2000000000744,7.562699317932129,0.1287941336631775,0,4.50864315032959
3928.0000000000746,-0.7376660704612732,0.15617316961288452,0,4.607541084289551
3928.8000000000748,1.3658751249313354,0.16004601120948792,0,4.685264587402344
3929.600000000075,5.1838459968566895,0.16400720179080963,0,4.740527629852295
3930.400000000075,0.030632920563220978,0.16155217587947845,0,4.772037982940674
3931.2000000000753,5.200296878814697,0.16132590174674988,0,4.778316497802734
3932.0000000000755,2.0715391635894775,0.16207432746887207,0,4.7632060050964355
3932.8000000000757,5.091665267944336,0.1606643795967102,0,4.735496997833252
3933.600000000076,5.819675445556641,0.16772837936878204,0,4.705398082733154
3934.400000000076,4.9131975173950195,0.16751538217067719,0,4.676494121551514
3935.200000000076,3.600569248199463,0.16470670700073242,0,4.646780967712402
3936.0000000000764,4.3080878257751465,0.16036809980869293,0,4.609178066253662
3936.8000000000766,2.346896171569824,0.15335962176322937,0,4.554596900939941
3937.6000000000768,2.9239425659179688,0.1492181122303009,0,4.4807209968566895
3938.400000000077,2.8031113147735596,0.14192551374435425,0,4.394314289093018
3939.200000000077,-0.4490039646625519,0.13254231214523315,0,4.304141044616699
3940.0000000000773,5.30957555770874,0.12480877339839935,0,4.218666076660156
3940.8000000000775,3.4627609252929688,0.12555275857448578,0,4.151994705200195
3941.6000000000777,0.07698950171470642,0.14129509031772614,0,4.1132354736328125
3942.400000000078,6.017428398132324,0.1168377697467804,0,4.1093316078186035
3943.200000000078,0.04681495204567909,0.11306890845298767,0,4.144775867462158
3944.000000000078,3.011305809020996,0.13266275823116302,0,4.21536922454834
3944.8000000000784,5.854012489318848,0.13892382383346558,0,4.305899143218994
3945.6000000000786,6.597538471221924,0.1400577872991562,0,4.396407604217529
3946.4000000000788,5.300342082977295,0.1341722309589386,0,4.4660868644714355
3947.200000000079,6.497602462768555,0.13556228578090668,0,4.497893333435059
3948.000000000079,3.9343583583831787,0.11630638688802719,0,4.4817047119140625
3948.8000000000793,5.819960117340088,0.1272636353969574,0,4.42185640335083
3949.6000000000795,6.156620502471924,0.11742683500051498,0,4.325842380523682
3950.4000000000797,6.467238903045654,0.1296711564064026,0,4.2083587646484375
3951.20000000008,-0.7282769680023193,0.11542307585477829,0,4.083146095275879
3952.00000000008,6.022916793823242,0.12031926959753036,0,3.960015058517456
3952.80000000008,2.9854345321655273,0.12898418307304382,0,3.8523800373077393
3953.6000000000804,0.6868394613265991,0.12056946754455566,0,3.7712290287017822
3954.4000000000806,5.987462043762207,0.1169784739613533,0,3.7274417877197266
3955.2000000000808,8.856901168823242,0.1179535835981369,0,3.7277474403381348
3956.000000000081,5.311583042144775,0.11140009015798569,0,3.7740185260772705
3956.800000000081,-1.2732163667678833,0.10343866795301437,0,3.860769033432007
3957.6000000000813,-0.7431809902191162,0.09958439320325851,0,3.9738707542419434
3958.4000000000815,-0.1594344973564148,0.12091068178415298,0,4.097745895385742
3959.2000000000817,5.82834005355835,0.10150979459285736,0,4.212209224700928
3960.000000000082,6.560524940490723,0.10068997740745544,0,4.30421781539917
3960.800000000082,7.131478786468506,0.10290191322565079,0,4.369848728179932
3961.600000000082,1.3169609308242798,0.1233876571059227,0,4.407837867736816
3962.4000000000824,4.464755535125732,0.13694632053375244,0,4.42659330368042
3963.2000000000826,1.8062586784362793,0.13169193267822266,0,4.434802532196045
3964.0000000000828,5.828973293304443,0.1275877058506012,0,4.439040660858154
3964.800000000083,6.202378273010254,0.13290180265903473,0,4.442480564117432
3965.600000000083,7.3525238037109375,0.13657040894031525,0,4.447092533111572
3966.4000000000833,4.6109514236450195,0.13962072134017944,0,4.453734397888184
3967.2000000000835,2.5070035457611084,0.14388707280158997,0,4.465863227844238
3968.0000000000837,7.575822830200195,0.15364326536655426,0,4.489422798156738
3968.800000000084,4.680564880371094,0.16132041811943054,0,4.5269856452941895
3969.600000000084,6.130430698394775,0.16410982608795166,0,4.576420783996582
3970.400000000084,1.0711861848831177,0.15896570682525635,0,4.628732681274414
3971.2000000000844,5.154845237731934,0.1555744707584381,0,4.67203426361084
3972.0000000000846,6.61646032333374,0.15306106209754944,0,4.695741653442383
3972.8000000000848,7.684691429138184,0.1430250108242035,0,4.698175430297852
3973.600000000085,6.871461868286133,0.13635271787643433,0,4.687070369720459
3974.400000000085,3.2047431468963623,0.13496382534503937,0,4.672938346862793
3975.2000000000853,7.579794406890869,0.13166524469852448,0,4.6629958152771
3976.0000000000855,6.489567756652832,0.12836116552352905,0,4.658080577850342
3976.8000000000857,5.06036901473999,0.13538968563079834,0,4.652833461761475
3977.600000000086,2.5849435329437256,0.13547532260417938,0,4.6406097412109375
3978.400000000086,0.4965381324291229,0.11093856394290924,0,4.618644714355469
3979.200000000086,3.0175557136535645,0.10745295882225037,0,4.5888237953186035
3980.0000000000864,1.866531252861023,0.1266789436340332,0,4.556766986846924
3980.8000000000866,7.252171993255615,0.11708258092403412,0,4.529219627380371
3981.6000000000868,7.2863898277282715,0.11800973862409592,0,4.511371612548828
3982.400000000087,6.638996124267578,0.11957582831382751,0,4.50112771987915
3983.200000000087,-0.6837835311889648,0.11632224172353745,0,4.489997386932373
3984.0000000000873,1.677713394165039,0.11819707602262497,0,4.468753337860107
3984.8000000000875,7.770439624786377,0.1374846249818802,0,4.431108474731445
3985.6000000000877,-1.0516862869262695,0.13053902983665466,0,4.37822151184082
3986.400000000088,1.2305876016616821,0.12939462065696716,0,4.319487571716309
3987.200000000088,8.42730712890625,0.13738639652729034,0,4.270207405090332
3988.000000000088,5.953904628753662,0.1304071694612503,0,4.242127895355225
3988.8000000000884,9.772345542907715,0.12149391323328018,0,4.23725700378418
3989.6000000000886,5.2079572677612305,0.11849411576986313,0,4.252597808837891
3990.4000000000888,5.8213300704956055,0.1194281056523323,0,4.275893688201904
3991.200000000089,2.4549198150634766,0.12473167479038239,0,4.294790267944336
3992.000000000089,-1.801391839981079,0.12284109741449356,0,4.302909851074219
3992.8000000000893,6.697226524353027,0.1309334635734558,0,4.298156261444092
3993.6000000000895,-1.6266956329345703,0.12357595562934875,0,4.285031318664551
3994.4000000000897,4.48557186126709,0.11504478007555008,0,4.270208835601807
3995.20000000009,5.4762067794799805,0.10301109403371811,0,4.258434772491455
3996.00000000009,5.893642902374268,0.11318232119083405,0,4.246455192565918
3996.80000000009,2.178321123123169,0.1300213783979416,0,4.224041938781738
3997.6000000000904,-0.6312021613121033,0.1277465969324112,0,4.1797895431518555
3998.4000000000906,10.096038818359375,0.15137293934822083,0,4.106443881988525
3999.2000000000908,1.6980060338974,0.11907371133565903,0,4.006328105926514
4000.000000000091,6.665017127990723,0.1055116057395935,0,3.8899004459381104
4000.800000000091,4.964687347412109,0.11465742439031601,0,3.7780771255493164
4001.6000000000913,2.2406811714172363,0.11572841554880142,0,3.6838924884796143
4002.4000000000915,1.9566651582717896,0.12461846321821213,0,3.6111843585968018
4003.2000000000917,3.5242362022399902,0.12712107598781586,0,3.555636405944824
4004.000000000092,6.663675785064697,0.1448437124490738,0,3.5111753940582275
4004.800000000092,-1.823409080505371,0.12613695859909058,0,3.4766476154327393
4005.600000000092,2.20587420463562,0.14553219079971313,0,3.4556937217712402
4006.4000000000924,0.7415479421615601,0.13432270288467407,0,3.4511098861694336
4007.2000000000926,7.894845962524414,0.14571687579154968,0,3.461581230163574
4008.0000000000928,3.5735509395599365,0.13487471640110016,0,3.4830944538116455
4008.800000000093,2.2063233852386475,0.13288560509681702,0,3.5102362632751465
4009.600000000093,1.0072907209396362,0.13174983859062195,0,3.5351226329803467
4010.4000000000933,0.11087669432163239,0.1255330890417099,0,3.5533668994903564
4011.2000000000935,5.556097030639648,0.12438270449638367,0,3.5622713565826416
4012.0000000000937,1.5952656269073486,0.11729976534843445,0,3.559445381164551
4012.800000000094,5.049724102020264,0.12621916830539703,0,3.5431108474731445
4013.600000000094,2.8000035285949707,0.1158149316906929,0,3.5124495029449463
4014.400000000094,-1.7436668872833252,0.12117880582809448,0,3.4671714305877686
4015.2000000000944,2.556743621826172,0.13386856019496918,0,3.410433292388916
4016.0000000000946,5.751338958740234,0.1447264701128006,0,3.347576379776001
4016.8000000000948,5.696524620056152,0.12823811173439026,0,3.2851216793060303
4017.600000000095,1.6807920932769775,0.13911844789981842,0,3.230024576187134
4018.400000000095,6.593275547027588,0.13511018455028534,0,3.1871092319488525
4019.2000000000953,3.628812313079834,0.131161630153656,0,3.1540889739990234
4020.0000000000955,3.099641799926758,0.13170750439167023,0,3.1228082180023193
4020.8000000000957,2.68886137008667,0.1342468112707138,0,3.087432861328125
4021.600000000096,4.022622108459473,0.11988111585378647,0,3.0484654903411865
4022.400000000096,0.6557913422584534,0.12761640548706055,0,3.013221263885498
4023.200000000096,0.0772731602191925,0.11756860464811325,0,2.996674060821533
4024.0000000000964,4.107167720794678,0.13599637150764465,0,3.0138919353485107
4024.8000000000966,3.884230375289917,0.140602245926857,0,3.0727016925811768
4025.6000000000968,2.3172271251678467,0.14395712316036224,0,3.1718990802764893
4026.400000000097,8.472343444824219,0.12023390084505081,0,3.3085622787475586
4027.200000000097,6.187098503112793,0.1290416568517685,0,3.467911720275879
4028.0000000000973,4.726073265075684,0.14783728122711182,0,3.6408166885375977
4028.8000000000975,2.30024790763855,0.1301426738500595,0,3.8134031295776367
4029.6000000000977,1.269238829612732,0.12189242988824844,0,3.968674659729004
4030.400000000098,4.1526875495910645,0.1229286640882492,0,4.097935676574707
4031.200000000098,6.261015892028809,0.13636015355587006,0,4.19523286819458
4032.000000000098,7.111523628234863,0.15262363851070404,0,4.269455909729004
4032.8000000000984,7.839146614074707,0.14813020825386047,0,4.333670616149902
4033.6000000000986,5.147481441497803,0.15196239948272705,0,4.398000717163086
4034.4000000000988,2.411374807357788,0.13815638422966003,0,4.471589088439941
4035.200000000099,4.063363075256348,0.12440823763608932,0,4.557833671569824
4036.000000000099,4.691978931427002,0.14018099009990692,0,4.6479716300964355
4036.8000000000993,3.970581293106079,0.1135590672492981,0,4.728756427764893
4037.6000000000995,4.376419544219971,0.12445593625307083,0,4.785165786743164
4038.4000000000997,8.020486831665039,0.13120503723621368,0,4.799764156341553
4039.2000000001,6.588679790496826,0.13662464916706085,0,4.762016773223877
4040.0000000001,4.752429485321045,0.1414816826581955,0,4.673032760620117
4040.8000000001,2.852391481399536,0.13219504058361053,0,4.5400848388671875
4041.6000000001004,-0.2307906299829483,0.12554216384887695,0,4.387738227844238
4042.4000000001006,8.10738754272461,0.12883682548999786,0,4.236992835998535
4043.2000000001008,-0.9986507296562195,0.12312623858451843,0,4.099338054656982
4044.000000000101,8.460862159729004,0.12291016429662704,0,3.993000030517578
4044.800000000101,1.6596152782440186,0.141847625374794,0,3.9140734672546387
4045.6000000001013,4.573564529418945,0.15801449120044708,0,3.8559296131134033
4046.4000000001015,5.1090545654296875,0.15862318873405457,0,3.810657262802124
4047.2000000001017,-2.877218008041382,0.15799939632415771,0,3.7676877975463867
4048.000000000102,-0.2480635792016983,0.12160509824752808,0,3.725215196609497
4048.800000000102,4.352370738983154,0.1377355456352234,0,3.6893720626831055
4049.600000000102,4.156565189361572,0.15778546035289764,0,3.667828321456909
4050.4000000001024,6.735934257507324,0.13772110641002655,0,3.666992664337158
4051.2000000001026,5.289166450500488,0.13245752453804016,0,3.688033103942871
4052.000000000103,2.6861720085144043,0.1373794823884964,0,3.7261710166931152
4052.800000000103,3.786482810974121,0.13174237310886383,0,3.77409029006958
4053.600000000103,9.203349113464355,0.13278841972351074,0,3.8235936164855957
4054.4000000001033,0.44176027178764343,0.1402629017829895,0,3.869948625564575
4055.2000000001035,8.450647354125977,0.14669041335582733,0,3.906280040740967
4056.0000000001037,0.5028116703033447,0.14918577671051025,0,3.9219915866851807
4056.800000000104,3.6215922832489014,0.14707666635513306,0,3.9075095653533936
4057.600000000104,1.6711417436599731,0.14101536571979523,0,3.8575382232666016
4058.4000000001042,4.690901756286621,0.14454172551631927,0,3.7796242237091064
4059.2000000001044,4.65707540512085,0.14302955567836761,0,3.6932504177093506
4060.0000000001046,-0.6589277982711792,0.13253088295459747,0,3.62264347076416
4060.800000000105,2.8045661449432373,0.13299086689949036,0,3.5926427841186523
4061.600000000105,3.5211167335510254,0.12925928831100464,0,3.6190285682678223
4062.400000000105,-3.0043482780456543,0.13866981863975525,0,3.700514078140259
4063.2000000001053,1.7803696393966675,0.14190129935741425,0,3.82586407661438
4064.0000000001055,4.262298583984375,0.14383257925510406,0,3.9748239517211914
4064.8000000001057,5.477637767791748,0.16236069798469543,0,4.130998611450195
4065.600000000106,4.290009021759033,0.14974062144756317,0,4.28606653213501
4066.400000000106,1.7168923616409302,0.1368672102689743,0,4.432122230529785
4067.2000000001062,1.943793773651123,0.13310988247394562,0,4.554632186889648
4068.0000000001064,7.8519697189331055,0.14185728132724762,0,4.6382904052734375
4068.8000000001066,7.279627323150635,0.1354268491268158,0,4.671116828918457
4069.600000000107,6.1105122566223145,0.13212049007415771,0,4.640866756439209
4070.400000000107,-1.8108991384506226,0.10816052556037903,0,4.544848442077637
4071.200000000107,3.737264633178711,0.14860734343528748,0,4.395164489746094
4072.0000000001073,5.366049766540527,0.15295560657978058,0,4.215677738189697
4072.8000000001075,3.31413197517395,0.1519547998905182,0,4.03547477722168
4073.6000000001077,4.092072010040283,0.14358603954315186,0,3.875675916671753
4074.400000000108,6.02609395980835,0.15040479600429535,0,3.753715753555298
4075.200000000108,-1.438414454460144,0.12101653218269348,0,3.682321786880493
4076.0000000001082,8.758991241455078,0.12338462471961975,0,3.6574599742889404
4076.8000000001084,1.0084251165390015,0.12936969101428986,0,3.6697380542755127
4077.6000000001086,1.409996747970581,0.1384870558977127,0,3.71067476272583
4078.400000000109,-0.6538147330284119,0.1315254122018814,0,3.7767672538757324
4079.200000000109,5.348240852355957,0.13380804657936096,0,3.8703174591064453
4080.000000000109,7.845630645751953,0.14569643139839172,0,3.9916257858276367
4080.8000000001093,8.456392288208008,0.13931134343147278,0,4.133429050445557
4081.6000000001095,3.960797071456909,0.13259123265743256,0,4.284214019775391
4082.4000000001097,7.795470714569092,0.13469183444976807,0,4.425044059753418
4083.20000000011,2.4899046421051025,0.1376020461320877,0,4.5322794914245605
4084.00000000011,9.155932426452637,0.14008794724941254,0,4.587789535522461
4084.8000000001102,6.378389358520508,0.1501871794462204,0,4.582266330718994
4085.6000000001104,6.57668924331665,0.14719130098819733,0,4.5171990394592285
4086.4000000001106,-1.4436869621276855,0.12842494249343872,0,4.40352201461792
4087.200000000111,4.093417644500732,0.13947534561157227,0,4.260560035705566
4088.000000000111,6.016570568084717,0.11988108605146408,0,4.109742164611816
4088.800000000111,6.367455005645752,0.11947397887706757,0,3.9655542373657227
4089.6000000001113,1.7785871028900146,0.13304392993450165,0,3.8406524658203125
4090.4000000001115,6.6866278648376465,0.13931450247764587,0,3.7401509284973145
4091.2000000001117,1.4543591737747192,0.13103386759757996,0,3.665604591369629
4092.000000000112,0.4694165289402008,0.1364605575799942,0,3.6217360496520996
4092.800000000112,6.059080600738525,0.14203733205795288,0,3.614335060119629
4093.6000000001122,7.535459518432617,0.13360194861888885,0,3.6500275135040283
4094.4000000001124,4.83859395980835,0.12343813478946686,0,3.7343883514404297
4095.2000000001126,-0.9741056561470032,0.13119186460971832,0,3.865957498550415
4096.000000000113,0.7469558715820312,0.12222246080636978,0,4.034831523895264
4096.800000000113,5.37506628036499,0.11487771570682526,0,4.226572513580322
4097.600000000113,1.6045184135437012,0.14731863141059875,0,4.421267986297607
4098.400000000113,3.724595069885254,0.1131819412112236,0,4.6110124588012695
4099.2000000001135,4.275547027587891,0.13133923709392548,0,4.784416198730469
4100.000000000114,5.526309013366699,0.12066001445055008,0,4.941977024078369
4100.800000000114,3.913841962814331,0.13926897943019867,0,5.085267543792725
4101.600000000114,6.874011039733887,0.168752983212471,0,5.2112321853637695
4102.400000000114,12.020120620727539,0.1517406553030014,0,5.318349838256836
4103.200000000114,7.692239761352539,0.15046536922454834,0,5.402791500091553
4104.000000000115,10.21516227722168,0.12700523436069489,0,5.462461471557617
4104.800000000115,9.036393165588379,0.15302501618862152,0,5.490570068359375
4105.600000000115,5.5447893142700195,0.14666053652763367,0,5.487336158752441
4106.400000000115,8.394843101501465,0.135665163397789,0,5.4555535316467285
4107.200000000115,10.217512130737305,0.12994389235973358,0,5.398175239562988
4108.0000000001155,7.714751720428467,0.13130086660385132,0,5.323300361633301
4108.800000000116,9.403731346130371,0.1470506638288498,0,5.2426066398620605
4109.600000000116,4.722182273864746,0.13039329648017883,0,5.169705390930176
4110.400000000116,10.175599098205566,0.11868291348218918,0,5.116122722625732
4111.200000000116,6.72932767868042,0.13159002363681793,0,5.086641311645508
4112.000000000116,1.9907426834106445,0.13366712629795074,0,5.074324131011963
4112.800000000117,4.622071743011475,0.1369689553976059,0,5.0643744468688965
4113.600000000117,3.290104389190674,0.1307135969400406,0,5.043270111083984
4114.400000000117,5.145755767822266,0.1091010570526123,0,5.003546714782715
4115.200000000117,6.141468524932861,0.12795493006706238,0,4.9522385597229
4116.000000000117,4.0829267501831055,0.13260845839977264,0,4.905421257019043
4116.8000000001175,8.521598815917969,0.13827404379844666,0,4.878844738006592
4117.600000000118,4.382368564605713,0.1247505247592926,0,4.882432460784912
4118.400000000118,11.492545127868652,0.13847842812538147,0,4.91307258605957
4119.200000000118,7.464165687561035,0.13261084258556366,0,4.956188201904297
4120.000000000118,2.4701781272888184,0.14457617700099945,0,4.993157386779785
4120.800000000118,8.514947891235352,0.1578141152858734,0,5.0077691078186035
4121.600000000119,1.0868993997573853,0.15068203210830688,0,4.993188381195068
4122.400000000119,6.404653549194336,0.15616320073604584,0,4.9498701095581055
4123.200000000119,3.205388069152832,0.16430342197418213,0,4.881724834442139
4124.000000000119,4.209569454193115,0.13441255688667297,0,4.793328285217285
4124.800000000119,1.1219404935836792,0.14791059494018555,0,4.691554069519043
4125.6000000001195,4.468323707580566,0.14465917646884918,0,4.583758354187012
4126.40000000012,6.63275146484375,0.12797971069812775,0,4.4814229011535645
4127.20000000012,3.5966365337371826,0.14163485169410706,0,4.390844345092773
4128.00000000012,11.18380069732666,0.1526014357805252,0,4.320038318634033
4128.80000000012,3.450164556503296,0.1511320322751999,0,4.27362585067749
4129.60000000012,2.649752616882324,0.1530369222164154,0,4.251036167144775
4130.400000000121,3.803011417388916,0.15315689146518707,0,4.247910022735596
4131.200000000121,2.864701509475708,0.14416372776031494,0,4.257894992828369
4132.000000000121,5.731856822967529,0.14915139973163605,0,4.273035049438477
4132.800000000121,1.6164668798446655,0.15268255770206451,0,4.2829670906066895
4133.600000000121,4.629231929779053,0.14418932795524597,0,4.281857490539551
4134.4000000001215,4.215590476989746,0.14151500165462494,0,4.271399021148682
4135.200000000122,7.764434814453125,0.15672190487384796,0,4.2595415115356445
4136.000000000122,11.368955612182617,0.13273300230503082,0,4.259232521057129
4136.800000000122,2.775938034057617,0.14554670453071594,0,4.283645153045654
4137.600000000122,5.131534576416016,0.1735079288482666,0,4.340517520904541
4138.400000000122,5.930866718292236,0.1412830352783203,0,4.425724506378174
4139.200000000123,5.41735315322876,0.15497839450836182,0,4.532827854156494
4140.000000000123,2.119389533996582,0.14448559284210205,0,4.650415420532227
4140.800000000123,3.6186304092407227,0.14327888190746307,0,4.7653937339782715
4141.600000000123,4.365011215209961,0.14315468072891235,0,4.863621711730957
4142.400000000123,7.425206661224365,0.1379314810037613,0,4.935977935791016
4143.2000000001235,3.2295849323272705,0.16764657199382782,0,4.982397079467773
4144.000000000124,7.115175247192383,0.16080418229103088,0,5.009887218475342
4144.800000000124,1.8304836750030518,0.1455271691083908,0,5.029567718505859
4145.600000000124,5.220208644866943,0.16118475794792175,0,5.048497676849365
4146.400000000124,4.058094024658203,0.1534055769443512,0,5.066755294799805
4147.200000000124,4.0533599853515625,0.17102526128292084,0,5.081491947174072
4148.000000000125,4.112083435058594,0.1646595001220703,0,5.0883941650390625
4148.800000000125,5.068032741546631,0.15947334468364716,0,5.083038330078125
4149.600000000125,5.198927879333496,0.16597722470760345,0,5.06500244140625
4150.400000000125,8.144051551818848,0.1493815928697586,0,5.036103248596191
4151.200000000125,9.36921215057373,0.13453474640846252,0,4.992282867431641
4152.0000000001255,6.559814453125,0.14837908744812012,0,4.926263332366943
4152.800000000126,4.401456832885742,0.15802517533302307,0,4.833123683929443
4153.600000000126,6.093497276306152,0.14686547219753265,0,4.709172248840332
4154.400000000126,5.336400032043457,0.15720728039741516,0,4.562468528747559
4155.200000000126,3.9743223190307617,0.15701237320899963,0,4.4052958488464355
4156.000000000126,3.7771003246307373,0.14281845092773438,0,4.248943328857422
4156.800000000127,-0.6550204753875732,0.15915602445602417,0,4.107372760772705
4157.600000000127,1.222037434577942,0.15421970188617706,0,4.000245094299316
4158.400000000127,6.2993292808532715,0.15314683318138123,0,3.9395244121551514
4159.200000000127,1.4600063562393188,0.15521354973316193,0,3.9245951175689697
4160.000000000127,5.985682010650635,0.14438483119010925,0,3.949880838394165
4160.8000000001275,6.811486721038818,0.15645991265773773,0,4.009339332580566
4161.600000000128,6.17820930480957,0.1557837575674057,0,4.102794170379639
4162.400000000128,6.48579740524292,0.15112246572971344,0,4.23109769821167
4163.200000000128,3.8803694248199463,0.15007384121418,0,4.389260768890381
4164.000000000128,6.2500386238098145,0.13302567601203918,0,4.573608875274658
4164.800000000128,4.392204761505127,0.12939880788326263,0,4.764523983001709
4165.600000000129,6.421459674835205,0.1491106003522873,0,4.936069488525391
4166.400000000129,6.900632858276367,0.1532469093799591,0,5.075601100921631
4167.200000000129,5.857181549072266,0.1603926420211792,0,5.1640400886535645
4168.000000000129,5.881128311157227,0.14748220145702362,0,5.189284324645996
4168.800000000129,7.028666973114014,0.14464004337787628,0,5.148245811462402
4169.6000000001295,-0.7598880529403687,0.14979976415634155,0,5.0393757820129395
4170.40000000013,5.709263324737549,0.15249145030975342,0,4.871230125427246
4171.20000000013,7.817019939422607,0.15630462765693665,0,4.659282684326172
4172.00000000013,6.890596866607666,0.16405080258846283,0,4.4210309982299805
4172.80000000013,4.104054927825928,0.14447487890720367,0,4.183703422546387
4173.60000000013,4.844634056091309,0.16281576454639435,0,3.9733028411865234
4174.400000000131,-1.7696166038513184,0.1334799826145172,0,3.8213038444519043
4175.200000000131,6.109321594238281,0.15230856835842133,0,3.752995491027832
4176.000000000131,1.522562026977539,0.16347064077854156,0,3.7871673107147217
4176.800000000131,2.6250205039978027,0.1800384372472763,0,3.9486844539642334
4177.600000000131,6.387221813201904,0.1724865585565567,0,4.288201808929443
4178.4000000001315,7.738705158233643,0.1368199735879898,0,4.894814491271973
4179.200000000132,6.021792888641357,0.15902449190616608,0,5.8256144523620605
4180.000000000132,10.603961944580078,0.13823138177394867,0,6.936788558959961
4180.800000000132,9.960531234741211,0.15816710889339447,0,7.770840167999268
4181.600000000132,8.536049842834473,0.1643000990152359,0,8.11573314666748
4182.400000000132,9.80281925201416,0.16021806001663208,0,8.352705001831055
4183.200000000133,13.919633865356445,0.154110386967659,0,8.70692253112793
4184.000000000133,13.822896003723145,0.16588766872882843,0,8.645078659057617
4184.800000000133,6.212281227111816,0.13466104865074158,0,7.749767303466797
4185.600000000133,9.896638870239258,0.14802122116088867,0,6.38172721862793
4186.400000000133,8.795656204223633,0.15817104279994965,0,5.18418025970459
4187.2000000001335,8.976286888122559,0.16457290947437286,0,4.376035213470459
4188.000000000134,4.7615838050842285,0.1463925540447235,0,3.874803304672241
4188.800000000134,3.4959778785705566,0.20060938596725464,0,3.560119152069092
4189.600000000134,4.755059719085693,0.16952703893184662,0,3.363595724105835
4190.400000000134,0.6464619636535645,0.14460226893424988,0,3.2540571689605713
4191.200000000134,8.601964950561523,0.16690680384635925,0,3.2263479232788086
4192.000000000135,1.0357701778411865,0.1795397698879242,0,3.2756617069244385
4192.800000000135,0.17813295125961304,0.1591714322566986,0,3.3954427242279053
4193.600000000135,7.687437534332275,0.15529374778270721,0,3.571497917175293
4194.400000000135,5.616799831390381,0.15073731541633606,0,3.778637409210205
4195.200000000135,4.988542556762695,0.1628783941268921,0,3.9887568950653076
4196.0000000001355,5.739373683929443,0.1592889428138733,0,4.172357082366943
4196.800000000136,3.132807970046997,0.17799794673919678,0,4.304684638977051
4197.600000000136,-0.40874114632606506,0.17346788942813873,0,4.3708109855651855
4198.400000000136,6.635660171508789,0.17629612982273102,0,4.364373207092285
4199.200000000136,6.9365739822387695,0.17340059578418732,0,4.290369510650635
4200.000000000136,6.991318225860596,0.16176752746105194,0,4.168083667755127
4200.800000000137,4.726756572723389,0.17271104454994202,0,4.011404514312744
4201.600000000137,3.559419631958008,0.1784578263759613,0,3.838663101196289
4202.400000000137,2.5755982398986816,0.18578054010868073,0,3.669581174850464
4203.200000000137,3.5478515625,0.1962454468011856,0,3.511317014694214
4204.000000000137,0.4647696018218994,0.15384256839752197,0,3.373455762863159
4204.8000000001375,6.970887660980225,0.16874520480632782,0,3.266141176223755
4205.600000000138,3.027815341949463,0.17732346057891846,0,3.208543539047241
4206.400000000138,0.23354974389076233,0.17231498658657074,0,3.216256618499756
4207.200000000138,6.022264003753662,0.1560923010110855,0,3.294090509414673
4208.000000000138,8.303799629211426,0.1479642242193222,0,3.4358222484588623
4208.800000000138,2.4995787143707275,0.15674598515033722,0,3.632985830307007
4209.600000000139,-0.2832246422767639,0.16140291094779968,0,3.869352340698242
4210.400000000139,4.8693952560424805,0.1737750768661499,0,4.124332427978516
4211.200000000139,8.778388023376465,0.16369692981243134,0,4.373680114746094
4212.000000000139,4.8893561363220215,0.1722186803817749,0,4.589852809906006
4212.800000000139,5.058661460876465,0.1782269924879074,0,4.754411697387695
4213.6000000001395,7.603485584259033,0.1884782910346985,0,4.850620746612549
4214.40000000014,3.0984272956848145,0.16900086402893066,0,4.872109413146973
4215.20000000014,4.5510334968566895,0.17107443511486053,0,4.831171989440918
4216.00000000014,7.3334059715271,0.17699313163757324,0,4.753834247589111
4216.80000000014,4.049875736236572,0.15962061285972595,0,4.671713352203369
4217.60000000014,2.8468964099884033,0.15881666541099548,0,4.6091485023498535
4218.400000000141,-0.10421908646821976,0.16098855435848236,0,4.577789783477783
4219.200000000141,2.3631515502929688,0.17450059950351715,0,4.5754876136779785
4220.000000000141,6.297544479370117,0.16759267449378967,0,4.58994722366333
4220.800000000141,4.441444396972656,0.16956967115402222,0,4.607091426849365
4221.600000000141,5.532808780670166,0.1678760051727295,0,4.616715908050537
4222.4000000001415,5.013652324676514,0.16827896237373352,0,4.613868236541748
4223.200000000142,3.263894557952881,0.15735803544521332,0,4.596463203430176
4224.000000000142,7.557468891143799,0.16222016513347626,0,4.565729141235352
4224.800000000142,6.31529426574707,0.16270606219768524,0,4.519842147827148
4225.600000000142,2.9457931518554688,0.17820581793785095,0,4.4638543128967285
4226.400000000142,7.89697265625,0.18870072066783905,0,4.408701419830322
4227.200000000143,-2.0992493629455566,0.23625029623508453,0,4.364376544952393
4228.000000000143,1.7206658124923706,0.22993136942386627,0,4.347782611846924
4228.800000000143,-0.018438221886754036,0.22101758420467377,0,4.368432998657227
4229.600000000143,9.377196311950684,0.1718488335609436,0,4.437495231628418
4230.400000000143,3.315429925918579,0.15591925382614136,0,4.544053554534912
4231.2000000001435,1.3340123891830444,0.15791185200214386,0,4.6844482421875
4232.000000000144,9.173826217651367,0.16773757338523865,0,4.845452785491943
4232.800000000144,7.85814094543457,0.1661229282617569,0,5.015138149261475
4233.600000000144,6.953531742095947,0.17294664680957794,0,5.186240196228027
4234.400000000144,8.641313552856445,0.18964053690433502,0,5.343753814697266
4235.200000000144,5.929379463195801,0.1783025711774826,0,5.4852986335754395
4236.000000000145,5.595762729644775,0.18088963627815247,0,5.615633487701416
4236.800000000145,4.397356033325195,0.1986316442489624,0,5.739200592041016
4237.600000000145,5.18025541305542,0.1933119297027588,0,5.863339900970459
4238.400000000145,9.578866004943848,0.17208676040172577,0,5.995330333709717
4239.200000000145,4.596179008483887,0.17715366184711456,0,6.135901927947998
4240.0000000001455,4.072189807891846,0.17307229340076447,0,6.2777204513549805
4240.800000000146,11.38204288482666,0.1667799949645996,0,6.407201290130615
4241.600000000146,7.451853275299072,0.15266989171504974,0,6.511071681976318
4242.400000000146,10.120007514953613,0.18078204989433289,0,6.579501152038574
4243.200000000146,1.9700202941894531,0.18523886799812317,0,6.603201866149902
4244.000000000146,3.2865545749664307,0.1837792992591858,0,6.584471702575684
4244.800000000147,5.680855751037598,0.16697925329208374,0,6.526734352111816
4245.600000000147,7.315853118896484,0.15810328722000122,0,6.429077625274658
4246.400000000147,5.144162654876709,0.15641672909259796,0,6.29349946975708
4247.200000000147,0.7043009996414185,0.1614631861448288,0,6.123645305633545
4248.000000000147,7.133898735046387,0.1797582507133484,0,5.927171230316162
4248.8000000001475,1.9419851303100586,0.18164807558059692,0,5.723079681396484
4249.600000000148,3.76002836227417,0.15698152780532837,0,5.531637668609619
4250.400000000148,6.491570472717285,0.17879492044448853,0,5.363348960876465
4251.200000000148,3.9283487796783447,0.17877881228923798,0,5.22704553604126
4252.000000000148,7.172497749328613,0.17201383411884308,0,5.122755527496338
4252.800000000148,-1.240490198135376,0.15992602705955505,0,5.037591457366943
4253.600000000149,0.8119538426399231,0.16462258994579315,0,4.959631443023682
4254.400000000149,6.107650279998779,0.158446803689003,0,4.876955986022949
4255.200000000149,4.716148376464844,0.20025815069675446,0,4.7767462730407715
4256.000000000149,5.187566757202148,0.19290854036808014,0,4.653078556060791
4256.800000000149,6.011805057525635,0.1452648788690567,0,4.50974178314209
4257.6000000001495,2.81200909614563,0.16896069049835205,0,4.355471134185791
4258.40000000015,1.6174507141113281,0.1757667362689972,0,4.209390163421631
4259.20000000015,6.307514667510986,0.16891244053840637,0,4.092342853546143
4260.00000000015,4.538921356201172,0.1874416321516037,0,4.017662525177002
4260.80000000015,4.707069396972656,0.19647398591041565,0,3.9890036582946777
4261.60000000015,4.718916893005371,0.19870513677597046,0,4.009831428527832
4262.400000000151,1.8342735767364502,0.204547718167305,0,4.090081691741943
4263.200000000151,2.1488966941833496,0.16903099417686462,0,4.233705520629883
4264.000000000151,9.194343566894531,0.14651533961296082,0,4.442752361297607
4264.800000000151,6.847043037414551,0.167417973279953,0,4.701837062835693
4265.600000000151,3.6542646884918213,0.17335547506809235,0,4.976075649261475
4266.4000000001515,-0.3402698040008545,0.16896671056747437,0,5.239311695098877
4267.200000000152,7.560258388519287,0.16647131741046906,0,5.471740245819092
4268.000000000152,3.83087420463562,0.1748778522014618,0,5.658087730407715
4268.800000000152,4.605913162231445,0.16978506743907928,0,5.790874004364014
4269.600000000152,8.11539077758789,0.1769706755876541,0,5.8780364990234375
4270.400000000152,6.978670120239258,0.17264188826084137,0,5.934428691864014
4271.200000000153,6.17615270614624,0.1795688271522522,0,5.975024700164795
4272.000000000153,5.520928382873535,0.20526787638664246,0,6.009262561798096
4272.800000000153,7.05743408203125,0.23029597103595734,0,6.038179397583008
4273.600000000153,7.30000638961792,0.19925294816493988,0,6.055854320526123
4274.400000000153,2.6234729290008545,0.19805985689163208,0,6.051492691040039
4275.2000000001535,6.1571502685546875,0.1913096010684967,0,6.016728401184082
4276.000000000154,1.3943167924880981,0.1607944518327713,0,5.945948123931885
4276.800000000154,7.504918098449707,0.1819983571767807,0,5.840656280517578
4277.600000000154,0.7175055742263794,0.17708958685398102,0,5.70764684677124
4278.400000000154,9.971375465393066,0.17184948921203613,0,5.563775062561035
4279.200000000154,0.7446242570877075,0.1623820811510086,0,5.4199419021606445
4280.000000000155,4.794996738433838,0.1832316368818283,0,5.285375118255615
4280.800000000155,11.698580741882324,0.17319396138191223,0,5.173783779144287
4281.600000000155,7.945865631103516,0.1941431164741516,0,5.0860114097595215
4282.400000000155,2.478166103363037,0.18560005724430084,0,5.01535701751709
4283.200000000155,4.339394569396973,0.18796752393245697,0,4.954864025115967
4284.0000000001555,3.8093008995056152,0.1844051331281662,0,4.893581867218018
4284.800000000156,4.6304545402526855,0.18879254162311554,0,4.824018478393555
4285.600000000156,5.374810218811035,0.17727912962436676,0,4.751520156860352
4286.400000000156,2.503589630126953,0.200309619307518,0,4.683683395385742
4287.200000000156,7.045966625213623,0.18741126358509064,0,4.625303268432617
4288.000000000156,6.372014999389648,0.19103436172008514,0,4.573610782623291
4288.800000000157,2.7135305404663086,0.17650271952152252,0,4.5188517570495605
4289.600000000157,3.7011494636535645,0.16130401194095612,0,4.450083255767822
4290.400000000157,1.0095611810684204,0.20668914914131165,0,4.362671852111816
4291.200000000157,-0.9738989472389221,0.22565461695194244,0,4.261733531951904
4292.000000000157,2.362949848175049,0.2117777019739151,0,4.156773567199707
4292.8000000001575,4.032028675079346,0.18692979216575623,0,4.0554094314575195
4293.600000000158,6.338894367218018,0.18715111911296844,0,3.966236114501953
4294.400000000158,3.095439910888672,0.19980388879776,0,3.886674642562866
4295.200000000158,4.065235614776611,0.1848783791065216,0,3.808429479598999
4296.000000000158,1.4728219509124756,0.20177456736564636,0,3.7227354049682617
4296.800000000158,3.4864816665649414,0.19347277283668518,0,3.6198484897613525
4297.600000000159,2.9752306938171387,0.2084999531507492,0,3.499518632888794
4298.400000000159,2.5551695823669434,0.20136216282844543,0,3.3687825202941895
4299.200000000159,2.251143217086792,0.19961273670196533,0,3.235294818878174
4300.000000000159,1.6926937103271484,0.20561003684997559,0,3.1168899536132812
4300.800000000159,1.9142292737960815,0.22309383749961853,0,3.0328187942504883
4301.6000000001595,6.8609538078308105,0.22394946217536926,0,2.994630813598633
4302.40000000016,1.9555963277816772,0.24553731083869934,0,2.998858690261841
4303.20000000016,3.093142032623291,0.23006680607795715,0,3.0282480716705322
4304.00000000016,5.761410713195801,0.24011141061782837,0,3.0683610439300537
4304.80000000016,6.0118279457092285,0.1877410113811493,0,3.1135001182556152
4305.60000000016,1.70773184299469,0.20929673314094543,0,3.171457290649414
4306.400000000161,1.943150281906128,0.22910310328006744,0,3.256793260574341
4307.200000000161,5.90877103805542,0.21800445020198822,0,3.3754560947418213
4308.000000000161,5.138896465301514,0.21424436569213867,0,3.5256574153900146
4308.800000000161,5.311017990112305,0.2284218966960907,0,3.699185848236084
4309.600000000161,1.6815346479415894,0.24361899495124817,0,3.895369529724121
4310.4000000001615,-1.3353303670883179,0.21650153398513794,0,4.106031894683838
4311.200000000162,2.188615083694458,0.20732514560222626,0,4.3196797370910645
4312.000000000162,4.6770806312561035,0.2108543962240219,0,4.520890712738037
4312.800000000162,2.5326201915740967,0.19258712232112885,0,4.701923370361328
4313.600000000162,2.6256465911865234,0.22063954174518585,0,4.858335018157959
4314.400000000162,5.087840557098389,0.18652546405792236,0,4.989952087402344
4315.200000000163,2.8809783458709717,0.1668800562620163,0,5.099918365478516
4316.000000000163,4.195790767669678,0.16984222829341888,0,5.1905107498168945
4316.800000000163,7.782671928405762,0.17061634361743927,0,5.263181209564209
4317.600000000163,0.20769549906253815,0.19062836468219757,0,5.318558692932129
4318.400000000163,3.1613759994506836,0.1824556142091751,0,5.360511302947998
4319.2000000001635,4.759042739868164,0.16848981380462646,0,5.393075466156006
4320.000000000164,4.120275497436523,0.18744850158691406,0,5.420372009277344
4320.800000000164,5.587986469268799,0.16636334359645844,0,5.445584774017334
4321.600000000164,-0.4278038740158081,0.16463597118854523,0,5.46554708480835
4322.400000000164,1.2679294347763062,0.16072393953800201,0,5.473850727081299
4323.200000000164,4.165613174438477,0.17867213487625122,0,5.463651180267334
4324.000000000165,5.1455488204956055,0.17579808831214905,0,5.429713726043701
4324.800000000165,1.3536653518676758,0.18202373385429382,0,5.371844291687012
4325.600000000165,2.8665502071380615,0.18731574714183807,0,5.291469097137451
4326.400000000165,3.47731614112854,0.20513804256916046,0,5.2007012367248535
4327.200000000165,2.545527935028076,0.1898987591266632,0,5.110830307006836
4328.0000000001655,3.8687937259674072,0.1686117947101593,0,5.025511741638184
4328.800000000166,4.71097993850708,0.16962352395057678,0,4.957828998565674
4329.600000000166,4.446179389953613,0.15095628798007965,0,4.918234825134277
4330.400000000166,6.934755325317383,0.16840797662734985,0,4.915727615356445
4331.200000000166,7.111011028289795,0.13245996832847595,0,4.955023288726807
4332.000000000166,6.595581531524658,0.1550537347793579,0,5.032569885253906
4332.800000000167,2.2620537281036377,0.14309626817703247,0,5.132457256317139
4333.600000000167,6.995675086975098,0.1414889395236969,0,5.237145900726318
4334.400000000167,3.674386978149414,0.1307695358991623,0,5.32997989654541
4335.200000000167,6.211357116699219,0.12343784421682358,0,5.39597749710083
4336.000000000167,3.6599299907684326,0.12200869619846344,0,5.430934906005859
4336.8000000001675,8.591121673583984,0.11988340318202972,0,5.437750339508057
4337.600000000168,9.244778633117676,0.1299416571855545,0,5.420814514160156
4338.400000000168,1.7861816883087158,0.13380171358585358,0,5.385964393615723
4339.200000000168,7.4189534187316895,0.12773746252059937,0,5.33778190612793
4340.000000000168,4.932807445526123,0.1260852962732315,0,5.277603626251221
4340.800000000168,4.246509075164795,0.11899486929178238,0,5.207296848297119
4341.600000000169,1.9392399787902832,0.1298767328262329,0,5.13209867477417
4342.400000000169,7.306568145751953,0.11335626989603043,0,5.056539535522461
4343.200000000169,1.4077255725860596,0.09293539077043533,0,4.989871978759766
4344.000000000169,9.0095853805542,0.10086290538311005,0,4.947525978088379
4344.800000000169,7.5804972648620605,0.09407997131347656,0,4.937075614929199
4345.6000000001695,7.315174579620361,0.08369433134794235,0,4.9567108154296875
4346.40000000017,-0.6154902577400208,0.10114433616399765,0,4.997095108032227
4347.20000000017,1.3422027826309204,0.07809443026781082,0,5.040473937988281
4348.00000000017,6.982422351837158,0.07262565940618515,0,5.064847469329834
4348.80000000017,0.6241196393966675,0.07364489138126373,0,5.057363510131836
4349.60000000017,-0.8454435467720032,0.06955341249704361,0,5.01751184463501
4350.400000000171,5.444185256958008,0.07076118141412735,0,4.955132484436035
4351.200000000171,2.4149203300476074,0.06622076779603958,0,4.886963844299316
4352.000000000171,4.578044414520264,0.062283795326948166,0,4.829727649688721
4352.800000000171,0.3502495288848877,0.07578782737255096,0,4.78680419921875
4353.600000000171,4.126715660095215,0.06876146048307419,0,4.752285003662109
4354.4000000001715,-1.2452877759933472,0.06520747393369675,0,4.716373443603516
4355.200000000172,3.709848642349243,0.06541241705417633,0,4.6707844734191895
4356.000000000172,2.3330399990081787,0.0680614486336708,0,4.6106672286987305
4356.800000000172,9.011638641357422,0.057849638164043427,0,4.533206462860107
4357.600000000172,1.775832176208496,0.05576692149043083,0,4.435274600982666
4358.400000000172,5.673971652984619,0.044382594525814056,0,4.320422649383545
4359.200000000173,6.461843967437744,0.05101754888892174,0,4.195825576782227
4360.000000000173,5.95232629776001,0.04658358171582222,0,4.088943004608154
4360.800000000173,8.760051727294922,0.054668813943862915,0,4.035939693450928
4361.600000000173,3.62607479095459,0.057879336178302765,0,4.05446195602417
4362.400000000173,3.036722183227539,0.06089348718523979,0,4.135335445404053
4363.2000000001735,4.08367395401001,0.052699193358421326,0,4.233911991119385
4364.000000000174,7.351744651794434,0.06420614570379257,0,4.326205730438232
4364.800000000174,3.5274181365966797,0.06608487665653229,0,4.4034905433654785
4365.600000000174,-1.9729915857315063,0.06778690218925476,0,4.481899261474609
4366.400000000174,2.0940420627593994,0.07667183876037598,0,4.589681148529053
4367.200000000174,8.89846420288086,0.06554657965898514,0,4.724277973175049
4368.000000000175,3.3415699005126953,0.06959487497806549,0,4.861474990844727
4368.800000000175,10.351868629455566,0.07998418062925339,0,4.9899749755859375
4369.600000000175,-0.7471499443054199,0.08119791001081467,0,5.106244087219238
4370.400000000175,9.869576454162598,0.08820638805627823,0,5.211123466491699
4371.200000000175,9.952469825744629,0.08156658709049225,0,5.3041276931762695
4372.0000000001755,4.807182312011719,0.0821419507265091,0,5.385015964508057
4372.800000000176,-4.311810493469238,0.09742830693721771,0,5.4495015144348145
4373.600000000176,3.8792977333068848,0.07828798145055771,0,5.494652271270752
4374.400000000176,5.395273685455322,0.10186115652322769,0,5.521845817565918
4375.200000000176,1.421842098236084,0.09899947047233582,0,5.535122394561768
4376.000000000176,6.428728103637695,0.08548697084188461,0,5.537116527557373
4376.800000000177,6.954998970031738,0.0909755751490593,0,5.527853012084961
4377.600000000177,4.375590801239014,0.10826339572668076,0,5.507024765014648
4378.400000000177,3.108147144317627,0.08899632841348648,0,5.474654197692871
4379.200000000177,0.9591392278671265,0.08740219473838806,0,5.438673496246338
4380.000000000177,5.3331217765808105,0.114616759121418,0,5.412422180175781
4380.8000000001775,3.619025945663452,0.10401815176010132,0,5.410547256469727
4381.600000000178,7.744321823120117,0.12512266635894775,0,5.443910598754883
4382.400000000178,8.605385780334473,0.12108802050352097,0,5.520467758178711
4383.200000000178,5.100785732269287,0.11625716835260391,0,5.641210079193115
4384.000000000178,4.341681480407715,0.10916262865066528,0,5.796228885650635
4384.800000000178,5.207967758178711,0.12144389748573303,0,5.964108943939209
4385.600000000179,4.318440914154053,0.14080291986465454,0,6.132890224456787
4386.400000000179,5.385346412658691,0.12486343085765839,0,6.289259910583496
4387.200000000179,8.813268661499023,0.12813061475753784,0,6.421516418457031
4388.000000000179,11.085816383361816,0.12218456715345383,0,6.52514123916626
4388.800000000179,10.329568862915039,0.12885379791259766,0,6.595847129821777
4389.6000000001795,9.220681190490723,0.141620472073555,0,6.634181976318359
4390.40000000018,6.594090461730957,0.14483237266540527,0,6.639923095703125
4391.20000000018,3.8328263759613037,0.13322868943214417,0,6.612142562866211
4392.00000000018,2.990385055541992,0.14255216717720032,0,6.554859638214111
4392.80000000018,8.766207695007324,0.1209297776222229,0,6.472507953643799
4393.60000000018,6.553673267364502,0.14418724179267883,0,6.369737148284912
4394.400000000181,1.7175698280334473,0.1331469565629959,0,6.249346733093262
4395.200000000181,3.2162368297576904,0.16540932655334473,0,6.116454601287842
4396.000000000181,3.670433282852173,0.16179300844669342,0,5.975235939025879
4396.800000000181,2.4443793296813965,0.1531059443950653,0,5.832919120788574
4397.600000000181,3.5304808616638184,0.1587233692407608,0,5.697066783905029
4398.4000000001815,0.40203896164894104,0.15595661103725433,0,5.577665328979492
4399.200000000182,4.263832092285156,0.14056609570980072,0,5.486027717590332
4400.000000000182,5.815382957458496,0.16116712987422943,0,5.42028284072876
4400.800000000182,1.575494647026062,0.16145043075084686,0,5.3744215965271
4401.600000000182,8.948619842529297,0.16625556349754333,0,5.335806369781494
4402.400000000182,0.8089402914047241,0.15466821193695068,0,5.288043975830078
4403.200000000183,5.649775981903076,0.15741156041622162,0,5.2144975662231445
4404.000000000183,3.5530340671539307,0.16752539575099945,0,5.103235244750977
4404.800000000183,5.180580139160156,0.18084721267223358,0,4.95286750793457
4405.600000000183,4.161267280578613,0.22415083646774292,0,4.770966053009033
4406.400000000183,3.5349280834198,0.20310164988040924,0,4.561223983764648
4407.2000000001835,3.271068572998047,0.16645023226737976,0,4.3229851722717285
4408.000000000184,0.5365017652511597,0.18579831719398499,0,4.076605319976807
4408.800000000184,1.6022001504898071,0.17693941295146942,0,3.830430507659912
4409.600000000184,3.209376811981201,0.17771030962467194,0,3.594196319580078
4410.400000000184,2.476090669631958,0.18472421169281006,0,3.371556043624878
4411.200000000184,-0.1336612105369568,0.16722118854522705,0,3.1723008155822754
4412.000000000185,3.1894378662109375,0.16457326710224152,0,3.0140182971954346
4412.800000000185,2.6691012382507324,0.15390275418758392,0,2.908338785171509
4413.600000000185,4.343374729156494,0.16691206395626068,0,2.868452548980713
4414.400000000185,3.873262882232666,0.17622250318527222,0,2.90171480178833
4415.200000000185,-2.5606021881103516,0.17786948382854462,0,3.0045344829559326
4416.0000000001855,2.2482943534851074,0.19033479690551758,0,3.163881778717041
4416.800000000186,1.144066333770752,0.19792765378952026,0,3.361578941345215
4417.600000000186,1.784032940864563,0.19273342192173004,0,3.586845636367798
4418.400000000186,-0.7037693858146667,0.17636868357658386,0,3.824049472808838
4419.200000000186,1.6554700136184692,0.17375050485134125,0,4.048178195953369
4420.000000000186,3.603536367416382,0.18914489448070526,0,4.256323337554932
4420.800000000187,6.270355224609375,0.17042621970176697,0,4.437699794769287
4421.600000000187,3.9435465335845947,0.18289124965667725,0,4.589944362640381
4422.400000000187,1.236464500427246,0.17119549214839935,0,4.715339183807373
4423.200000000187,4.671459674835205,0.20674103498458862,0,4.821169376373291
4424.000000000187,4.5340094566345215,0.19949871301651,0,4.9197845458984375
4424.8000000001875,3.4190855026245117,0.19351211190223694,0,5.023743152618408
4425.600000000188,3.9450464248657227,0.18821223080158234,0,5.13762092590332
4426.400000000188,3.1107900142669678,0.21124044060707092,0,5.259405612945557
4427.200000000188,5.071115493774414,0.20378001034259796,0,5.381682872772217
4428.000000000188,2.0294036865234375,0.20498299598693848,0,5.494748592376709
4428.800000000188,2.676055431365967,0.18934424221515656,0,5.593395233154297
4429.600000000189,3.55505633354187,0.16571597754955292,0,5.679466247558594
4430.400000000189,2.7777888774871826,0.17916734516620636,0,5.757096767425537
4431.200000000189,7.212110996246338,0.18925364315509796,0,5.828261375427246
4432.000000000189,9.083730697631836,0.18022982776165009,0,5.893290996551514
4432.800000000189,3.6615703105926514,0.16808649897575378,0,5.95063591003418
4433.6000000001895,3.8207242488861084,0.18436691164970398,0,5.995670318603516
4434.40000000019,6.265620708465576,0.20758956670761108,0,6.026299476623535
4435.20000000019,2.4687259197235107,0.2026814967393875,0,6.044329643249512
4436.00000000019,4.565905570983887,0.2026441991329193,0,6.048524379730225
4436.80000000019,5.808597564697266,0.2108740508556366,0,6.034765243530273
4437.60000000019,2.1782774925231934,0.19174538552761078,0,5.998781681060791
4438.400000000191,6.091226100921631,0.20676177740097046,0,5.941246032714844
4439.200000000191,2.671294927597046,0.18794231116771698,0,5.866466522216797
4440.000000000191,8.323812484741211,0.17672404646873474,0,5.775766372680664
4440.800000000191,9.237239837646484,0.17218557000160217,0,5.670914649963379
4441.600000000191,7.415314674377441,0.198903426527977,0,5.542956829071045
4442.4000000001915,8.097990036010742,0.17461223900318146,0,5.379668235778809
4443.200000000192,4.208408355712891,0.22477145493030548,0,5.178515434265137
4444.000000000192,5.824619293212891,0.20527738332748413,0,4.943739891052246
4444.800000000192,2.7317986488342285,0.21314826607704163,0,4.685608863830566
4445.600000000192,4.1790947914123535,0.18408313393592834,0,4.414756774902344
4446.400000000192,4.761528491973877,0.2035544365644455,0,4.140284538269043
4447.200000000193,1.3459265232086182,0.1793355494737625,0,3.8656678199768066
4448.000000000193,4.228132247924805,0.1963135153055191,0,3.594970703125
4448.800000000193,4.81110954284668,0.17208059132099152,0,3.3266501426696777
4449.600000000193,0.9510037302970886,0.17982198297977448,0,3.064211368560791
4450.400000000193,2.2341835498809814,0.19029675424098969,0,2.824206829071045
4451.2000000001935,6.820598602294922,0.21599428355693817,0,2.638028144836426
4452.000000000194,0.294252872467041,0.21738716959953308,0,2.5317881107330322
4452.800000000194,1.8107507228851318,0.18594303727149963,0,2.5225319862365723
4453.600000000194,4.1850409507751465,0.18236221373081207,0,2.5963141918182373
4454.400000000194,1.8145945072174072,0.22200262546539307,0,2.7163941860198975
4455.200000000194,3.715975522994995,0.18467359244823456,0,2.8625667095184326
4456.000000000195,1.8516045808792114,0.20195981860160828,0,3.0189788341522217
4456.800000000195,-0.3170698881149292,0.21653370559215546,0,3.2012619972229004
4457.600000000195,1.996627688407898,0.22359821200370789,0,3.4364547729492188
4458.400000000195,12.494937896728516,0.21878622472286224,0,3.7176413536071777
4459.200000000195,1.670710802078247,0.2122054100036621,0,4.026721477508545
4460.0000000001955,7.373313903808594,0.19038346409797668,0,4.348844528198242
4460.800000000196,3.210085391998291,0.1962408721446991,0,4.678980827331543
4461.600000000196,5.325858116149902,0.2099950909614563,0,5.000788688659668
4462.400000000196,9.285688400268555,0.197198748588562,0,5.304748058319092
4463.200000000196,5.1780571937561035,0.19274169206619263,0,5.585799217224121
4464.000000000196,4.592991352081299,0.1853344887495041,0,5.8390398025512695
4464.800000000197,4.751401424407959,0.17911601066589355,0,6.058721542358398
4465.600000000197,4.8009867668151855,0.1946111023426056,0,6.2363810539245605
4466.400000000197,6.964410781860352,0.19120323657989502,0,6.376450061798096
4467.200000000197,3.040750026702881,0.19080610573291779,0,6.486593723297119
4468.000000000197,7.931094169616699,0.17423409223556519,0,6.575929641723633
4468.8000000001975,8.007840156555176,0.20753735303878784,0,6.65791654586792
4469.600000000198,6.458937168121338,0.17697691917419434,0,6.741754531860352
4470.400000000198,5.222420692443848,0.19733506441116333,0,6.832215785980225
4471.200000000198,5.077035903930664,0.1976260393857956,0,6.9311676025390625
4472.000000000198,10.379256248474121,0.19546525180339813,0,7.032142162322998
4472.800000000198,7.631599426269531,0.20009785890579224,0,7.128665924072266
4473.600000000199,8.454567909240723,0.18540190160274506,0,7.216348171234131
4474.400000000199,9.456588745117188,0.17971177399158478,0,7.287186145782471
4475.200000000199,12.538117408752441,0.1620476394891739,0,7.33877420425415
4476.000000000199,8.667569160461426,0.1893843561410904,0,7.373492240905762
4476.800000000199,5.857375621795654,0.2218160778284073,0,7.395223617553711
4477.6000000001995,5.154170513153076,0.19550733268260956,0,7.408872127532959
4478.4000000002,9.655728340148926,0.1799679845571518,0,7.417181015014648
4479.2000000002,8.018199920654297,0.19205035269260406,0,7.417000770568848
4480.0000000002,3.510882616043091,0.1953684240579605,0,7.405245304107666
4480.8000000002,6.98420524597168,0.16722509264945984,0,7.3836798667907715
4481.6000000002,9.072113990783691,0.20972630381584167,0,7.355349063873291
4482.400000000201,7.335978984832764,0.22143524885177612,0,7.327869892120361
4483.200000000201,9.897624015808105,0.2077159732580185,0,7.311208724975586
4484.000000000201,7.759149074554443,0.20040708780288696,0,7.313691139221191
4484.800000000201,3.761577844619751,0.19536152482032776,0,7.340648651123047
4485.600000000201,6.8390607833862305,0.19712425768375397,0,7.394331455230713
4486.4000000002015,6.175893306732178,0.19685527682304382,0,7.469797611236572
4487.200000000202,7.9453125,0.19148512184619904,0,7.554194927215576
4488.000000000202,7.163222789764404,0.19472496211528778,0,7.634058952331543
4488.800000000202,11.480422973632812,0.19271095097064972,0,7.695478439331055
4489.600000000202,7.593908786773682,0.19823312759399414,0,7.7279133796691895
4490.400000000202,5.911307334899902,0.20834346115589142,0,7.728633403778076
4491.200000000203,5.907041072845459,0.19561289250850677,0,7.699581146240234
4492.000000000203,7.169938564300537,0.1847470998764038,0,7.6475830078125
4492.800000000203,3.4181158542633057,0.18552616238594055,0,7.588143825531006
4493.600000000203,9.406119346618652,0.19495773315429688,0,7.5395379066467285
4494.400000000203,5.53388786315918,0.17615994811058044,0,7.5171403884887695
4495.2000000002035,9.586324691772461,0.1981533318758011,0,7.52971887588501
4496.000000000204,3.8064136505126953,0.1862364262342453,0,7.5737223625183105
4496.800000000204,6.629693031311035,0.1850016713142395,0,7.634629726409912
4497.600000000204,5.189638137817383,0.1939292550086975,0,7.693057537078857
4498.400000000204,9.45664119720459,0.18230019509792328,0,7.736181735992432
4499.200000000204,6.082467079162598,0.1796681135892868,0,7.758213996887207
4500.000000000205,10.317506790161133,0.1866980344057083,0,7.761049747467041
4500.800000000205,6.503876686096191,0.19311906397342682,0,7.754300117492676
4501.600000000205,1.6568453311920166,0.20378649234771729,0,7.746784687042236
4502.400000000205,11.073408126831055,0.20678119361400604,0,7.745176792144775
4503.200000000205,9.871725082397461,0.18439845740795135,0,7.752635478973389
4504.000000000206,10.330526351928711,0.18469223380088806,0,7.76759672164917
4504.800000000206,11.096268653869629,0.20696869492530823,0,7.788240432739258
4505.600000000206,4.525141716003418,0.17979422211647034,0,7.814877986907959
4506.400000000206,5.252604961395264,0.1998811960220337,0,7.847433567047119
4507.200000000206,8.41291332244873,0.16809262335300446,0,7.886982440948486
4508.0000000002065,11.697554588317871,0.19004438817501068,0,7.935205459594727
4508.800000000207,10.06725788116455,0.19171744585037231,0,7.989678382873535
4509.600000000207,6.651637554168701,0.18355511128902435,0,8.043359756469727
4510.400000000207,5.8035664558410645,0.19511131942272186,0,8.08877944946289
4511.200000000207,5.772736072540283,0.18895862996578217,0,8.116281509399414
4512.000000000207,11.265405654907227,0.21038256585597992,0,8.117910385131836
4512.800000000208,8.097694396972656,0.17388707399368286,0,8.093742370605469
4513.600000000208,4.218502998352051,0.19693483412265778,0,8.049633026123047
4514.400000000208,11.260181427001953,0.20963899791240692,0,7.997408390045166
4515.200000000208,8.40533447265625,0.225606769323349,0,7.951976776123047
4516.000000000208,9.244425773620605,0.18994824588298798,0,7.923558235168457
4516.8000000002085,10.43536376953125,0.18936096131801605,0,7.910073757171631
4517.600000000209,7.713156223297119,0.15902204811573029,0,7.898906230926514
4518.400000000209,4.036462306976318,0.1924501359462738,0,7.874818325042725
4519.200000000209,12.332874298095703,0.21286827325820923,0,7.8177947998046875
4520.000000000209,5.771612644195557,0.16624784469604492,0,7.718288421630859
4520.800000000209,6.047744274139404,0.1966705471277237,0,7.579392433166504
4521.60000000021,8.456650733947754,0.1814076006412506,0,7.418185234069824
4522.40000000021,8.22298526763916,0.2000514417886734,0,7.2607622146606445
4523.20000000021,11.663155555725098,0.18591521680355072,0,7.130635738372803
4524.00000000021,9.542230606079102,0.18963323533535004,0,7.054628372192383
4524.80000000021,6.620572090148926,0.18934941291809082,0,7.0418901443481445
4525.6000000002105,4.967390537261963,0.19469638168811798,0,7.093179702758789
4526.400000000211,9.203493118286133,0.19809786975383759,0,7.197632312774658
4527.200000000211,8.580855369567871,0.2183597981929779,0,7.340400695800781
4528.000000000211,4.132414817810059,0.20614489912986755,0,7.4973249435424805
4528.800000000211,6.551025867462158,0.2192598432302475,0,7.645215034484863
4529.600000000211,11.546673774719238,0.21329796314239502,0,7.761059284210205
4530.400000000212,7.533139228820801,0.21941621601581573,0,7.8283867835998535
4531.200000000212,0.721757709980011,0.20190764963626862,0,7.843672275543213
4532.000000000212,7.634955406188965,0.20804286003112793,0,7.809121608734131
4532.800000000212,9.187939643859863,0.1840047985315323,0,7.73762845993042
4533.600000000212,9.061004638671875,0.184738889336586,0,7.64044189453125
4534.4000000002125,10.991288185119629,0.17888233065605164,0,7.53095006942749
4535.200000000213,3.6040613651275635,0.21636702120304108,0,7.416426658630371
4536.000000000213,13.285101890563965,0.208041250705719,0,7.29706335067749
4536.800000000213,2.2746639251708984,0.19307072460651398,0,7.174177169799805
4537.600000000213,8.19296646118164,0.18128079175949097,0,7.058877944946289
4538.400000000213,3.8933660984039307,0.18626931309700012,0,6.971591949462891
4539.200000000214,9.28635025024414,0.19433295726776123,0,6.936499118804932
4540.000000000214,6.637757301330566,0.17859885096549988,0,6.968000411987305
4540.800000000214,4.4547343254089355,0.19690389931201935,0,7.06648063659668
4541.600000000214,13.923662185668945,0.20112018287181854,0,7.215806484222412
4542.400000000214,9.981379508972168,0.2196631133556366,0,7.390905857086182
4543.2000000002145,9.60151481628418,0.20804595947265625,0,7.5677080154418945
4544.000000000215,2.105034828186035,0.19080513715744019,0,7.724052906036377
4544.800000000215,6.034520626068115,0.19419296085834503,0,7.842718601226807
4545.600000000215,4.375005722045898,0.2009001523256302,0,7.915067195892334
4546.400000000215,4.102518081665039,0.20185986161231995,0,7.939784526824951
4547.200000000215,9.446107864379883,0.21449938416481018,0,7.922335147857666
4548.000000000216,6.100549697875977,0.20499779284000397,0,7.873886585235596
4548.800000000216,7.842604160308838,0.2108980417251587,0,7.8071746826171875
4549.600000000216,5.868285655975342,0.2063976228237152,0,7.735884189605713
4550.400000000216,11.42953872680664,0.19598807394504547,0,7.673627853393555
4551.200000000216,10.573694229125977,0.1907249242067337,0,7.627336502075195
4552.0000000002165,8.478681564331055,0.22152237594127655,0,7.5990681648254395
4552.800000000217,9.370429992675781,0.18822157382965088,0,7.589549541473389
4553.600000000217,4.544485092163086,0.20747120678424835,0,7.592129707336426
4554.400000000217,4.317179203033447,0.19116714596748352,0,7.592872619628906
4555.200000000217,6.318975448608398,0.2018098533153534,0,7.575064182281494
4556.000000000217,9.479183197021484,0.21852587163448334,0,7.5236287117004395
4556.800000000218,6.72517728805542,0.20863750576972961,0,7.42915153503418
4557.600000000218,5.033820629119873,0.20520740747451782,0,7.299853801727295
4558.400000000218,7.813198566436768,0.19501836597919464,0,7.157524585723877
4559.200000000218,4.548946857452393,0.2130720019340515,0,7.028091907501221
4560.000000000218,5.603729248046875,0.21172192692756653,0,6.935487270355225
4560.8000000002185,3.456796646118164,0.21474294364452362,0,6.890509605407715
4561.600000000219,6.5870513916015625,0.21448393166065216,0,6.887468338012695
4562.400000000219,13.424751281738281,0.19557464122772217,0,6.912705421447754
4563.200000000219,3.9426655769348145,0.2193842977285385,0,6.948654651641846
4564.000000000219,5.004175662994385,0.21343782544136047,0,6.978945732116699
4564.800000000219,8.290885925292969,0.21758948266506195,0,6.991968154907227
4565.60000000022,9.685281753540039,0.21116957068443298,0,6.9839768409729
4566.40000000022,9.565406799316406,0.20483703911304474,0,6.958720684051514
4567.20000000022,4.148146152496338,0.21701523661613464,0,6.928900718688965
4568.00000000022,9.504711151123047,0.21268898248672485,0,6.911484241485596
4568.80000000022,3.1220967769622803,0.189871147274971,0,6.916366100311279
4569.6000000002205,4.9319963455200195,0.20555350184440613,0,6.94196081161499
4570.400000000221,3.3966293334960938,0.17515552043914795,0,6.975593090057373
4571.200000000221,5.9401774406433105,0.21185137331485748,0,6.9999566078186035
4572.000000000221,7.383605480194092,0.20246712863445282,0,7.003252029418945
4572.800000000221,8.509452819824219,0.2109348028898239,0,6.989197254180908
4573.600000000221,5.987005233764648,0.21583805978298187,0,6.972285747528076
4574.400000000222,2.8797757625579834,0.20058104395866394,0,6.973168849945068
4575.200000000222,8.920639038085938,0.2136731594800949,0,7.0113325119018555
4576.000000000222,7.480223655700684,0.19189557433128357,0,7.092627048492432
4576.800000000222,6.762885570526123,0.20528796315193176,0,7.205932140350342
4577.600000000222,5.583517551422119,0.1824824959039688,0,7.335874080657959
4578.4000000002225,8.54396915435791,0.19452041387557983,0,7.4603376388549805
4579.200000000223,9.89794635772705,0.20127883553504944,0,7.5584869384765625
4580.000000000223,7.572453498840332,0.21609731018543243,0,7.627122402191162
4580.800000000223,8.087306022644043,0.21713462471961975,0,7.671638011932373
4581.600000000223,6.827657222747803,0.21681098639965057,0,7.7057576179504395
4582.400000000223,9.799505233764648,0.21707653999328613,0,7.748736381530762
4583.200000000224,11.579015731811523,0.21972574293613434,0,7.814692497253418
4584.000000000224,5.176080226898193,0.20839297771453857,0,7.908219337463379
4584.800000000224,10.248856544494629,0.2131071835756302,0,8.022144317626953
4585.600000000224,6.914353847503662,0.21545197069644928,0,8.147790908813477
4586.400000000224,8.151297569274902,0.21011926233768463,0,8.260819435119629
4587.2000000002245,11.999088287353516,0.22093002498149872,0,8.340105056762695
4588.000000000225,6.406168460845947,0.20826812088489532,0,8.378949165344238
4588.800000000225,10.47113037109375,0.22122199833393097,0,8.3732328414917
4589.600000000225,7.400044918060303,0.22303174436092377,0,8.327013969421387
4590.400000000225,6.860466003417969,0.19418539106845856,0,8.248367309570312
4591.200000000225,6.033705711364746,0.2168227583169937,0,8.14111328125
4592.000000000226,8.59577465057373,0.20628583431243896,0,8.008749961853027
4592.800000000226,3.728281021118164,0.23144586384296417,0,7.847639083862305
4593.600000000226,10.830092430114746,0.20132750272750854,0,7.653338432312012
4594.400000000226,8.358226776123047,0.2081175297498703,0,7.425654411315918
4595.200000000226,7.391003131866455,0.2195490002632141,0,7.172035217285156
4596.0000000002265,2.777622938156128,0.21703079342842102,0,6.911083221435547
4596.800000000227,5.408716678619385,0.20022724568843842,0,6.664124488830566
4597.600000000227,9.671147346496582,0.20736941695213318,0,6.4419450759887695
4598.400000000227,6.857644557952881,0.20402340590953827,0,6.258723735809326
4599.200000000227,6.606635570526123,0.20914076268672943,0,6.129286289215088
4600.000000000227,8.80381965637207,0.1898675113916397,0,6.068946361541748
4600.800000000228,5.933730125427246,0.20587463676929474,0,6.078609466552734
4601.600000000228,10.687457084655762,0.2327147275209427,0,6.120070457458496
4602.400000000228,6.276449203491211,0.22214536368846893,0,6.1570539474487305
4603.200000000228,7.468679428100586,0.21652773022651672,0,6.193749904632568
4604.000000000228,8.03194522857666,0.22547182440757751,0,6.223930358886719
4604.8000000002285,6.2896552085876465,0.2049480825662613,0,6.283629894256592
4605.600000000229,2.822505235671997,0.2290545254945755,0,6.397974014282227
4606.400000000229,3.6186678409576416,0.22185319662094116,0,6.54897928237915
4607.200000000229,8.267903327941895,0.22188135981559753,0,6.708558082580566
4608.000000000229,8.151342391967773,0.2034917026758194,0,6.856949329376221
4608.800000000229,6.525859832763672,0.19978374242782593,0,6.981727123260498
4609.60000000023,9.545343399047852,0.22829198837280273,0,7.083105564117432
4610.40000000023,5.218174457550049,0.22983966767787933,0,7.165916919708252
4611.20000000023,4.475640296936035,0.22931566834449768,0,7.235270977020264
4612.00000000023,7.771505832672119,0.21187114715576172,0,7.2993669509887695
4612.80000000023,9.611762046813965,0.21323148906230927,0,7.36588716506958
4613.6000000002305,5.978454113006592,0.22704865038394928,0,7.438925743103027
4614.400000000231,7.126786708831787,0.23721733689308167,0,7.519216060638428
4615.200000000231,9.245929718017578,0.23622861504554749,0,7.604319095611572
4616.000000000231,8.657386779785156,0.22379687428474426,0,7.687119483947754
4616.800000000231,0.29931920766830444,0.21022066473960876,0,7.75812292098999
4617.600000000231,10.866301536560059,0.23178710043430328,0,7.8094282150268555
4618.400000000232,5.788577079772949,0.23108221590518951,0,7.837404727935791
4619.200000000232,7.319444179534912,0.22589726746082306,0,7.84176778793335
4620.000000000232,4.849625587463379,0.23736371099948883,0,7.828286170959473
4620.800000000232,9.531745910644531,0.21797369420528412,0,7.805870056152344
4621.600000000232,9.007953643798828,0.21915499866008759,0,7.781001567840576
4622.4000000002325,7.715945243835449,0.21052010357379913,0,7.759533882141113
4623.200000000233,3.8560891151428223,0.22641710937023163,0,7.7436041831970215
4624.000000000233,5.18492317199707,0.23521360754966736,0,7.73362922668457
4624.800000000233,6.102453231811523,0.23030292987823486,0,7.728073596954346
4625.600000000233,6.995357990264893,0.2310359627008438,0,7.725380897521973
4626.400000000233,7.787430286407471,0.22924424707889557,0,7.72367000579834
4627.200000000234,4.427795886993408,0.23238632082939148,0,7.718227863311768
4628.000000000234,9.929369926452637,0.21646542847156525,0,7.702302932739258
4628.800000000234,6.3153862953186035,0.2121497392654419,0,7.670589447021484
4629.600000000234,6.554566860198975,0.22938770055770874,0,7.621513843536377
4630.400000000234,8.154932975769043,0.22679492831230164,0,7.558344841003418
4631.2000000002345,7.798140525817871,0.23446990549564362,0,7.488910675048828
4632.000000000235,8.598258972167969,0.21743997931480408,0,7.418968677520752
4632.800000000235,5.494006633758545,0.24564379453659058,0,7.352125644683838
4633.600000000235,5.75661563873291,0.22424666583538055,0,7.290173530578613
4634.400000000235,6.962832927703857,0.23701903223991394,0,7.23311710357666
4635.200000000235,7.489972114562988,0.22939392924308777,0,7.181823253631592
4636.000000000236,5.9644904136657715,0.24408404529094696,0,7.14284610748291
4636.800000000236,6.006115913391113,0.23176677525043488,0,7.127560615539551
4637.600000000236,7.484501838684082,0.2314026802778244,0,7.145362377166748
4638.400000000236,9.138239860534668,0.2396690398454666,0,7.198230743408203
4639.200000000236,2.5875260829925537,0.25119248032569885,0,7.281972885131836
4640.0000000002365,8.059591293334961,0.2390807569026947,0,7.385505676269531
4640.800000000237,6.923076152801514,0.23481972515583038,0,7.490914821624756
4641.600000000237,6.779956817626953,0.21696409583091736,0,7.582812309265137
4642.400000000237,4.493305683135986,0.2366790771484375,0,7.64558744430542
4643.200000000237,7.136434078216553,0.23400722444057465,0,7.669689655303955
4644.000000000237,4.887720108032227,0.21519812941551208,0,7.651672840118408
4644.800000000238,3.8981425762176514,0.22540277242660522,0,7.591739177703857
4645.600000000238,9.397204399108887,0.2276918590068817,0,7.497493267059326
4646.400000000238,9.082568168640137,0.21592849493026733,0,7.382823467254639
4647.200000000238,7.635471820831299,0.21496367454528809,0,7.265005588531494
4648.000000000238,9.629880905151367,0.2490345686674118,0,7.1654887199401855
4648.8000000002385,8.126555442810059,0.23620319366455078,0,7.104562759399414
4649.600000000239,5.168433666229248,0.24838238954544067,0,7.091135501861572
4650.400000000239,4.915558815002441,0.2638179063796997,0,7.124001502990723
4651.200000000239,5.699211120605469,0.23003089427947998,0,7.192392349243164
4652.000000000239,5.756274223327637,0.24066735804080963,0,7.276853084564209
4652.800000000239,10.069660186767578,0.24009130895137787,0,7.357575416564941
4653.60000000024,6.762878894805908,0.2173124998807907,0,7.424699783325195
4654.40000000024,8.56236457824707,0.24281850457191467,0,7.474576950073242
4655.20000000024,5.188106536865234,0.2381637692451477,0,7.507468223571777
4656.00000000024,7.226560592651367,0.23756477236747742,0,7.528902053833008
4656.80000000024,9.62719440460205,0.2413809448480606,0,7.542538642883301
4657.6000000002405,2.330120086669922,0.24910826981067657,0,7.548295497894287
4658.400000000241,9.08797836303711,0.22552117705345154,0,7.54571533203125
4659.200000000241,7.587238311767578,0.22836335003376007,0,7.536584377288818
4660.000000000241,5.717961311340332,0.2264617383480072,0,7.5242695808410645
4660.800000000241,6.204643249511719,0.2299402803182602,0,7.517762660980225
4661.600000000241,4.057830810546875,0.22391629219055176,0,7.52462100982666
4662.400000000242,6.411931991577148,0.21971526741981506,0,7.5477423667907715
4663.200000000242,0.2428501695394516,0.21189546585083008,0,7.586606025695801
4664.000000000242,8.050590515136719,0.23525603115558624,0,7.63778018951416
4664.800000000242,5.557742595672607,0.2408972829580307,0,7.694353103637695
4665.600000000242,9.238303184509277,0.23603804409503937,0,7.751913070678711
4666.4000000002425,4.511171817779541,0.2358401119709015,0,7.806047439575195
4667.200000000243,9.904728889465332,0.266671746969223,0,7.852108478546143
4668.000000000243,8.062313079833984,0.27306362986564636,0,7.888112545013428
4668.800000000243,7.057550430297852,0.2675360441207886,0,7.912528991699219
4669.600000000243,6.092322826385498,0.2434772402048111,0,7.923518657684326
4670.400000000243,5.735825061798096,0.2322719842195511,0,7.919479846954346
4671.200000000244,5.780858516693115,0.2154674381017685,0,7.899646282196045
4672.000000000244,4.620086669921875,0.24924805760383606,0,7.862643718719482
4672.800000000244,8.642261505126953,0.277974933385849,0,7.8106513023376465
4673.600000000244,6.796868801116943,0.25252798199653625,0,7.747039318084717
4674.400000000244,6.802886486053467,0.25680914521217346,0,7.675358295440674
4675.2000000002445,8.38406753540039,0.25020989775657654,0,7.6012773513793945
4676.000000000245,8.881965637207031,0.26409846544265747,0,7.5280961990356445
4676.800000000245,12.101916313171387,0.23502960801124573,0,7.453676700592041
4677.600000000245,6.160293102264404,0.23318421840667725,0,7.3763933181762695
4678.400000000245,7.976024150848389,0.2681119441986084,0,7.29238224029541
4679.200000000245,5.656413555145264,0.26686641573905945,0,7.20017671585083
4680.000000000246,3.868060350418091,0.20589296519756317,0,7.103259563446045
4680.800000000246,4.248910903930664,0.23976121842861176,0,7.012806415557861
4681.600000000246,4.796334266662598,0.25767919421195984,0,6.940435886383057
4682.400000000246,3.6226675510406494,0.2446262538433075,0,6.895075798034668
4683.200000000246,7.005789279937744,0.2443542629480362,0,6.880888938903809
4684.0000000002465,5.901365280151367,0.2554340064525604,0,6.894711494445801
4684.800000000247,8.82768440246582,0.2407469004392624,0,6.929432392120361
4685.600000000247,7.63584041595459,0.25983014702796936,0,6.980274200439453
4686.400000000247,7.061129093170166,0.2381553053855896,0,7.042165756225586
4687.200000000247,9.628458023071289,0.2593497037887573,0,7.1126837730407715
4688.000000000247,7.160430908203125,0.25849485397338867,0,7.189848899841309
4688.800000000248,5.4509453773498535,0.2452368289232254,0,7.2683939933776855
4689.600000000248,4.764932155609131,0.24565905332565308,0,7.342103481292725
4690.400000000248,5.888436317443848,0.23815496265888214,0,7.407590866088867
4691.200000000248,8.621621131896973,0.2330373376607895,0,7.461725234985352
4692.000000000248,6.910739898681641,0.265101820230484,0,7.503422260284424
4692.8000000002485,6.04047155380249,0.2629614770412445,0,7.531345367431641
4693.600000000249,2.694918632507324,0.2579540014266968,0,7.5424604415893555
4694.400000000249,6.011407852172852,0.264989972114563,0,7.532655715942383
4695.200000000249,11.66378116607666,0.26054075360298157,0,7.500105381011963
4696.000000000249,5.323960304260254,0.2548496723175049,0,7.448892116546631
4696.800000000249,5.708176136016846,0.24009504914283752,0,7.387959003448486
4697.60000000025,8.02199935913086,0.25990062952041626,0,7.3333611488342285
4698.40000000025,9.073526382446289,0.24070024490356445,0,7.298141002655029
4699.20000000025,6.915917873382568,0.25099149346351624,0,7.289762020111084
4700.00000000025,8.193994522094727,0.24878787994384766,0,7.3069915771484375
4700.80000000025,8.995492935180664,0.25796830654144287,0,7.340436935424805
4701.6000000002505,5.742798805236816,0.26251643896102905,0,7.376171112060547
4702.400000000251,7.247868061065674,0.24122090637683868,0,7.401192665100098
4703.200000000251,6.38267183303833,0.2347017377614975,0,7.403810501098633
4704.000000000251,9.906501770019531,0.27480196952819824,0,7.376437664031982
4704.800000000251,6.421606063842773,0.26856499910354614,0,7.3189263343811035
4705.600000000251,6.171598434448242,0.26088812947273254,0,7.233374118804932
4706.400000000252,9.212799072265625,0.21857541799545288,0,7.130090713500977
4707.200000000252,7.784870624542236,0.24700525403022766,0,7.0249505043029785
4708.000000000252,6.709205150604248,0.24648140370845795,0,6.930214881896973
4708.800000000252,7.448729515075684,0.2589097023010254,0,6.85510778427124
4709.600000000252,3.8368422985076904,0.238982155919075,0,6.805161476135254
4710.4000000002525,9.547478675842285,0.27137771248817444,0,6.778770446777344
4711.200000000253,8.124611854553223,0.25015774369239807,0,6.77396821975708
4712.000000000253,5.958922386169434,0.240417942404747,0,6.789095401763916
4712.800000000253,7.498873710632324,0.24500401318073273,0,6.822486400604248
4713.600000000253,6.040394306182861,0.2531070411205292,0,6.874823093414307
4714.400000000253,5.648845672607422,0.2627834975719452,0,6.949347019195557
4715.200000000254,9.612112998962402,0.26534193754196167,0,7.046926021575928
4716.000000000254,8.80393123626709,0.2686769664287567,0,7.164522171020508
4716.800000000254,8.44087028503418,0.2482939064502716,0,7.297525882720947
4717.600000000254,7.466954708099365,0.22373580932617188,0,7.439657688140869
4718.400000000254,5.710279941558838,0.24483375251293182,0,7.577733516693115
4719.2000000002545,5.361844062805176,0.24873077869415283,0,7.701417446136475
4720.000000000255,9.770456314086914,0.24064019322395325,0,7.803110122680664
4720.800000000255,6.188307285308838,0.2396230548620224,0,7.872291564941406
4721.600000000255,6.5230793952941895,0.2545696198940277,0,7.906205177307129
4722.400000000255,7.267583847045898,0.2513887286186218,0,7.903241157531738
4723.200000000255,6.760528087615967,0.2518550157546997,0,7.867617130279541
4724.000000000256,7.684200286865234,0.24046652019023895,0,7.8081464767456055
4724.800000000256,8.95396900177002,0.22790813446044922,0,7.732150077819824
4725.600000000256,6.893310546875,0.26047956943511963,0,7.646224498748779
4726.400000000256,5.537867546081543,0.22576794028282166,0,7.558049201965332
4727.200000000256,3.898588180541992,0.2513537108898163,0,7.47269868850708
4728.0000000002565,2.6494040489196777,0.26728859543800354,0,7.399761199951172
4728.800000000257,9.525812149047852,0.28055113554000854,0,7.349435806274414
4729.600000000257,9.292262077331543,0.2395995557308197,0,7.3299174308776855
4730.400000000257,5.477954864501953,0.2711884677410126,0,7.345257759094238
4731.200000000257,5.648233890533447,0.26610246300697327,0,7.3940629959106445
4732.000000000257,6.779801845550537,0.23424877226352692,0,7.4639892578125
4732.800000000258,7.87142276763916,0.24218370020389557,0,7.538113594055176
4733.600000000258,10.629765510559082,0.23883013427257538,0,7.599323749542236
4734.400000000258,10.526491165161133,0.23092693090438843,0,7.629927635192871
4735.200000000258,12.783251762390137,0.22017984092235565,0,7.616194725036621
4736.000000000258,7.845031261444092,0.24855844676494598,0,7.548621654510498
4736.8000000002585,6.473289489746094,0.2571869194507599,0,7.423439979553223
4737.600000000259,4.807439804077148,0.2394576519727707,0,7.2448272705078125
4738.400000000259,8.640531539916992,0.25014883279800415,0,7.021934509277344
4739.200000000259,7.759705066680908,0.23704619705677032,0,6.771469593048096
4740.000000000259,6.1425461769104,0.25382325053215027,0,6.520726680755615
4740.800000000259,7.835880279541016,0.247093066573143,0,6.305296421051025
4741.60000000026,7.824618816375732,0.24281346797943115,0,6.152797698974609
4742.40000000026,3.8849008083343506,0.24243755638599396,0,6.085339546203613
4743.20000000026,3.401359796524048,0.20237581431865692,0,6.113107681274414
4744.00000000026,8.22844123840332,0.2119831144809723,0,6.223987579345703
4744.80000000026,5.971814155578613,0.20702515542507172,0,6.395176887512207
4745.6000000002605,8.1317777633667,0.25621986389160156,0,6.592703819274902
4746.400000000261,7.78898286819458,0.2649422585964203,0,6.7809038162231445
4747.200000000261,4.584605693817139,0.2605889141559601,0,6.9402360916137695
4748.000000000261,7.084170341491699,0.2570186257362366,0,7.057521343231201
4748.800000000261,1.9942342042922974,0.2226894497871399,0,7.130939960479736
4749.600000000261,8.26805591583252,0.27219921350479126,0,7.166322708129883
4750.400000000262,5.365698337554932,0.25132930278778076,0,7.175417423248291
4751.200000000262,8.1491060256958,0.2197493314743042,0,7.169987201690674
4752.000000000262,6.21336030960083,0.25215956568717957,0,7.160103797912598
4752.800000000262,10.82151985168457,0.24239607155323029,0,7.156416893005371
4753.600000000262,10.381983757019043,0.2358381301164627,0,7.165556907653809
4754.4000000002625,11.321577072143555,0.25392383337020874,0,7.191590309143066
4755.200000000263,4.156646728515625,0.267505019903183,0,7.236489295959473
4756.000000000263,9.470549583435059,0.23712623119354248,0,7.298345565795898
4756.800000000263,3.959717273712158,0.27553674578666687,0,7.375423431396484
4757.600000000263,7.466592311859131,0.24651078879833221,0,7.464972972869873
4758.400000000263,5.030391216278076,0.2545737624168396,0,7.562113285064697
4759.200000000264,5.979564666748047,0.24079068005084991,0,7.658535003662109
4760.000000000264,11.602193832397461,0.2567925453186035,0,7.7472100257873535
4760.800000000264,10.848708152770996,0.24807891249656677,0,7.816290855407715
4761.600000000264,9.433375358581543,0.2589614987373352,0,7.856265544891357
4762.400000000264,10.85202693939209,0.26174211502075195,0,7.859669208526611
4763.2000000002645,9.85682487487793,0.24942253530025482,0,7.821828365325928
4764.000000000265,5.538585662841797,0.2620905935764313,0,7.745847225189209
4764.800000000265,8.538501739501953,0.2514999806880951,0,7.642922878265381
4765.600000000265,7.382706642150879,0.2573143541812897,0,7.527614116668701
4766.400000000265,9.532745361328125,0.249991312623024,0,7.41702938079834
4767.200000000265,8.038419723510742,0.2664417028427124,0,7.327538967132568
4768.000000000266,8.394124984741211,0.2508874237537384,0,7.267236709594727
4768.800000000266,10.557578086853027,0.2567819058895111,0,7.239593505859375
4769.600000000266,5.49557638168335,0.25055384635925293,0,7.242236614227295
4770.400000000266,10.729978561401367,0.25834670662879944,0,7.2655205726623535
4771.200000000266,9.663962364196777,0.23818373680114746,0,7.2990498542785645
4772.0000000002665,7.207320213317871,0.2413080632686615,0,7.336178302764893
4772.800000000267,8.743696212768555,0.24033968150615692,0,7.374915599822998
4773.600000000267,6.794816493988037,0.25155889987945557,0,7.416694641113281
4774.400000000267,8.274669647216797,0.24720141291618347,0,7.463165283203125
4775.200000000267,5.812436103820801,0.24171702563762665,0,7.507369041442871
4776.000000000267,6.200395584106445,0.2547304332256317,0,7.535959720611572
4776.800000000268,7.4381632804870605,0.25832656025886536,0,7.536994457244873
4777.600000000268,7.058000564575195,0.26789382100105286,0,7.506242275238037
4778.400000000268,7.127005577087402,0.231306791305542,0,7.453676700592041
4779.200000000268,7.879225254058838,0.27339279651641846,0,7.399935245513916
4780.000000000268,5.586090087890625,0.23083814978599548,0,7.368234157562256
4780.8000000002685,6.936131954193115,0.2453356832265854,0,7.373621463775635
4781.600000000269,5.2713189125061035,0.2680261731147766,0,7.418451309204102
4782.400000000269,6.828415870666504,0.2557346820831299,0,7.487892150878906
4783.200000000269,8.946496963500977,0.26195913553237915,0,7.5605878829956055
4784.000000000269,7.347539901733398,0.25693780183792114,0,7.615331172943115
4784.800000000269,8.242069244384766,0.2783457338809967,0,7.634852886199951
4785.60000000027,4.010317802429199,0.2680031359195709,0,7.612427234649658
4786.40000000027,7.0317702293396,0.3082527816295624,0,7.54693603515625
4787.20000000027,9.548458099365234,0.26033684611320496,0,7.4443440437316895
4788.00000000027,9.071487426757812,0.27074432373046875,0,7.310971736907959
4788.80000000027,7.728232383728027,0.24334508180618286,0,7.149739742279053
4789.6000000002705,6.347415447235107,0.2728571891784668,0,6.972574234008789
4790.400000000271,5.831929683685303,0.2824738621711731,0,6.7933735847473145
4791.200000000271,6.681286334991455,0.25807249546051025,0,6.623675346374512
4792.000000000271,4.290938854217529,0.26747947931289673,0,6.482507228851318
4792.800000000271,7.017062664031982,0.2806871235370636,0,6.3862409591674805
4793.600000000271,10.919737815856934,0.28047338128089905,0,6.343695163726807
4794.400000000272,2.8229880332946777,0.23608826100826263,0,6.356943130493164
4795.200000000272,3.884390354156494,0.29294538497924805,0,6.421538352966309
4796.000000000272,6.560142993927002,0.2792033553123474,0,6.530137538909912
4796.800000000272,8.708019256591797,0.2734387516975403,0,6.668315410614014
4797.600000000272,10.361356735229492,0.25896501541137695,0,6.82191801071167
4798.4000000002725,9.333120346069336,0.27947553992271423,0,6.977332592010498
4799.200000000273,5.301748752593994,0.2633826732635498,0,7.114996910095215
4800.000000000273,7.436182022094727,0.26400095224380493,0,7.222314834594727
4800.800000000273,6.82412576675415,0.2747659385204315,0,7.294174671173096
4801.600000000273,6.714352130889893,0.28492969274520874,0,7.331169128417969
4802.400000000273,4.464935779571533,0.25383153557777405,0,7.342106819152832
4803.200000000274,6.783113479614258,0.2864857316017151,0,7.338268280029297
4804.000000000274,10.127968788146973,0.2671583890914917,0,7.327083110809326
4804.800000000274,5.3417558670043945,0.2750265598297119,0,7.3100152015686035
4805.600000000274,4.627798080444336,0.2753120958805084,0,7.284888744354248
4806.400000000274,6.054576396942139,0.27513501048088074,0,7.245589256286621
4807.2000000002745,8.112410545349121,0.27708905935287476,0,7.187189102172852
4808.000000000275,8.047492980957031,0.26563820242881775,0,7.110576152801514
4808.800000000275,4.311322212219238,0.2838849127292633,0,7.017503261566162
4809.600000000275,8.901165008544922,0.29372093081474304,0,6.911867141723633
4810.400000000275,5.385350227355957,0.2831951677799225,0,6.800224781036377
4811.200000000275,5.102181434631348,0.2956361174583435,0,6.689736366271973
4812.000000000276,4.188413619995117,0.2723793387413025,0,6.59061336517334
4812.800000000276,6.806553840637207,0.2808031737804413,0,6.515691757202148
4813.600000000276,2.9614720344543457,0.279852032661438,0,6.474642276763916
4814.400000000276,3.4955477714538574,0.2837231457233429,0,6.469991207122803
4815.200000000276,8.422245979309082,0.2461940199136734,0,6.494462490081787
4816.0000000002765,5.199540615081787,0.265902042388916,0,6.531411170959473
4816.800000000277,3.070448875427246,0.27707451581954956,0,6.562225341796875
4817.600000000277,8.556060791015625,0.27341336011886597,0,6.571037292480469
4818.400000000277,6.6328125,0.2683051526546478,0,6.546360015869141
4819.200000000277,4.724363803863525,0.29603517055511475,0,6.485564708709717
4820.000000000277,6.6007795333862305,0.29568204283714294,0,6.38707971572876
4820.800000000278,7.908097743988037,0.3025122582912445,0,6.253993034362793
4821.600000000278,2.7791240215301514,0.304015576839447,0,6.096257209777832
4822.400000000278,6.5496110916137695,0.3082975447177887,0,5.924399375915527
4823.200000000278,5.025620937347412,0.3464154601097107,0,5.752323150634766
4824.000000000278,8.756929397583008,0.3429505527019501,0,5.597702503204346
4824.8000000002785,6.474818706512451,0.32549965381622314,0,5.469899654388428
4825.600000000279,2.662351608276367,0.3140828013420105,0,5.374134540557861
4826.400000000279,6.240884780883789,0.30731475353240967,0,5.3091840744018555
4827.200000000279,5.501295566558838,0.28868716955184937,0,5.269346714019775
4828.000000000279,6.062076568603516,0.29293325543403625,0,5.2474894523620605
4828.800000000279,5.34505558013916,0.3096902072429657,0,5.235561370849609
4829.60000000028,6.963778018951416,0.3160497546195984,0,5.225652694702148
4830.40000000028,5.805329322814941,0.313419908285141,0,5.213085174560547
4831.20000000028,5.898650169372559,0.304915189743042,0,5.1977386474609375
4832.00000000028,6.875885963439941,0.2639121413230896,0,5.184321403503418
4832.80000000028,5.777172088623047,0.2921353578567505,0,5.182219982147217
4833.6000000002805,3.969937562942505,0.3137188255786896,0,5.203918933868408
4834.400000000281,5.811303615570068,0.29436197876930237,0,5.260526180267334
4835.200000000281,6.264037609100342,0.3211877942085266,0,5.359315395355225
4836.000000000281,6.763057708740234,0.2676621973514557,0,5.501992702484131
4836.800000000281,3.253124237060547,0.3024270236492157,0,5.683846950531006
4837.600000000281,3.5158464908599854,0.2858262062072754,0,5.899090766906738
4838.400000000282,6.667610168457031,0.2809620201587677,0,6.1453752517700195
4839.200000000282,6.483516693115234,0.29864904284477234,0,6.416782379150391
4840.000000000282,4.347419738769531,0.3195372223854065,0,6.705554008483887
4840.800000000282,6.301537036895752,0.3192513883113861,0,7.015241622924805
4841.600000000282,6.844025611877441,0.296965092420578,0,7.3294758796691895
4842.4000000002825,5.002888202667236,0.31826087832450867,0,7.629035472869873
4843.200000000283,6.759312152862549,0.32997918128967285,0,7.895928382873535
4844.000000000283,8.925153732299805,0.33135536313056946,0,8.106215476989746
4844.800000000283,5.976761817932129,0.2931228578090668,0,8.240866661071777
4845.600000000283,11.000465393066406,0.2997545301914215,0,8.292083740234375
4846.400000000283,6.508586406707764,0.2790451943874359,0,8.259268760681152
4847.200000000284,8.711267471313477,0.2922731041908264,0,8.150900840759277
4848.000000000284,6.530151844024658,0.2924502193927765,0,7.980465412139893
4848.800000000284,6.218896389007568,0.2996281385421753,0,7.761567115783691
4849.600000000284,6.816178321838379,0.30975985527038574,0,7.511772632598877
4850.400000000284,7.113493919372559,0.2983603775501251,0,7.2610039710998535
4851.2000000002845,5.058815002441406,0.2685930132865906,0,7.02884578704834
4852.000000000285,8.008373260498047,0.2741599380970001,0,6.8381571769714355
4852.800000000285,8.686222076416016,0.3038601577281952,0,6.723335266113281
4853.600000000285,9.517990112304688,0.31931978464126587,0,6.704868793487549
4854.400000000285,8.573922157287598,0.2950422465801239,0,6.781433582305908
4855.200000000285,4.9777750968933105,0.25942015647888184,0,6.932058811187744
4856.000000000286,7.412415981292725,0.2825126051902771,0,7.124459266662598
4856.800000000286,9.246368408203125,0.26075443625450134,0,7.324948310852051
4857.600000000286,10.41445541381836,0.3241410553455353,0,7.508068561553955
4858.400000000286,9.644149780273438,0.29299017786979675,0,7.6589789390563965
4859.200000000286,8.323410987854004,0.29044309258461,0,7.774008750915527
4860.0000000002865,8.518708229064941,0.30648961663246155,0,7.853481292724609
4860.800000000287,7.638934135437012,0.348008394241333,0,7.896537780761719
4861.600000000287,8.014130592346191,0.3211991786956787,0,7.901873588562012
4862.400000000287,8.383283615112305,0.29843369126319885,0,7.866501808166504
4863.200000000287,6.610381603240967,0.28825923800468445,0,7.783095836639404
4864.000000000287,7.721381187438965,0.2856137156486511,0,7.6519670486450195
4864.800000000288,12.338959693908691,0.2852950990200043,0,7.478001117706299
4865.600000000288,6.920944690704346,0.2918446660041809,0,7.278773784637451
4866.400000000288,7.058128833770752,0.2925497889518738,0,7.090559959411621
4867.200000000288,7.0363569259643555,0.2785487174987793,0,6.955322742462158
4868.000000000288,5.727394104003906,0.28487375378608704,0,6.918569087982178
4868.8000000002885,11.164855003356934,0.27449658513069153,0,6.972167015075684
4869.600000000289,7.744820594787598,0.3175821304321289,0,7.038774013519287
4870.400000000289,7.157496452331543,0.29309719800949097,0,7.067160129547119
4871.200000000289,9.569038391113281,0.2908255457878113,0,7.057548999786377
4872.000000000289,8.972658157348633,0.29738548398017883,0,6.997194766998291
4872.800000000289,6.879957675933838,0.31984561681747437,0,6.950167179107666
4873.60000000029,7.426141738891602,0.30776333808898926,0,6.970306396484375
4874.40000000029,7.051867485046387,0.3165366053581238,0,7.049665927886963
4875.20000000029,8.112144470214844,0.2596491873264313,0,7.158679008483887
4876.00000000029,8.532514572143555,0.27408304810523987,0,7.27223539352417
4876.80000000029,10.98131275177002,0.2869341969490051,0,7.36757755279541
4877.6000000002905,5.7730326652526855,0.2790994644165039,0,7.433097839355469
4878.400000000291,7.161367416381836,0.30990174412727356,0,7.465282917022705
4879.200000000291,7.468833923339844,0.32278090715408325,0,7.462850093841553
4880.000000000291,8.861278533935547,0.28508666157722473,0,7.431732654571533
4880.800000000291,9.605472564697266,0.2853167653083801,0,7.3816423416137695
4881.600000000291,7.445939540863037,0.2843543589115143,0,7.328415870666504
4882.400000000292,9.380110740661621,0.29350271821022034,0,7.293186664581299
4883.200000000292,7.597357749938965,0.29554876685142517,0,7.292638778686523
4884.000000000292,9.937799453735352,0.28140223026275635,0,7.3358540534973145
4884.800000000292,8.194995880126953,0.27739033102989197,0,7.422826766967773
4885.600000000292,6.397643089294434,0.2896615266799927,0,7.5427961349487305
4886.4000000002925,7.12228536605835,0.28548145294189453,0,7.681742191314697
4887.200000000293,11.123037338256836,0.29822349548339844,0,7.826193332672119
4888.000000000293,6.265238285064697,0.3121963441371918,0,7.9626054763793945
4888.800000000293,9.831110000610352,0.30226239562034607,0,8.080147743225098
4889.600000000293,6.751572132110596,0.3076359033584595,0,8.175387382507324
4890.400000000293,7.149543285369873,0.3009292185306549,0,8.256003379821777
4891.200000000294,10.167088508605957,0.29461511969566345,0,8.331911087036133
4892.000000000294,9.718743324279785,0.2969248592853546,0,8.411210060119629
4892.800000000294,6.728376865386963,0.32591670751571655,0,8.498481750488281
4893.600000000294,7.7703351974487305,0.2856728732585907,0,8.59447956085205
4894.400000000294,12.136774063110352,0.2631687521934509,0,8.693338394165039
4895.2000000002945,8.908426284790039,0.2981761693954468,0,8.786687850952148
4896.000000000295,6.0851731300354,0.3037416338920593,0,8.864030838012695
4896.800000000295,7.410397529602051,0.3168778717517853,0,8.915027618408203
4897.600000000295,9.5701904296875,0.278994083404541,0,8.930788040161133
4898.400000000295,14.228367805480957,0.26476046442985535,0,8.906401634216309
4899.200000000295,10.357294082641602,0.2792016565799713,0,8.845965385437012
4900.000000000296,7.386808395385742,0.3185655176639557,0,8.75970458984375
4900.800000000296,6.794755935668945,0.300056517124176,0,8.661762237548828
4901.600000000296,12.512214660644531,0.27860572934150696,0,8.565264701843262
4902.400000000296,8.663663864135742,0.2726965546607971,0,8.474818229675293
4903.200000000296,11.202369689941406,0.25574517250061035,0,8.391524314880371
4904.0000000002965,6.980599880218506,0.3005531132221222,0,8.314849853515625
4904.800000000297,9.488225936889648,0.2971688508987427,0,8.239399909973145
4905.600000000297,7.609017372131348,0.3072625696659088,0,8.163606643676758
4906.400000000297,6.834835052490234,0.2996945083141327,0,8.087923049926758
4907.200000000297,10.274005889892578,0.2939097285270691,0,8.019033432006836
4908.000000000297,10.235190391540527,0.28281641006469727,0,7.967097759246826
4908.800000000298,6.846089839935303,0.3178151249885559,0,7.940310478210449
4909.600000000298,11.063066482543945,0.3031114935874939,0,7.942010402679443
4910.400000000298,8.62867546081543,0.303699254989624,0,7.968307018280029
4911.200000000298,8.577492713928223,0.25182831287384033,0,8.005536079406738
4912.000000000298,5.72194766998291,0.3049255311489105,0,8.033195495605469
4912.8000000002985,10.28857421875,0.31243178248405457,0,8.03309440612793
4913.600000000299,7.538796901702881,0.3150663375854492,0,7.988740921020508
4914.400000000299,8.575518608093262,0.27859580516815186,0,7.892065525054932
4915.200000000299,7.590920448303223,0.3053560256958008,0,7.743802070617676
4916.000000000299,10.12293815612793,0.3043431043624878,0,7.554406642913818
4916.800000000299,10.12938117980957,0.30158740282058716,0,7.347781658172607
4917.6000000003,8.813358306884766,0.3130931854248047,0,7.155951976776123
4918.4000000003,7.879506587982178,0.33114346861839294,0,7.01023530960083
4919.2000000003,5.418415069580078,0.3097534477710724,0,6.934024333953857
4920.0000000003,9.334402084350586,0.31177860498428345,0,6.934648513793945
4920.8000000003,6.602211952209473,0.3170020878314972,0,6.999724388122559
4921.6000000003005,8.130859375,0.33568111062049866,0,7.106321334838867
4922.400000000301,6.1509270668029785,0.3404613435268402,0,7.229667663574219
4923.200000000301,9.562259674072266,0.2950555682182312,0,7.352034091949463
4924.000000000301,7.919475078582764,0.30870604515075684,0,7.462429523468018
4924.800000000301,7.444525718688965,0.316851407289505,0,7.5581536293029785
4925.600000000301,11.289971351623535,0.28519824147224426,0,7.643008232116699
4926.400000000302,6.951214790344238,0.30333206057548523,0,7.720859527587891
4927.200000000302,6.244453430175781,0.29019755125045776,0,7.793726444244385
4928.000000000302,5.900320529937744,0.29479649662971497,0,7.859748363494873
4928.800000000302,8.693341255187988,0.28913193941116333,0,7.916590213775635
4929.600000000302,3.9238405227661133,0.3059433400630951,0,7.965057849884033
4930.4000000003025,6.9513630867004395,0.3333143889904022,0,8.00760269165039
4931.200000000303,9.361652374267578,0.28040772676467896,0,8.047226905822754
4932.000000000303,7.4517974853515625,0.29086798429489136,0,8.086702346801758
4932.800000000303,8.704130172729492,0.3151364028453827,0,8.122713088989258
4933.600000000303,6.342031002044678,0.30797335505485535,0,8.149384498596191
4934.400000000303,8.90207290649414,0.2998776137828827,0,8.16066837310791
4935.200000000304,10.950883865356445,0.3193509578704834,0,8.154339790344238
4936.000000000304,12.845794677734375,0.33235785365104675,0,8.134674072265625
4936.800000000304,10.695425987243652,0.3111504018306732,0,8.10844612121582
4937.600000000304,5.853715419769287,0.3343964219093323,0,8.082413673400879
4938.400000000304,7.097931861877441,0.298151433467865,0,8.057135581970215
4939.2000000003045,8.868087768554688,0.32921746373176575,0,8.027993202209473
4940.000000000305,7.359455585479736,0.32910436391830444,0,7.992496013641357
4940.800000000305,9.389715194702148,0.31153422594070435,0,7.95340633392334
4941.600000000305,8.975425720214844,0.2916868031024933,0,7.917977809906006
4942.400000000305,8.913734436035156,0.2924948036670685,0,7.899053573608398
4943.200000000305,4.192004203796387,0.2951236963272095,0,7.90664529800415
4944.000000000306,8.173173904418945,0.27155372500419617,0,7.94228982925415
4944.800000000306,6.553222179412842,0.3150940537452698,0,8.002038955688477
4945.600000000306,12.278085708618164,0.3025573492050171,0,8.080581665039062
4946.400000000306,7.800973892211914,0.30321022868156433,0,8.17177963256836
4947.200000000306,8.678256034851074,0.3198868930339813,0,8.266997337341309
4948.0000000003065,10.581353187561035,0.3165935277938843,0,8.359634399414062
4948.800000000307,10.117988586425781,0.3299284875392914,0,8.438068389892578
4949.600000000307,9.718448638916016,0.3198765814304352,0,8.490216255187988
4950.400000000307,9.44387435913086,0.3050055205821991,0,8.5089693069458
4951.200000000307,10.314164161682129,0.33013370633125305,0,8.491827964782715
4952.000000000307,9.955477714538574,0.29937225580215454,0,8.446733474731445
4952.800000000308,6.865872859954834,0.3049851655960083,0,8.388445854187012
4953.600000000308,11.489224433898926,0.31793132424354553,0,8.336979866027832
4954.400000000308,6.868903636932373,0.3340972065925598,0,8.309048652648926
4955.200000000308,8.444499969482422,0.3157745599746704,0,8.313321113586426
4956.000000000308,9.423144340515137,0.2836359739303589,0,8.34945011138916
4956.8000000003085,6.081478118896484,0.3199094235897064,0,8.408183097839355
4957.600000000309,7.9334797859191895,0.32621118426322937,0,8.475297927856445
4958.400000000309,8.562071800231934,0.3236435055732727,0,8.535212516784668
4959.200000000309,8.103973388671875,0.3135816752910614,0,8.578682899475098
4960.000000000309,7.5561747550964355,0.303539514541626,0,8.602004051208496
4960.800000000309,9.42281723022461,0.30117350816726685,0,8.606229782104492
4961.60000000031,10.324451446533203,0.29982030391693115,0,8.598243713378906
4962.40000000031,8.8623628616333,0.278086394071579,0,8.584992408752441
4963.20000000031,6.970889091491699,0.3064204156398773,0,8.573042869567871
4964.00000000031,8.253271102905273,0.33410173654556274,0,8.565807342529297
4964.80000000031,9.071555137634277,0.32562780380249023,0,8.563464164733887
4965.6000000003105,6.118150234222412,0.2944900393486023,0,8.564526557922363
4966.400000000311,8.535380363464355,0.31060779094696045,0,8.566156387329102
4967.200000000311,5.476293563842773,0.35205820202827454,0,8.564555168151855
4968.000000000311,7.647741794586182,0.3173644244670868,0,8.556928634643555
4968.800000000311,7.559543132781982,0.30846601724624634,0,8.541332244873047
4969.600000000311,8.207100868225098,0.32565075159072876,0,8.518648147583008
4970.400000000312,10.35114860534668,0.32295554876327515,0,8.492338180541992
4971.200000000312,12.626692771911621,0.3079967200756073,0,8.466005325317383
4972.000000000312,8.543317794799805,0.3108175992965698,0,8.441739082336426
4972.800000000312,5.125188827514648,0.30218061804771423,0,8.419573783874512
4973.600000000312,7.5196990966796875,0.3298090994358063,0,8.398674964904785
4974.4000000003125,8.301337242126465,0.3051854968070984,0,8.381175994873047
4975.200000000313,7.491903781890869,0.3046225607395172,0,8.374300956726074
4976.000000000313,9.556564331054688,0.31148073077201843,0,8.385265350341797
4976.800000000313,7.195141315460205,0.3181021511554718,0,8.419547080993652
4977.600000000313,9.935272216796875,0.30894526839256287,0,8.477177619934082
4978.400000000313,7.2533488273620605,0.31775856018066406,0,8.549450874328613
4979.200000000314,9.770566940307617,0.3064395487308502,0,8.620840072631836
4980.000000000314,8.111832618713379,0.3430917263031006,0,8.675636291503906
4980.800000000314,8.574865341186523,0.2925410568714142,0,8.701254844665527
4981.600000000314,8.51821517944336,0.30916184186935425,0,8.694202423095703
4982.400000000314,10.64441967010498,0.3171996474266052,0,8.662837028503418
4983.2000000003145,9.495954513549805,0.3213007152080536,0,8.624011039733887
4984.000000000315,10.811896324157715,0.3530881702899933,0,8.597792625427246
4984.800000000315,6.9989142417907715,0.33260586857795715,0,8.59952449798584
4985.600000000315,7.385573863983154,0.324363648891449,0,8.636038780212402
4986.400000000315,10.526196479797363,0.31258440017700195,0,8.702445983886719
4987.200000000315,6.549373626708984,0.3130951225757599,0,8.783519744873047
4988.000000000316,8.713979721069336,0.27600783109664917,0,8.861785888671875
4988.800000000316,7.6174726486206055,0.33756986260414124,0,8.92206859588623
4989.600000000316,11.820464134216309,0.31734246015548706,0,8.955286026000977
4990.400000000316,7.4397196769714355,0.31704968214035034,0,8.958857536315918
4991.200000000316,10.663010597229004,0.316489040851593,0,8.936101913452148
4992.0000000003165,10.749690055847168,0.3375735580921173,0,8.890619277954102
4992.800000000317,9.651774406433105,0.2894487977027893,0,8.826014518737793
4993.600000000317,4.874499797821045,0.2970564663410187,0,8.746140480041504
4994.400000000317,8.091876029968262,0.31934523582458496,0,8.65267562866211
4995.200000000317,8.531050682067871,0.3043178915977478,0,8.547197341918945
4996.000000000317,8.956531524658203,0.3086242377758026,0,8.431971549987793
4996.800000000318,8.683987617492676,0.3074553906917572,0,8.311578750610352
4997.600000000318,9.679444313049316,0.2929559648036957,0,8.19599437713623
4998.400000000318,5.409460544586182,0.3400512933731079,0,8.091865539550781
4999.200000000318,7.111333847045898,0.3257788121700287,0,8.00495433807373
5000.000000000318,11.498922348022461,0.3124552071094513,0,7.942194938659668
5000.8000000003185,8.048514366149902,0.34067875146865845,0,7.901288032531738
5001.600000000319,8.998530387878418,0.33075177669525146,0,7.87627649307251
5002.400000000319,10.376052856445312,0.31461772322654724,0,7.864518642425537
5003.200000000319,7.950139045715332,0.33644601702690125,0,7.865734577178955
5004.000000000319,11.945561408996582,0.31880995631217957,0,7.883111476898193
5004.800000000319,6.525249004364014,0.3237908184528351,0,7.920713424682617
5005.60000000032,4.835332870483398,0.32863229513168335,0,7.982089996337891
5006.40000000032,8.332696914672852,0.34618180990219116,0,8.064596176147461
5007.20000000032,6.796022891998291,0.36200767755508423,0,8.16252326965332
5008.00000000032,8.502939224243164,0.33142760396003723,0,8.264839172363281
5008.80000000032,11.004364013671875,0.29929572343826294,0,8.360163688659668
5009.6000000003205,11.535155296325684,0.3178236484527588,0,8.443378448486328
5010.400000000321,7.176609039306641,0.3307851254940033,0,8.51021671295166
5011.200000000321,9.452903747558594,0.34453436732292175,0,8.562309265136719
5012.000000000321,6.880984306335449,0.3298977315425873,0,8.604973793029785
5012.800000000321,8.729776382446289,0.35100582242012024,0,8.644488334655762
5013.600000000321,12.665841102600098,0.3233894407749176,0,8.690704345703125
5014.400000000322,8.72706413269043,0.3383745849132538,0,8.755812644958496
5015.200000000322,8.050529479980469,0.3258693814277649,0,8.845399856567383
5016.000000000322,9.266538619995117,0.3266982436180115,0,8.95773983001709
5016.800000000322,10.286446571350098,0.3406479060649872,0,9.080560684204102
5017.600000000322,8.635043144226074,0.3209691643714905,0,9.20149040222168
5018.4000000003225,8.323103904724121,0.3393263518810272,0,9.309561729431152
5019.200000000323,10.868612289428711,0.32499662041664124,0,9.393370628356934
5020.000000000323,9.053154945373535,0.3279062807559967,0,9.456862449645996
5020.800000000323,10.57957649230957,0.32410332560539246,0,9.50594711303711
5021.600000000323,8.531164169311523,0.31397882103919983,0,9.54121208190918
5022.400000000323,8.776335716247559,0.30144962668418884,0,9.562292098999023
5023.200000000324,11.723724365234375,0.3458527624607086,0,9.56622314453125
5024.000000000324,9.478973388671875,0.30355188250541687,0,9.54576301574707
5024.800000000324,10.834620475769043,0.3046097159385681,0,9.497600555419922
5025.600000000324,8.626860618591309,0.33966103196144104,0,9.425102233886719
5026.400000000324,9.612286567687988,0.3242723345756531,0,9.339461326599121
5027.2000000003245,9.528059959411621,0.341106116771698,0,9.258646965026855
5028.000000000325,8.155763626098633,0.3609049320220947,0,9.199542045593262
5028.800000000325,11.436441421508789,0.334548681974411,0,9.172652244567871
5029.600000000325,9.270254135131836,0.32917845249176025,0,9.178165435791016
5030.400000000325,8.84621810913086,0.3089125454425812,0,9.207983016967773
5031.200000000325,7.775699138641357,0.3252096176147461,0,9.2475004196167
5032.000000000326,6.859472274780273,0.3311372399330139,0,9.281575202941895
5032.800000000326,8.703892707824707,0.31472450494766235,0,9.296679496765137
5033.600000000326,9.865499496459961,0.3207811415195465,0,9.285713195800781
5034.400000000326,10.171396255493164,0.3160421848297119,0,9.251391410827637
5035.200000000326,7.287177085876465,0.33088448643684387,0,9.200495719909668
5036.0000000003265,8.002981185913086,0.3191339671611786,0,9.148316383361816
5036.800000000327,13.944218635559082,0.3457266390323639,0,9.109848022460938
5037.600000000327,8.866568565368652,0.36009448766708374,0,9.090252876281738
5038.400000000327,9.088120460510254,0.34773772954940796,0,9.089547157287598
5039.200000000327,12.196321487426758,0.3132900297641754,0,9.101255416870117
5040.000000000327,8.685894966125488,0.3149706721305847,0,9.115453720092773
5040.800000000328,10.189598083496094,0.359710156917572,0,9.123381614685059
5041.600000000328,8.639852523803711,0.3471629023551941,0,9.121679306030273
5042.400000000328,10.539610862731934,0.3835780620574951,0,9.115647315979004
5043.200000000328,11.53212833404541,0.34906113147735596,0,9.116406440734863
5044.000000000328,10.142449378967285,0.3292786180973053,0,9.13591480255127
5044.8000000003285,10.194077491760254,0.31254395842552185,0,9.182906150817871
5045.600000000329,6.123880863189697,0.30785518884658813,0,9.25920581817627
5046.400000000329,5.349123954772949,0.31085893511772156,0,9.36023235321045
5047.200000000329,8.919807434082031,0.3140970468521118,0,9.476515769958496
5048.000000000329,8.220023155212402,0.3338552415370941,0,9.599617004394531
5048.800000000329,7.155532360076904,0.33250024914741516,0,9.723933219909668
5049.60000000033,7.665151596069336,0.31748732924461365,0,9.845633506774902
5050.40000000033,9.74372386932373,0.2927357852458954,0,9.964773178100586
5051.20000000033,8.014923095703125,0.32442164421081543,0,10.081889152526855
5052.00000000033,12.659591674804688,0.31904080510139465,0,10.191398620605469
5052.80000000033,11.836691856384277,0.33392494916915894,0,10.286589622497559
5053.6000000003305,9.606797218322754,0.32463741302490234,0,10.358419418334961
5054.400000000331,13.24425220489502,0.3209358751773834,0,10.40195369720459
5055.200000000331,11.698933601379395,0.32920026779174805,0,10.416208267211914
5056.000000000331,11.640253067016602,0.3247365951538086,0,10.404656410217285
5056.800000000331,12.271289825439453,0.31246456503868103,0,10.373711585998535
5057.600000000331,10.083535194396973,0.326275497674942,0,10.32810115814209
5058.400000000332,8.327054023742676,0.3098559081554413,0,10.27265739440918
5059.200000000332,13.363232612609863,0.3305610418319702,0,10.211923599243164
5060.000000000332,11.123861312866211,0.34214600920677185,0,10.149275779724121
5060.800000000332,9.685115814208984,0.31468087434768677,0,10.088959693908691
5061.600000000332,9.773768424987793,0.3387785851955414,0,10.034743309020996
5062.4000000003325,9.077901840209961,0.34145891666412354,0,9.988529205322266
5063.200000000333,12.62257194519043,0.3480369448661804,0,9.95109748840332
5064.000000000333,9.629822731018066,0.3519611060619354,0,9.921120643615723
5064.800000000333,14.077688217163086,0.3172200918197632,0,9.896282196044922
5065.600000000333,9.043886184692383,0.3430508077144623,0,9.874826431274414
5066.400000000333,9.611379623413086,0.3173876702785492,0,9.856184959411621
5067.200000000334,8.444568634033203,0.33027148246765137,0,9.83977222442627
5068.000000000334,8.147016525268555,0.33802905678749084,0,9.828413963317871
5068.800000000334,6.918591499328613,0.33558857440948486,0,9.823118209838867
5069.600000000334,10.72230339050293,0.3270511329174042,0,9.824535369873047
5070.400000000334,8.943077087402344,0.3291610777378082,0,9.828980445861816
5071.2000000003345,12.11567211151123,0.31314617395401,0,9.827147483825684
5072.000000000335,12.704262733459473,0.32663071155548096,0,9.810406684875488
5072.800000000335,11.39914321899414,0.30084681510925293,0,9.767960548400879
5073.600000000335,13.729326248168945,0.3001672029495239,0,9.696084976196289
5074.400000000335,11.105859756469727,0.3349316418170929,0,9.592545509338379
5075.200000000335,7.351595401763916,0.33910465240478516,0,9.462084770202637
5076.000000000336,8.415595054626465,0.298003613948822,0,9.31171989440918
5076.800000000336,7.782775402069092,0.3441886603832245,0,9.147424697875977
5077.600000000336,8.294126510620117,0.33537691831588745,0,8.980344772338867
5078.400000000336,10.185123443603516,0.3187657594680786,0,8.82132339477539
5079.200000000336,8.985320091247559,0.3100539743900299,0,8.680355072021484
5080.0000000003365,6.481958389282227,0.3288351595401764,0,8.571139335632324
5080.800000000337,9.65125846862793,0.3111650347709656,0,8.50005054473877
5081.600000000337,11.060523986816406,0.3436996638774872,0,8.46717357635498
5082.400000000337,6.68776273727417,0.3423860967159271,0,8.462690353393555
5083.200000000337,9.64501953125,0.314374715089798,0,8.481685638427734
5084.000000000337,9.92496395111084,0.30967530608177185,0,8.51294994354248
5084.800000000338,10.377713203430176,0.2994694411754608,0,8.547052383422852
5085.600000000338,10.326580047607422,0.34390124678611755,0,8.580986022949219
5086.400000000338,7.442389488220215,0.33881086111068726,0,8.618212699890137
5087.200000000338,9.952608108520508,0.30964112281799316,0,8.667801856994629
5088.000000000338,10.055425643920898,0.3251957297325134,0,8.741002082824707
5088.8000000003385,10.944750785827637,0.3129136562347412,0,8.843148231506348
5089.600000000339,10.483109474182129,0.3522799611091614,0,8.968152046203613
5090.400000000339,10.30085277557373,0.3298829197883606,0,9.103076934814453
5091.200000000339,9.481956481933594,0.3021829426288605,0,9.229711532592773
5092.000000000339,12.987221717834473,0.3281538784503937,0,9.325067520141602
5092.800000000339,9.062491416931152,0.32919439673423767,0,9.381171226501465
5093.60000000034,6.641676425933838,0.34122389554977417,0,9.398624420166016
5094.40000000034,13.540033340454102,0.33648622035980225,0,9.38640022277832
5095.20000000034,7.58779239654541,0.34403184056282043,0,9.355940818786621
5096.00000000034,10.136011123657227,0.3260917365550995,0,9.316494941711426
5096.80000000034,10.362178802490234,0.3120492100715637,0,9.272751808166504
5097.6000000003405,11.867963790893555,0.3258594274520874,0,9.226930618286133
5098.400000000341,12.153413772583008,0.34821590781211853,0,9.18150806427002
5099.200000000341,8.392679214477539,0.35433077812194824,0,9.141228675842285
5100.000000000341,12.32911491394043,0.3526715636253357,0,9.111184120178223
5100.800000000341,11.500104904174805,0.3381664454936981,0,9.096213340759277
5101.600000000341,8.27346134185791,0.37371256947517395,0,9.098295211791992
5102.400000000342,10.356161117553711,0.3466269373893738,0,9.116959571838379
5103.200000000342,7.96631383895874,0.3499533236026764,0,9.149896621704102
5104.000000000342,8.183009147644043,0.3461374044418335,0,9.192805290222168
5104.800000000342,8.633856773376465,0.3429192304611206,0,9.241479873657227
5105.600000000342,7.500482559204102,0.3393799066543579,0,9.289649963378906
5106.4000000003425,5.526832103729248,0.34446626901626587,0,9.32882308959961
5107.200000000343,9.110139846801758,0.34509313106536865,0,9.353073120117188
5108.000000000343,7.14578104019165,0.35440391302108765,0,9.362054824829102
5108.800000000343,7.028929710388184,0.3393992483615875,0,9.360206604003906
5109.600000000343,9.450939178466797,0.3650224804878235,0,9.357726097106934
5110.400000000343,5.116093158721924,0.35091403126716614,0,9.366427421569824
5111.200000000344,6.63981819152832,0.32278046011924744,0,9.39494514465332
5112.000000000344,8.771631240844727,0.3315275311470032,0,9.445728302001953
5112.800000000344,11.39218521118164,0.3285282552242279,0,9.515591621398926
5113.600000000344,7.6660590171813965,0.33249083161354065,0,9.594655990600586
5114.400000000344,7.1218061447143555,0.3534345328807831,0,9.673134803771973
5115.2000000003445,10.894285202026367,0.3665037751197815,0,9.741012573242188
5116.000000000345,11.050435066223145,0.34221842885017395,0,9.792999267578125
5116.800000000345,11.77527141571045,0.3499763607978821,0,9.827127456665039
5117.600000000345,11.263165473937988,0.354289174079895,0,9.841070175170898
5118.400000000345,10.452333450317383,0.3407391607761383,0,9.837150573730469
5119.200000000345,10.937785148620605,0.35335400700569153,0,9.819107055664062
5120.000000000346,11.487807273864746,0.3427823483943939,0,9.7936372756958
5120.800000000346,9.885472297668457,0.30919119715690613,0,9.769211769104004
5121.600000000346,7.70607328414917,0.34109511971473694,0,9.755128860473633
5122.400000000346,10.178823471069336,0.3523750901222229,0,9.756670951843262
5123.200000000346,10.970603942871094,0.3427259624004364,0,9.773514747619629
5124.0000000003465,10.93143081665039,0.3237435519695282,0,9.800875663757324
5124.800000000347,7.5032734870910645,0.3541456460952759,0,9.82888126373291
5125.600000000347,12.134193420410156,0.3541453182697296,0,9.84709644317627
5126.400000000347,10.35367488861084,0.3468020260334015,0,9.849467277526855
5127.200000000347,9.153403282165527,0.34070885181427,0,9.835854530334473
5128.000000000347,7.485659122467041,0.3482319414615631,0,9.814146995544434
5128.800000000348,8.969902992248535,0.32632094621658325,0,9.79533576965332
5129.600000000348,12.547670364379883,0.32993030548095703,0,9.789609909057617
5130.400000000348,8.985642433166504,0.3784008324146271,0,9.800790786743164
5131.200000000348,12.189606666564941,0.3240893483161926,0,9.823945999145508
5132.000000000348,11.149927139282227,0.33127859234809875,0,9.848536491394043
5132.8000000003485,11.308406829833984,0.3202849328517914,0,9.860949516296387
5133.600000000349,13.191104888916016,0.3345026969909668,0,9.850839614868164
5134.400000000349,7.407934188842773,0.3413819968700409,0,9.812881469726562
5135.200000000349,12.386238098144531,0.34554094076156616,0,9.747054100036621
5136.000000000349,10.904479026794434,0.31160977482795715,0,9.656084060668945
5136.800000000349,12.477116584777832,0.30921632051467896,0,9.547135353088379
5137.60000000035,10.109861373901367,0.33462533354759216,0,9.429411888122559
5138.40000000035,5.811354637145996,0.3218446969985962,0,9.313980102539062
5139.20000000035,11.427261352539062,0.33895641565322876,0,9.21043872833252
5140.00000000035,7.883645534515381,0.3220055103302002,0,9.125604629516602
5140.80000000035,8.047286033630371,0.3457838296890259,0,9.064432144165039
5141.6000000003505,6.055831432342529,0.3735247254371643,0,9.027045249938965
5142.400000000351,8.316866874694824,0.3601953685283661,0,9.013760566711426
5143.200000000351,9.114808082580566,0.3373803496360779,0,9.026302337646484
5144.000000000351,13.231255531311035,0.347468763589859,0,9.06544017791748
5144.800000000351,11.456552505493164,0.3602003753185272,0,9.130851745605469
5145.600000000351,10.47729778289795,0.3312061131000519,0,9.220963478088379
5146.400000000352,11.723409652709961,0.34266412258148193,0,9.327094078063965
5147.200000000352,7.003992080688477,0.35317716002464294,0,9.435807228088379
5148.000000000352,10.199671745300293,0.3360762894153595,0,9.532323837280273
5148.800000000352,10.25782299041748,0.35905587673187256,0,9.603026390075684
5149.600000000352,10.937261581420898,0.35216739773750305,0,9.63749885559082
5150.4000000003525,11.42163372039795,0.35433804988861084,0,9.633569717407227
5151.200000000353,9.539571762084961,0.33759790658950806,0,9.596663475036621
5152.000000000353,10.838467597961426,0.321984201669693,0,9.536417961120605
5152.800000000353,12.259193420410156,0.33263474702835083,0,9.463032722473145
5153.600000000353,8.90410041809082,0.34251007437705994,0,9.386138916015625
5154.400000000353,10.129170417785645,0.33328282833099365,0,9.312836647033691
5155.200000000354,8.928483963012695,0.3660447895526886,0,9.248625755310059
5156.000000000354,10.171232223510742,0.3543775975704193,0,9.199094772338867
5156.800000000354,9.139535903930664,0.331257164478302,0,9.168468475341797
5157.600000000354,10.61473274230957,0.3250436782836914,0,9.157551765441895
5158.400000000354,10.441495895385742,0.3385768532752991,0,9.165632247924805
5159.2000000003545,9.326838493347168,0.31001296639442444,0,9.188283920288086
5160.000000000355,8.463061332702637,0.3256327509880066,0,9.22125244140625
5160.800000000355,9.025970458984375,0.34193548560142517,0,9.260315895080566
5161.600000000355,9.690267562866211,0.3171662986278534,0,9.303910255432129
5162.400000000355,12.414138793945312,0.3119383454322815,0,9.351370811462402
5163.200000000355,5.6101579666137695,0.33820676803588867,0,9.403275489807129
5164.000000000356,10.701506614685059,0.34497717022895813,0,9.460548400878906
5164.800000000356,8.994990348815918,0.344833642244339,0,9.52279281616211
5165.600000000356,10.57116985321045,0.3455994129180908,0,9.591031074523926
5166.400000000356,10.497993469238281,0.3385540843009949,0,9.668397903442383
5167.200000000356,13.987833023071289,0.3207114338874817,0,9.755288124084473
5168.0000000003565,10.708477020263672,0.37623390555381775,0,9.85037899017334
5168.800000000357,11.76331615447998,0.3920231759548187,0,9.94933795928955
5169.600000000357,10.006734848022461,0.3668212890625,0,10.041394233703613
5170.400000000357,11.25390338897705,0.3417052626609802,0,10.115979194641113
5171.200000000357,12.256906509399414,0.34354689717292786,0,10.162013053894043
5172.000000000357,12.896689414978027,0.361172616481781,0,10.172783851623535
5172.800000000358,11.970969200134277,0.3556826114654541,0,10.149456977844238
5173.600000000358,11.647676467895508,0.37667739391326904,0,10.102181434631348
5174.400000000358,8.245340347290039,0.3852923810482025,0,10.043502807617188
5175.200000000358,11.429544448852539,0.34774360060691833,0,9.985311508178711
5176.000000000358,10.258903503417969,0.34390851855278015,0,9.937350273132324
5176.8000000003585,13.882198333740234,0.31073006987571716,0,9.902021408081055
5177.600000000359,11.791674613952637,0.33411741256713867,0,9.876470565795898
5178.400000000359,8.730010032653809,0.3370390236377716,0,9.854288101196289
5179.200000000359,11.360282897949219,0.32174554467201233,0,9.830042839050293
5180.000000000359,11.56340217590332,0.3354635238647461,0,9.802396774291992
5180.800000000359,10.368535041809082,0.33430227637290955,0,9.773064613342285
5181.60000000036,14.20473575592041,0.32363998889923096,0,9.747364044189453
5182.40000000036,10.69017219543457,0.3067222535610199,0,9.73241901397705
5183.20000000036,12.561909675598145,0.3514516055583954,0,9.733001708984375
5184.00000000036,10.198880195617676,0.382269024848938,0,9.749894142150879
5184.80000000036,10.889476776123047,0.39369383454322815,0,9.779075622558594
5185.6000000003605,9.397697448730469,0.323141872882843,0,9.815030097961426
5186.400000000361,12.057271957397461,0.3861536979675293,0,9.851542472839355
5187.200000000361,11.216093063354492,0.33540377020835876,0,9.882367134094238
5188.000000000361,9.85036849975586,0.362896203994751,0,9.902152061462402
5188.800000000361,12.322455406188965,0.36100584268569946,0,9.909599304199219
5189.600000000361,8.51097297668457,0.35029616951942444,0,9.905226707458496
5190.400000000362,9.944564819335938,0.36238980293273926,0,9.892599105834961
5191.200000000362,10.390206336975098,0.3072701394557953,0,9.876668930053711
5192.000000000362,11.284558296203613,0.32611969113349915,0,9.860486030578613
5192.800000000362,10.035614967346191,0.3600805103778839,0,9.847131729125977
5193.600000000362,11.383024215698242,0.37169474363327026,0,9.837852478027344
5194.4000000003625,9.264739990234375,0.3615914285182953,0,9.831915855407715
5195.200000000363,13.898187637329102,0.36594146490097046,0,9.827488899230957
5196.000000000363,9.54879379272461,0.3165704309940338,0,9.82111644744873
5196.800000000363,8.806870460510254,0.36274653673171997,0,9.808145523071289
5197.600000000363,8.691306114196777,0.3284154534339905,0,9.78558349609375
5198.400000000363,10.34716510772705,0.2852424085140228,0,9.751277923583984
5199.200000000364,9.959348678588867,0.2649214565753937,0,9.703640937805176
5200.000000000364,9.948418617248535,0.2814203202724457,0,9.650394439697266
5200.800000000364,11.16789722442627,0.2791231870651245,0,9.593876838684082
5201.600000000364,12.860795974731445,0.29211100935935974,0,9.537196159362793
5202.400000000364,10.413152694702148,0.3292400538921356,0,9.49326229095459
5203.2000000003645,9.272144317626953,0.3537804186344147,0,9.470743179321289
5204.000000000365,8.749127388000488,0.34270167350769043,0,9.47674560546875
5204.800000000365,9.8480863571167,0.3614996373653412,0,9.515020370483398
5205.600000000365,9.268698692321777,0.348794162273407,0,9.58243465423584
5206.400000000365,10.543543815612793,0.37107306718826294,0,9.6664400100708
5207.200000000365,11.457765579223633,0.37344008684158325,0,9.752371788024902
5208.000000000366,8.269172668457031,0.38301196694374084,0,9.822427749633789
5208.800000000366,7.355522155761719,0.37455418705940247,0,9.861710548400879
5209.600000000366,5.89246940612793,0.37717390060424805,0,9.862862586975098
5210.400000000366,9.19799518585205,0.3493622839450836,0,9.827120780944824
5211.200000000366,10.73052978515625,0.3480718731880188,0,9.760421752929688
5212.0000000003665,7.099492073059082,0.3450818657875061,0,9.674763679504395
5212.800000000367,8.449125289916992,0.34831905364990234,0,9.584874153137207
5213.600000000367,7.9996466636657715,0.3752956688404083,0,9.503042221069336
5214.400000000367,8.9779691696167,0.3640715479850769,0,9.440552711486816
5215.200000000367,9.036081314086914,0.3443799316883087,0,9.403812408447266
5216.000000000367,10.968795776367188,0.3574455976486206,0,9.397117614746094
5216.800000000368,10.47081470489502,0.35228201746940613,0,9.42013931274414
5217.600000000368,10.406328201293945,0.3712444007396698,0,9.468116760253906
5218.400000000368,10.315291404724121,0.35070928931236267,0,9.534895896911621
5219.200000000368,13.445167541503906,0.35683944821357727,0,9.61049747467041
5220.000000000368,8.733427047729492,0.379475861787796,0,9.685517311096191
5220.8000000003685,6.582630634307861,0.33526432514190674,0,9.754115104675293
5221.600000000369,8.108206748962402,0.35800570249557495,0,9.812667846679688
5222.400000000369,8.150239944458008,0.3689865171909332,0,9.863457679748535
5223.200000000369,12.75999927520752,0.3635907769203186,0,9.913729667663574
5224.000000000369,10.11230182647705,0.374424546957016,0,9.970521926879883
5224.800000000369,8.550101280212402,0.3397935628890991,0,10.036765098571777
5225.60000000037,10.866586685180664,0.35145103931427,0,10.109354019165039
5226.40000000037,9.27901840209961,0.3254401683807373,0,10.178738594055176
5227.20000000037,10.269618034362793,0.3520072400569916,0,10.230803489685059
5228.00000000037,10.524398803710938,0.37871477007865906,0,10.253713607788086
5228.80000000037,10.690702438354492,0.3786103427410126,0,10.239396095275879
5229.6000000003705,11.250031471252441,0.3636103570461273,0,10.187458992004395
5230.400000000371,11.173796653747559,0.3501903712749481,0,10.10356330871582
5231.200000000371,11.448323249816895,0.33709821105003357,0,9.996525764465332
5232.000000000371,11.091829299926758,0.34370577335357666,0,9.876543045043945
5232.800000000371,10.749368667602539,0.3420069217681885,0,9.749900817871094
5233.600000000371,10.979921340942383,0.36728158593177795,0,9.621989250183105
5234.400000000372,7.7494378089904785,0.3745094835758209,0,9.501405715942383
5235.200000000372,9.625328063964844,0.3657951056957245,0,9.392594337463379
5236.000000000372,9.76713752746582,0.3594443202018738,0,9.308272361755371
5236.800000000372,9.096717834472656,0.35689905285835266,0,9.261908531188965
5237.600000000372,8.484286308288574,0.3272307217121124,0,9.261713027954102
5238.4000000003725,10.391194343566895,0.35260847210884094,0,9.30923080444336
5239.200000000373,11.441783905029297,0.32900482416152954,0,9.395845413208008
5240.000000000373,8.569502830505371,0.35121044516563416,0,9.507211685180664
5240.800000000373,8.348186492919922,0.34818655252456665,0,9.623625755310059
5241.600000000373,6.961221694946289,0.34668850898742676,0,9.727958679199219
5242.400000000373,9.475961685180664,0.37140148878097534,0,9.812803268432617
5243.200000000374,9.45980453491211,0.3791409730911255,0,9.874382972717285
5244.000000000374,12.69342041015625,0.37046217918395996,0,9.915803909301758
5244.800000000374,9.928711891174316,0.3763507902622223,0,9.942705154418945
5245.600000000374,9.469362258911133,0.35889795422554016,0,9.95772647857666
5246.400000000374,13.568114280700684,0.3493060767650604,0,9.960051536560059
5247.2000000003745,10.901535987854004,0.3545583486557007,0,9.947040557861328
5248.000000000375,10.625972747802734,0.36686864495277405,0,9.916298866271973
5248.800000000375,12.19045352935791,0.34158629179000854,0,9.869226455688477
5249.600000000375,10.301729202270508,0.38294970989227295,0,9.812646865844727
5250.400000000375,11.504307746887207,0.35642382502555847,0,9.756061553955078
5251.200000000375,9.600303649902344,0.37101098895072937,0,9.71020221710205
5252.000000000376,9.791824340820312,0.38670164346694946,0,9.682574272155762
5252.800000000376,9.002120018005371,0.36408570408821106,0,9.676413536071777
5253.600000000376,11.98717975616455,0.348643034696579,0,9.69074821472168
5254.400000000376,7.939920902252197,0.34809359908103943,0,9.720962524414062
5255.200000000376,12.6294527053833,0.34647229313850403,0,9.761519432067871
5256.0000000003765,9.567709922790527,0.3309672772884369,0,9.807270050048828
5256.800000000377,9.103391647338867,0.35960671305656433,0,9.855141639709473
5257.600000000377,8.521566390991211,0.371762752532959,0,9.902278900146484
5258.400000000377,9.478327751159668,0.36436712741851807,0,9.946710586547852
5259.200000000377,6.726337909698486,0.371650367975235,0,9.986483573913574
5260.000000000377,9.459457397460938,0.36725351214408875,0,10.02122688293457
5260.800000000378,11.336629867553711,0.36566877365112305,0,10.049296379089355
5261.600000000378,6.155553817749023,0.3592222332954407,0,10.069828033447266
5262.400000000378,6.497859477996826,0.38849446177482605,0,10.082935333251953
5263.200000000378,8.026427268981934,0.4011805057525635,0,10.088693618774414
5264.000000000378,7.314663410186768,0.4047974646091461,0,10.088562965393066
5264.8000000003785,12.019762992858887,0.4053812623023987,0,10.082403182983398
5265.600000000379,12.500781059265137,0.3696058392524719,0,10.068706512451172
5266.400000000379,7.2798380851745605,0.3744499683380127,0,10.044910430908203
5267.200000000379,9.763840675354004,0.3983989357948303,0,10.006518363952637
5268.000000000379,9.876142501831055,0.3950900733470917,0,9.951068878173828
5268.800000000379,10.296693801879883,0.3641287088394165,0,9.876387596130371
5269.60000000038,9.70580005645752,0.3919410705566406,0,9.786625862121582
5270.40000000038,9.60599422454834,0.39316099882125854,0,9.691049575805664
5271.20000000038,8.134593963623047,0.3785877525806427,0,9.599576950073242
5272.00000000038,8.163249015808105,0.39567360281944275,0,9.52078628540039
5272.80000000038,11.619149208068848,0.36495736241340637,0,9.462701797485352
5273.6000000003805,7.033332824707031,0.372830867767334,0,9.429078102111816
5274.400000000381,9.610361099243164,0.35829657316207886,0,9.420619010925293
5275.200000000381,5.842286109924316,0.37105414271354675,0,9.43380355834961
5276.000000000381,9.496109008789062,0.3684285879135132,0,9.463418960571289
5276.800000000381,8.882658004760742,0.3590662181377411,0,9.502201080322266
5277.600000000381,9.975247383117676,0.3089982271194458,0,9.542231559753418
5278.400000000382,10.64310073852539,0.3674759566783905,0,9.57525634765625
5279.200000000382,8.041086196899414,0.3660184144973755,0,9.593408584594727
5280.000000000382,8.967126846313477,0.3426208794116974,0,9.594660758972168
5280.800000000382,10.022038459777832,0.34791097044944763,0,9.57896614074707
5281.600000000382,10.110758781433105,0.35438188910484314,0,9.552677154541016
5282.4000000003825,7.733537673950195,0.3722876310348511,0,9.523662567138672
5283.200000000383,6.374218940734863,0.38323161005973816,0,9.500218391418457
5284.000000000383,8.627528190612793,0.35158771276474,0,9.487768173217773
5284.800000000383,10.3422212600708,0.3884604275226593,0,9.48748779296875
5285.600000000383,12.029657363891602,0.3957863450050354,0,9.497047424316406
5286.400000000383,9.539504051208496,0.35711899399757385,0,9.513161659240723
5287.200000000384,8.397677421569824,0.3622403144836426,0,9.534070014953613
5288.000000000384,10.31902027130127,0.36173588037490845,0,9.56350326538086
5288.800000000384,9.538545608520508,0.37392860651016235,0,9.606209754943848
5289.600000000384,7.770114898681641,0.3757496476173401,0,9.667649269104004
5290.400000000384,9.918830871582031,0.36984574794769287,0,9.75020980834961
5291.2000000003845,8.93991756439209,0.36097031831741333,0,9.851675987243652
5292.000000000385,11.098727226257324,0.33774876594543457,0,9.9619722366333
5292.800000000385,8.792890548706055,0.3512582778930664,0,10.071942329406738
5293.600000000385,10.36225414276123,0.3786725103855133,0,10.168680191040039
5294.400000000385,11.402430534362793,0.3785414695739746,0,10.242661476135254
5295.200000000385,10.501203536987305,0.3781523108482361,0,10.291766166687012
5296.000000000386,13.037788391113281,0.37217170000076294,0,10.315142631530762
5296.800000000386,9.932768821716309,0.35802051424980164,0,10.31694221496582
5297.600000000386,10.287873268127441,0.347412645816803,0,10.303842544555664
5298.400000000386,9.119603157043457,0.3366818130016327,0,10.282215118408203
5299.200000000386,10.691368103027344,0.3442363142967224,0,10.255894660949707
5300.0000000003865,8.846169471740723,0.3650531768798828,0,10.223139762878418
5300.800000000387,10.354812622070312,0.3508710563182831,0,10.178540229797363
5301.600000000387,10.979996681213379,0.34449002146720886,0,10.11567497253418
5302.400000000387,10.592324256896973,0.3213774263858795,0,10.033062934875488
5303.200000000387,9.721247673034668,0.31975480914115906,0,9.932623863220215
5304.000000000387,10.897770881652832,0.32401758432388306,0,9.82463264465332
5304.800000000388,11.279773712158203,0.36723875999450684,0,9.718857765197754
5305.600000000388,10.569368362426758,0.34226712584495544,0,9.625191688537598
5306.400000000388,10.255180358886719,0.34364384412765503,0,9.549508094787598
5307.200000000388,11.201727867126465,0.3240073323249817,0,9.492172241210938
5308.000000000388,10.308821678161621,0.3390306830406189,0,9.452155113220215
5308.8000000003885,6.96486759185791,0.341774582862854,0,9.428116798400879
5309.600000000389,10.022631645202637,0.3367330729961395,0,9.41796588897705
5310.400000000389,10.658374786376953,0.36066824197769165,0,9.42068862915039
5311.200000000389,12.755010604858398,0.3417612612247467,0,9.433777809143066
5312.000000000389,10.570048332214355,0.36035656929016113,0,9.455414772033691
5312.800000000389,14.055776596069336,0.3365381956100464,0,9.484132766723633
5313.60000000039,10.63916015625,0.3472943603992462,0,9.520121574401855
5314.40000000039,9.24766731262207,0.3132374882698059,0,9.563732147216797
5315.20000000039,7.623397350311279,0.3274848163127899,0,9.615636825561523
5316.00000000039,12.509427070617676,0.34112614393234253,0,9.674361228942871
5316.80000000039,9.809077262878418,0.3364377021789551,0,9.734915733337402
5317.6000000003905,8.588444709777832,0.3373631238937378,0,9.794106483459473
5318.400000000391,6.779469966888428,0.35593822598457336,0,9.84821605682373
5319.200000000391,10.266054153442383,0.34778326749801636,0,9.89443588256836
5320.000000000391,11.120648384094238,0.3594195544719696,0,9.934845924377441
5320.800000000391,11.45732593536377,0.32466670870780945,0,9.969437599182129
5321.600000000391,10.03748893737793,0.350273072719574,0,10.000267028808594
5322.400000000392,9.529526710510254,0.3377607762813568,0,10.028410911560059
5323.200000000392,12.052218437194824,0.35241377353668213,0,10.055349349975586
5324.000000000392,9.368590354919434,0.36697933077812195,0,10.083045959472656
5324.800000000392,9.117500305175781,0.3360474407672882,0,10.114458084106445
5325.600000000392,9.162740707397461,0.36975765228271484,0,10.151002883911133
5326.4000000003925,8.72047233581543,0.37342146039009094,0,10.191699028015137
5327.200000000393,11.352792739868164,0.39174750447273254,0,10.232622146606445
5328.000000000393,8.620332717895508,0.34646692872047424,0,10.269296646118164
5328.800000000393,13.281769752502441,0.3422795832157135,0,10.29737377166748
5329.600000000393,10.900101661682129,0.36796778440475464,0,10.31399917602539
5330.400000000393,8.416254043579102,0.3757111728191376,0,10.320087432861328
5331.200000000394,12.039928436279297,0.342325896024704,0,10.316071510314941
5332.000000000394,8.497346878051758,0.34911617636680603,0,10.305155754089355
5332.800000000394,12.839632987976074,0.34539830684661865,0,10.290283203125
5333.600000000394,15.404767036437988,0.3556242287158966,0,10.273613929748535
5334.400000000394,10.928692817687988,0.344140887260437,0,10.254981994628906
5335.2000000003945,11.51568603515625,0.35013896226882935,0,10.23451042175293
5336.000000000395,10.602951049804688,0.34149858355522156,0,10.212587356567383
5336.800000000395,8.204241752624512,0.36293667554855347,0,10.188494682312012
5337.600000000395,5.959811210632324,0.34997960925102234,0,10.16324234008789
5338.400000000395,9.995378494262695,0.35153305530548096,0,10.134714126586914
5339.200000000395,12.583584785461426,0.32324710488319397,0,10.102596282958984
5340.000000000396,12.621658325195312,0.39971011877059937,0,10.065108299255371
5340.800000000396,10.566461563110352,0.3895602226257324,0,10.018372535705566
5341.600000000396,10.022160530090332,0.38320910930633545,0,9.962509155273438
5342.400000000396,11.210179328918457,0.37109002470970154,0,9.898823738098145
5343.200000000396,7.529038429260254,0.3450331389904022,0,9.83181095123291
5344.0000000003965,10.953771591186523,0.35009241104125977,0,9.76940631866455
5344.800000000397,8.301515579223633,0.3308340609073639,0,9.71873664855957
5345.600000000397,10.396279335021973,0.3552485406398773,0,9.683728218078613
5346.400000000397,10.204629898071289,0.34499651193618774,0,9.667830467224121
5347.200000000397,4.6156182289123535,0.36556699872016907,0,9.671503067016602
5348.000000000397,12.162712097167969,0.3822115659713745,0,9.695164680480957
5348.800000000398,8.283015251159668,0.3502520024776459,0,9.736754417419434
5349.600000000398,10.413050651550293,0.356758177280426,0,9.794096946716309
5350.400000000398,10.280491828918457,0.3531990349292755,0,9.86242961883545
5351.200000000398,10.20698070526123,0.35070642828941345,0,9.935315132141113
5352.000000000398,9.292364120483398,0.3332419991493225,0,10.008341789245605
5352.8000000003985,7.811229228973389,0.352017879486084,0,10.076435089111328
5353.600000000399,8.196394920349121,0.39431095123291016,0,10.138445854187012
5354.400000000399,9.424864768981934,0.3850609064102173,0,10.194498062133789
5355.200000000399,7.749669551849365,0.3565109670162201,0,10.245317459106445
5356.000000000399,9.854379653930664,0.3706420361995697,0,10.291875839233398
5356.800000000399,10.53662395477295,0.3318668603897095,0,10.33081340789795
5357.6000000004,10.285304069519043,0.3374401926994324,0,10.36317253112793
5358.4000000004,9.350537300109863,0.3632751405239105,0,10.386659622192383
5359.2000000004,12.284439086914062,0.34765952825546265,0,10.3992338180542
5360.0000000004,12.716784477233887,0.3422660827636719,0,10.400729179382324
5360.8000000004,13.485382080078125,0.3407404124736786,0,10.391251564025879
5361.6000000004005,8.20312213897705,0.33908942341804504,0,10.368828773498535
5362.400000000401,13.041108131408691,0.3478873372077942,0,10.334572792053223
5363.200000000401,11.21828842163086,0.34708550572395325,0,10.29014778137207
5364.000000000401,7.570693492889404,0.36784520745277405,0,10.238228797912598
5364.800000000401,9.80749797821045,0.32659345865249634,0,10.183816909790039
5365.600000000401,10.64697265625,0.3531145751476288,0,10.128809928894043
5366.400000000402,9.303214073181152,0.3373723328113556,0,10.074061393737793
5367.200000000402,6.819809436798096,0.3375454246997833,0,10.020421028137207
5368.000000000402,11.834644317626953,0.3196159899234772,0,9.965859413146973
5368.800000000402,12.179776191711426,0.3305475413799286,0,9.911066055297852
5369.600000000402,8.374568939208984,0.34787699580192566,0,9.856843948364258
5370.4000000004025,12.024458885192871,0.35343390703201294,0,9.806342124938965
5371.200000000403,10.72970962524414,0.37113359570503235,0,9.764456748962402
5372.000000000403,10.169785499572754,0.3486141562461853,0,9.735481262207031
5372.800000000403,9.266382217407227,0.36542901396751404,0,9.723060607910156
5373.600000000403,11.183526039123535,0.3336069583892822,0,9.729374885559082
5374.400000000403,11.47141170501709,0.3668152689933777,0,9.754780769348145
5375.200000000404,10.866564750671387,0.3494535982608795,0,9.798348426818848
5376.000000000404,8.925148010253906,0.357666552066803,0,9.857430458068848
5376.800000000404,12.432581901550293,0.3215164542198181,0,9.92669677734375
5377.600000000404,14.347823143005371,0.3307346701622009,0,10.000033378601074
5378.400000000404,7.239223003387451,0.3486931622028351,0,10.069565773010254
5379.2000000004045,12.483209609985352,0.3502708673477173,0,10.126797676086426
5380.000000000405,9.488856315612793,0.36643585562705994,0,10.1652193069458
5380.800000000405,7.217528820037842,0.3521772027015686,0,10.180915832519531
5381.600000000405,15.784149169921875,0.3188251256942749,0,10.173376083374023
5382.400000000405,13.597672462463379,0.3689917027950287,0,10.147747993469238
5383.200000000405,11.834381103515625,0.3581465780735016,0,10.112870216369629
5384.000000000406,10.377717018127441,0.3771566152572632,0,10.078231811523438
5384.800000000406,12.379753112792969,0.34847041964530945,0,10.054298400878906
5385.600000000406,7.573466777801514,0.3686884939670563,0,10.047052383422852
5386.400000000406,8.795369148254395,0.357177734375,0,10.056239128112793
5387.200000000406,11.277950286865234,0.3600199520587921,0,10.07832145690918
5388.0000000004065,10.366060256958008,0.3667648732662201,0,10.104792594909668
5388.800000000407,11.946379661560059,0.3514690101146698,0,10.127460479736328
5389.600000000407,6.07248067855835,0.4008982181549072,0,10.138971328735352
5390.400000000407,7.603118419647217,0.37084147334098816,0,10.136021614074707
5391.200000000407,12.068848609924316,0.3691621720790863,0,10.118926048278809
5392.000000000407,10.706598281860352,0.3649686574935913,0,10.091752052307129
5392.800000000408,11.262378692626953,0.34138748049736023,0,10.06069278717041
5393.600000000408,10.53433609008789,0.34377521276474,0,10.031291961669922
5394.400000000408,9.669245719909668,0.36496084928512573,0,10.0078125
5395.200000000408,8.602398872375488,0.3593679964542389,0,9.993653297424316
5396.000000000408,9.569123268127441,0.3578746020793915,0,9.989557266235352
5396.8000000004085,10.23642635345459,0.35576438903808594,0,9.995022773742676
5397.600000000409,12.991637229919434,0.3441546559333801,0,10.0087890625
5398.400000000409,10.572980880737305,0.3737262487411499,0,10.0285062789917
5399.200000000409,8.854166030883789,0.3558404743671417,0,10.053726196289062
5400.000000000409,8.101517677307129,0.3653973639011383,0,10.08569622039795
5400.800000000409,10.360599517822266,0.3795858323574066,0,10.126565933227539
5401.60000000041,9.241751670837402,0.3510817885398865,0,10.177627563476562
5402.40000000041,13.100520133972168,0.3610841929912567,0,10.238866806030273
5403.20000000041,11.180229187011719,0.3579808175563812,0,10.30811882019043
5404.00000000041,9.382713317871094,0.3767320215702057,0,10.379765510559082
5404.80000000041,11.207786560058594,0.34959644079208374,0,10.444697380065918
5405.600000000411,13.473932266235352,0.3749023377895355,0,10.49575424194336
5406.400000000411,10.030601501464844,0.3267897367477417,0,10.527155876159668
5407.200000000411,12.994529724121094,0.35106587409973145,0,10.536773681640625
5408.000000000411,13.017894744873047,0.40212079882621765,0,10.525547981262207
5408.800000000411,9.2317476272583,0.3920409083366394,0,10.497407913208008
5409.6000000004115,8.593705177307129,0.3723127841949463,0,10.460221290588379
5410.400000000412,9.94555377960205,0.3749813437461853,0,10.421992301940918
5411.200000000412,7.7768473625183105,0.3648054599761963,0,10.389960289001465
5412.000000000412,11.234901428222656,0.38955363631248474,0,10.369771003723145
5412.800000000412,9.168439865112305,0.3574427664279938,0,10.362115859985352
5413.600000000412,8.240745544433594,0.36217552423477173,0,10.364029884338379
5414.400000000413,11.986613273620605,0.3764439821243286,0,10.368927001953125
5415.200000000413,8.170487403869629,0.34851059317588806,0,10.368508338928223
5416.000000000413,12.396097183227539,0.3461257517337799,0,10.357766151428223
5416.800000000413,7.832963943481445,0.3811848759651184,0,10.33389949798584
5417.600000000413,12.674033164978027,0.3552389442920685,0,10.29834270477295
5418.4000000004135,12.681231498718262,0.3568117916584015,0,10.255716323852539
5419.200000000414,8.011361122131348,0.3415641784667969,0,10.210322380065918
5420.000000000414,10.605271339416504,0.36493563652038574,0,10.166348457336426
5420.800000000414,8.080178260803223,0.34099289774894714,0,10.127944946289062
5421.600000000414,8.677547454833984,0.3546821177005768,0,10.096649169921875
5422.400000000414,12.469000816345215,0.34878379106521606,0,10.072498321533203
5423.200000000415,9.610404014587402,0.3681229054927826,0,10.052593231201172
5424.000000000415,11.35512638092041,0.35595616698265076,0,10.03305435180664
5424.800000000415,11.015608787536621,0.3440244793891907,0,10.010594367980957
5425.600000000415,9.845211029052734,0.3828754425048828,0,9.98078727722168
5426.400000000415,9.267836570739746,0.3586973547935486,0,9.941890716552734
5427.2000000004155,10.59139347076416,0.3412155210971832,0,9.892464637756348
5428.000000000416,8.492682456970215,0.3562241494655609,0,9.833966255187988
5428.800000000416,13.194416999816895,0.37590405344963074,0,9.771563529968262
5429.600000000416,11.39902400970459,0.3802110254764557,0,9.709307670593262
5430.400000000416,11.781869888305664,0.34761929512023926,0,9.655875205993652
5431.200000000416,8.476030349731445,0.38309237360954285,0,9.615490913391113
5432.000000000417,7.946893692016602,0.36397212743759155,0,9.59101390838623
5432.800000000417,11.250276565551758,0.3901917040348053,0,9.58278751373291
5433.600000000417,8.315837860107422,0.3642062246799469,0,9.589643478393555
5434.400000000417,15.078140258789062,0.38244739174842834,0,9.610518455505371
5435.200000000417,7.406941890716553,0.35494714975357056,0,9.642391204833984
5436.0000000004175,12.422240257263184,0.36383256316185,0,9.680034637451172
5436.800000000418,9.988470077514648,0.37162214517593384,0,9.718819618225098
5437.600000000418,10.323868751525879,0.35973820090293884,0,9.752731323242188
5438.400000000418,11.110992431640625,0.3242787718772888,0,9.777996063232422
5439.200000000418,9.815496444702148,0.36139360070228577,0,9.791617393493652
5440.000000000418,7.903537750244141,0.3489164710044861,0,9.792296409606934
5440.800000000419,10.207265853881836,0.3697381019592285,0,9.779470443725586
5441.600000000419,10.148003578186035,0.37734556198120117,0,9.75096321105957
5442.400000000419,11.89139461517334,0.342446506023407,0,9.705706596374512
5443.200000000419,9.285120964050293,0.39738258719444275,0,9.642945289611816
5444.000000000419,11.769254684448242,0.36033686995506287,0,9.561744689941406
5444.8000000004195,13.051795959472656,0.36216408014297485,0,9.463346481323242
5445.60000000042,9.469928741455078,0.37988176941871643,0,9.352151870727539
5446.40000000042,12.287778854370117,0.38298535346984863,0,9.23205852508545
5447.20000000042,6.585353374481201,0.3747132420539856,0,9.108577728271484
5448.00000000042,9.587461471557617,0.34314584732055664,0,8.993699073791504
5448.80000000042,6.158542156219482,0.36576521396636963,0,8.895721435546875
5449.600000000421,8.196191787719727,0.3586955964565277,0,8.827239036560059
5450.400000000421,9.833120346069336,0.38145291805267334,0,8.80711841583252
5451.200000000421,9.44986343383789,0.37302684783935547,0,8.8600435256958
5452.000000000421,9.35303783416748,0.3402923345565796,0,9.018214225769043
5452.800000000421,4.568405628204346,0.3523655831813812,0,9.270442962646484
5453.6000000004215,10.673331260681152,0.39960330724716187,0,9.502346992492676
5454.400000000422,9.606095314025879,0.38302716612815857,0,9.598943710327148
5455.200000000422,9.790741920471191,0.3526100516319275,0,9.585134506225586
5456.000000000422,8.368114471435547,0.386955201625824,0,9.437539100646973
5456.800000000422,13.334428787231445,0.3642297685146332,0,9.178912162780762
5457.600000000422,8.317758560180664,0.37865516543388367,0,8.943758010864258
5458.400000000423,11.159849166870117,0.3681303858757019,0,8.808025360107422
5459.200000000423,8.006654739379883,0.40623342990875244,0,8.759283065795898
5460.000000000423,7.079648971557617,0.3914397358894348,0,8.76132583618164
5460.800000000423,8.043108940124512,0.3195045590400696,0,8.781349182128906
5461.600000000423,11.505451202392578,0.2831064462661743,0,8.796422958374023
5462.4000000004235,13.416556358337402,0.2888297736644745,0,8.800408363342285
5463.200000000424,11.503701210021973,0.33132943511009216,0,8.788251876831055
5464.000000000424,9.901588439941406,0.3673807680606842,0,8.763619422912598
5464.800000000424,7.721466064453125,0.3650659918785095,0,8.736040115356445
5465.600000000424,10.38187026977539,0.36496520042419434,0,8.718833923339844
5466.400000000424,9.35070514678955,0.3637504279613495,0,8.723000526428223
5467.200000000425,12.36783218383789,0.3394106924533844,0,8.753724098205566
5468.000000000425,9.58306884765625,0.36461707949638367,0,8.811627388000488
5468.800000000425,10.64522933959961,0.3473252058029175,0,8.892434120178223
5469.600000000425,11.115140914916992,0.3578000068664551,0,8.990331649780273
5470.400000000425,6.276453018188477,0.364153116941452,0,9.101049423217773
5471.2000000004255,9.245192527770996,0.3643910586833954,0,9.217723846435547
5472.000000000426,11.45883846282959,0.35462290048599243,0,9.33616828918457
5472.800000000426,10.154762268066406,0.35120877623558044,0,9.45069408416748
5473.600000000426,12.182908058166504,0.3756205141544342,0,9.552473068237305
5474.400000000426,10.323596000671387,0.40625065565109253,0,9.63559627532959
5475.200000000426,11.880392074584961,0.37205076217651367,0,9.69311237335205
5476.000000000427,6.762869834899902,0.38963472843170166,0,9.721285820007324
5476.800000000427,9.517754554748535,0.37454214692115784,0,9.722561836242676
5477.600000000427,7.287578105926514,0.380645215511322,0,9.699834823608398
5478.400000000427,11.083768844604492,0.3357997536659241,0,9.655512809753418
5479.200000000427,11.904824256896973,0.35326576232910156,0,9.592259407043457
5480.0000000004275,11.527132034301758,0.3550467789173126,0,9.51241683959961
5480.800000000428,10.818861961364746,0.34801504015922546,0,9.417980194091797
5481.600000000428,7.092244625091553,0.3837423324584961,0,9.317673683166504
5482.400000000428,11.796302795410156,0.36737319827079773,0,9.219038963317871
5483.200000000428,12.046798706054688,0.33906427025794983,0,9.129217147827148
5484.000000000428,6.804586887359619,0.35627540946006775,0,9.056588172912598
5484.800000000429,10.58435344696045,0.3740604817867279,0,9.005841255187988
5485.600000000429,11.246498107910156,0.3520473539829254,0,8.980913162231445
5486.400000000429,7.223628520965576,0.35772138833999634,0,8.985754013061523
5487.200000000429,7.798438549041748,0.37065839767456055,0,9.028532028198242
5488.000000000429,9.953003883361816,0.36696338653564453,0,9.112539291381836
5488.8000000004295,13.030623435974121,0.36709141731262207,0,9.241979598999023
5489.60000000043,11.643310546875,0.35235992074012756,0,9.410731315612793
5490.40000000043,9.550203323364258,0.33927854895591736,0,9.60928726196289
5491.20000000043,7.102987766265869,0.4023350477218628,0,9.82130241394043
5492.00000000043,11.724799156188965,0.41967061161994934,0,10.026202201843262
5492.80000000043,9.582386016845703,0.361833393573761,0,10.208956718444824
5493.600000000431,11.664543151855469,0.36572763323783875,0,10.354321479797363
5494.400000000431,10.779509544372559,0.3777785003185272,0,10.455096244812012
5495.200000000431,8.377175331115723,0.38630807399749756,0,10.511054992675781
5496.000000000431,9.522676467895508,0.420697957277298,0,10.52686595916748
5496.800000000431,12.940465927124023,0.3673947751522064,0,10.511642456054688
5497.6000000004315,11.021072387695312,0.37707504630088806,0,10.475682258605957
5498.400000000432,9.446069717407227,0.3777932822704315,0,10.428841590881348
5499.200000000432,11.15619945526123,0.3814694583415985,0,10.380308151245117
5500.000000000432,11.986090660095215,0.34728381037712097,0,10.334871292114258
5500.800000000432,8.73648452758789,0.368919312953949,0,10.296245574951172
5501.600000000432,10.681554794311523,0.3865312933921814,0,10.26449203491211
5502.400000000433,8.002751350402832,0.4023493528366089,0,10.237814903259277
5503.200000000433,11.036859512329102,0.40400317311286926,0,10.212056159973145
5504.000000000433,10.286500930786133,0.3601536750793457,0,10.178241729736328
5504.800000000433,8.459291458129883,0.37584298849105835,0,10.128246307373047
5505.600000000433,12.398177146911621,0.3865017592906952,0,10.056562423706055
5506.4000000004335,10.020703315734863,0.3746148943901062,0,9.965084075927734
5507.200000000434,8.463899612426758,0.4012776017189026,0,9.864574432373047
5508.000000000434,12.514060974121094,0.40108075737953186,0,9.76602554321289
5508.800000000434,12.711092948913574,0.35700833797454834,0,9.683622360229492
5509.600000000434,8.431431770324707,0.3751479387283325,0,9.62535572052002
5510.400000000434,11.883275032043457,0.3704516887664795,0,9.596918106079102
5511.200000000435,10.129538536071777,0.3858077824115753,0,9.596327781677246
5512.000000000435,7.627477645874023,0.4002511203289032,0,9.615185737609863
5512.800000000435,9.84801197052002,0.38991087675094604,0,9.640932083129883
5513.600000000435,8.737299919128418,0.38482192158699036,0,9.65652847290039
5514.400000000435,10.602923393249512,0.3451630175113678,0,9.648198127746582
5515.2000000004355,11.526110649108887,0.379238486289978,0,9.605233192443848
5516.000000000436,11.753484725952148,0.3843649923801422,0,9.521963119506836
5516.800000000436,10.930323600769043,0.3659072518348694,0,9.406814575195312
5517.600000000436,9.28231430053711,0.3840370178222656,0,9.274468421936035
5518.400000000436,10.491044044494629,0.39137962460517883,0,9.147919654846191
5519.200000000436,7.203226566314697,0.4009801149368286,0,9.047243118286133
5520.000000000437,10.1366605758667,0.3923725485801697,0,8.992964744567871
5520.800000000437,9.231531143188477,0.34483635425567627,0,8.992596626281738
5521.600000000437,8.921741485595703,0.37048017978668213,0,9.038518905639648
5522.400000000437,7.975750923156738,0.3598406910896301,0,9.118517875671387
5523.200000000437,7.8924407958984375,0.35970598459243774,0,9.21802043914795
5524.0000000004375,7.587898254394531,0.4222564995288849,0,9.326325416564941
5524.800000000438,11.598386764526367,0.37976494431495667,0,9.43671703338623
5525.600000000438,10.459894180297852,0.3717443645000458,0,9.54969596862793
5526.400000000438,11.012835502624512,0.4025157690048218,0,9.668586730957031
5527.200000000438,10.553413391113281,0.36427170038223267,0,9.789284706115723
5528.000000000438,11.184889793395996,0.3575049638748169,0,9.906451225280762
5528.800000000439,7.986237049102783,0.343120276927948,0,10.015726089477539
5529.600000000439,8.672155380249023,0.37734124064445496,0,10.106389045715332
5530.400000000439,13.203286170959473,0.403895765542984,0,10.170896530151367
5531.200000000439,8.74996566772461,0.3421561121940613,0,10.204161643981934
5532.000000000439,9.615371704101562,0.3562992513179779,0,10.203157424926758
5532.8000000004395,8.780549049377441,0.36100369691848755,0,10.169004440307617
5533.60000000044,11.44198989868164,0.36490899324417114,0,10.10538101196289
5534.40000000044,11.945473670959473,0.37088942527770996,0,10.01896858215332
5535.20000000044,11.804962158203125,0.37861838936805725,0,9.919363021850586
5536.00000000044,9.535524368286133,0.35907676815986633,0,9.81419849395752
5536.80000000044,9.011653900146484,0.35592472553253174,0,9.710789680480957
5537.600000000441,11.299654960632324,0.38133859634399414,0,9.613245010375977
5538.400000000441,10.551692962646484,0.36420655250549316,0,9.525564193725586
5539.200000000441,10.582189559936523,0.39581719040870667,0,9.452417373657227
5540.000000000441,10.124059677124023,0.3615429997444153,0,9.40157699584961
5540.800000000441,11.334637641906738,0.35956212878227234,0,9.380409240722656
5541.6000000004415,9.612472534179688,0.3884314000606537,0,9.393293380737305
5542.400000000442,8.230594635009766,0.3622955083847046,0,9.440475463867188
5543.200000000442,12.038528442382812,0.3582804501056671,0,9.516057014465332
5544.000000000442,11.690176963806152,0.40307480096817017,0,9.608175277709961
5544.800000000442,12.419447898864746,0.3824656307697296,0,9.703994750976562
5545.600000000442,8.115174293518066,0.3813796639442444,0,9.795958518981934
5546.400000000443,11.966436386108398,0.35936933755874634,0,9.8795166015625
5547.200000000443,11.334898948669434,0.3823744058609009,0,9.953967094421387
5548.000000000443,11.215609550476074,0.38872265815734863,0,10.022662162780762
5548.800000000443,10.939125061035156,0.36940065026283264,0,10.088757514953613
5549.600000000443,11.001089096069336,0.3522818982601166,0,10.153875350952148
5550.4000000004435,9.25111198425293,0.3733018934726715,0,10.21873664855957
5551.200000000444,12.618362426757812,0.3800826072692871,0,10.27912712097168
5552.000000000444,11.41780948638916,0.3832184076309204,0,10.331461906433105
5552.800000000444,11.150468826293945,0.38888683915138245,0,10.372177124023438
5553.600000000444,12.615409851074219,0.37913453578948975,0,10.399188041687012
5554.400000000444,10.516180992126465,0.3858020007610321,0,10.411194801330566
5555.200000000445,9.11196231842041,0.38106080889701843,0,10.405954360961914
5556.000000000445,11.29862117767334,0.4152086079120636,0,10.383255004882812
5556.800000000445,9.727317810058594,0.36595219373703003,0,10.343571662902832
5557.600000000445,11.055221557617188,0.3661271631717682,0,10.289629936218262
5558.400000000445,6.581211090087891,0.36850374937057495,0,10.23276138305664
5559.2000000004455,11.488523483276367,0.3637877106666565,0,10.185794830322266
5560.000000000446,9.955899238586426,0.3775738477706909,0,10.16847038269043
5560.800000000446,7.7537994384765625,0.36244457960128784,0,10.195263862609863
5561.600000000446,11.79194164276123,0.3669883906841278,0,10.268580436706543
5562.400000000446,12.31623649597168,0.36491659283638,0,10.353939056396484
5563.200000000446,10.806803703308105,0.3541039526462555,0,10.390064239501953
5564.000000000447,10.775535583496094,0.3320583403110504,0,10.410046577453613
5564.800000000447,11.588662147521973,0.3533158600330353,0,10.518155097961426
5565.600000000447,8.230281829833984,0.36702293157577515,0,10.620465278625488
5566.400000000447,8.069290161132812,0.3850839138031006,0,10.610696792602539
5567.200000000447,11.142162322998047,0.34967997670173645,0,10.516515731811523
5568.0000000004475,12.62276554107666,0.3513120114803314,0,10.393725395202637
5568.800000000448,12.205207824707031,0.4008775055408478,0,10.268386840820312
5569.600000000448,5.752779483795166,0.411399781703949,0,10.150151252746582
5570.400000000448,11.386027336120605,0.3911646008491516,0,10.040703773498535
5571.200000000448,13.29085636138916,0.4115741550922394,0,9.939963340759277
5572.000000000448,13.589889526367188,0.37975436449050903,0,9.852459907531738
5572.800000000449,11.655426979064941,0.3667970597743988,0,9.779738426208496
5573.600000000449,11.472400665283203,0.41091153025627136,0,9.726423263549805
5574.400000000449,9.711770057678223,0.4060751497745514,0,9.694183349609375
5575.200000000449,11.440430641174316,0.3847619891166687,0,9.679954528808594
5576.000000000449,11.041593551635742,0.31597933173179626,0,9.685161590576172
5576.8000000004495,11.242819786071777,0.16570670902729034,0,9.702815055847168
5577.60000000045,4.654148578643799,0.04246651008725166,0,9.72607707977295
5578.40000000045,10.338886260986328,0.037003662437200546,0,9.7655029296875
5579.20000000045,16.120534896850586,0.0454411543905735,0,9.827527046203613
5580.00000000045,9.967345237731934,0.16045695543289185,0,9.863243103027344
5580.80000000045,10.944592475891113,0.3559510111808777,0,9.880755424499512
5581.600000000451,10.932695388793945,0.38159069418907166,0,9.879941940307617
5582.400000000451,10.454992294311523,0.36946383118629456,0,9.850509643554688
5583.200000000451,7.476472854614258,0.4090932309627533,0,9.790224075317383
5584.000000000451,7.223274230957031,0.40596804022789,0,9.70300579071045
5584.800000000451,10.283681869506836,0.40270769596099854,0,9.590463638305664
5585.6000000004515,10.628493309020996,0.3531721532344818,0,9.462488174438477
5586.400000000452,8.84421157836914,0.40716108679771423,0,9.329996109008789
5587.200000000452,9.429521560668945,0.42482268810272217,0,9.192808151245117
5588.000000000452,7.542114734649658,0.3934483826160431,0,9.058499336242676
5588.800000000452,8.791029930114746,0.391850084066391,0,8.935344696044922
5589.600000000452,6.644730091094971,0.37961554527282715,0,8.83155632019043
5590.400000000453,10.637154579162598,0.34874531626701355,0,8.753423690795898
5591.200000000453,9.408906936645508,0.35339218378067017,0,8.711352348327637
5592.000000000453,10.285402297973633,0.40887901186943054,0,8.710348129272461
5592.800000000453,7.128561973571777,0.4052882790565491,0,8.749755859375
5593.600000000453,7.114258766174316,0.39903590083122253,0,8.825643539428711
5594.4000000004535,8.616642951965332,0.37652814388275146,0,8.925760269165039
5595.200000000454,10.263927459716797,0.4083378314971924,0,9.036910057067871
5596.000000000454,10.40898609161377,0.3770062029361725,0,9.145792007446289
5596.800000000454,10.368062019348145,0.3804791271686554,0,9.24372386932373
5597.600000000454,6.578577041625977,0.3599088788032532,0,9.325979232788086
5598.400000000454,8.962655067443848,0.3751429319381714,0,9.387598991394043
5599.200000000455,7.288934707641602,0.40377116203308105,0,9.429914474487305
5600.000000000455,10.218108177185059,0.3998412787914276,0,9.456644058227539
5600.800000000455,9.016153335571289,0.35787901282310486,0,9.472183227539062
5601.600000000455,9.262593269348145,0.40639111399650574,0,9.47905158996582
5602.400000000455,11.600885391235352,0.35638847947120667,0,9.478693008422852
5603.2000000004555,9.224573135375977,0.397073894739151,0,9.471588134765625
5604.000000000456,11.596017837524414,0.4145578145980835,0,9.455458641052246
5604.800000000456,11.554811477661133,0.36979785561561584,0,9.427339553833008
5605.600000000456,8.382744789123535,0.3370753824710846,0,9.383827209472656
5606.400000000456,8.517862319946289,0.37718576192855835,0,9.32199764251709
5607.200000000456,8.758402824401855,0.36823952198028564,0,9.244175910949707
5608.000000000457,7.968616485595703,0.39201921224594116,0,9.156559944152832
5608.800000000457,11.50221061706543,0.39138221740722656,0,9.0673828125
5609.600000000457,7.286961078643799,0.37720370292663574,0,8.990226745605469
5610.400000000457,8.199836730957031,0.34654000401496887,0,8.939303398132324
5611.200000000457,10.3436279296875,0.38537725806236267,0,8.929488182067871
5612.0000000004575,10.237088203430176,0.37750786542892456,0,8.976393699645996
5612.800000000458,9.271824836730957,0.3991988003253937,0,9.100686073303223
5613.600000000458,11.508478164672852,0.3739478290081024,0,9.316807746887207
5614.400000000458,11.06619930267334,0.36682820320129395,0,9.632062911987305
5615.200000000458,13.11428165435791,0.39247825741767883,0,10.013232231140137
5616.000000000458,7.296915531158447,0.3861297369003296,0,10.342934608459473
5616.800000000459,13.177250862121582,0.4079842269420624,0,10.434606552124023
5617.600000000459,13.202947616577148,0.3919745087623596,0,10.31623649597168
5618.400000000459,10.928162574768066,0.4068163335323334,0,10.334075927734375
5619.200000000459,12.800152778625488,0.3537255525588989,0,10.421751976013184
5620.000000000459,12.341754913330078,0.38178354501724243,0,10.250716209411621
5620.8000000004595,9.569242477416992,0.384603351354599,0,9.860855102539062
5621.60000000046,8.583941459655762,0.37253350019454956,0,9.436866760253906
5622.40000000046,9.250692367553711,0.34040799736976624,0,9.082529067993164
5623.20000000046,12.246458053588867,0.3699823021888733,0,8.829511642456055
5624.00000000046,10.823630332946777,0.3751438558101654,0,8.66935920715332
5624.80000000046,9.30910587310791,0.37249237298965454,0,8.585188865661621
5625.600000000461,6.884439945220947,0.3790886700153351,0,8.557046890258789
5626.400000000461,9.89880084991455,0.36024758219718933,0,8.566431045532227
5627.200000000461,11.000441551208496,0.3945019543170929,0,8.5927095413208
5628.000000000461,9.27927017211914,0.4033976197242737,0,8.62265682220459
5628.800000000461,8.4614896774292,0.3758729100227356,0,8.646952629089355
5629.6000000004615,7.85416316986084,0.37648823857307434,0,8.658525466918945
5630.400000000462,8.177691459655762,0.38103464245796204,0,8.657567977905273
5631.200000000462,11.293498039245605,0.35254141688346863,0,8.647512435913086
5632.000000000462,7.976186275482178,0.38173696398735046,0,8.632823944091797
5632.800000000462,6.858682632446289,0.38322049379348755,0,8.618239402770996
5633.600000000462,9.739350318908691,0.37473228573799133,0,8.610125541687012
5634.400000000463,10.930878639221191,0.4017341136932373,0,8.616195678710938
5635.200000000463,8.44577693939209,0.4129147529602051,0,8.64315414428711
5636.000000000463,8.97541332244873,0.40258172154426575,0,8.6950044631958
5636.800000000463,8.434407234191895,0.4013349413871765,0,8.771321296691895
5637.600000000463,8.774256706237793,0.373759388923645,0,8.866642951965332
5638.4000000004635,5.40104866027832,0.3950316905975342,0,8.97408676147461
5639.200000000464,11.530019760131836,0.37643134593963623,0,9.08721923828125
5640.000000000464,9.89559268951416,0.39052751660346985,0,9.201372146606445
5640.800000000464,11.499061584472656,0.35311800241470337,0,9.314281463623047
5641.600000000464,7.512162208557129,0.40526238083839417,0,9.42556381225586
5642.400000000464,9.9043607711792,0.41437828540802,0,9.52979564666748
5643.200000000465,10.961950302124023,0.4386756420135498,0,9.625741958618164
5644.000000000465,10.661672592163086,0.4063999354839325,0,9.708209991455078
5644.800000000465,11.58737850189209,0.3426264822483063,0,9.769709587097168
5645.600000000465,8.534120559692383,0.38897904753685,0,9.804144859313965
5646.400000000465,14.313017845153809,0.3725009560585022,0,9.805850982666016
5647.2000000004655,8.742527961730957,0.3529249131679535,0,9.772414207458496
5648.000000000466,9.844854354858398,0.36201420426368713,0,9.705201148986816
5648.800000000466,8.649940490722656,0.3706172704696655,0,9.608930587768555
5649.600000000466,14.357673645019531,0.3930736780166626,0,9.497100830078125
5650.400000000466,8.347966194152832,0.33415666222572327,0,9.375043869018555
5651.200000000466,8.020914077758789,0.3802276849746704,0,9.24394416809082
5652.000000000467,10.095344543457031,0.42738857865333557,0,9.108194351196289
5652.800000000467,11.16512393951416,0.41099852323532104,0,8.972535133361816
5653.600000000467,7.055410861968994,0.3670397996902466,0,8.845550537109375
5654.400000000467,9.568885803222656,0.3989497721195221,0,8.738105773925781
5655.200000000467,9.54675579071045,0.37558451294898987,0,8.667713165283203
5656.0000000004675,9.37742805480957,0.4022701680660248,0,8.643688201904297
5656.800000000468,7.232691764831543,0.39433687925338745,0,8.671758651733398
5657.600000000468,9.291547775268555,0.4194893538951874,0,8.747069358825684
5658.400000000468,7.673234939575195,0.42124050855636597,0,8.856332778930664
5659.200000000468,8.060815811157227,0.4017634391784668,0,8.97891616821289
5660.000000000468,9.474071502685547,0.40484583377838135,0,9.09385871887207
5660.800000000469,11.743936538696289,0.38638755679130554,0,9.183363914489746
5661.600000000469,10.674581527709961,0.4013409912586212,0,9.236773490905762
5662.400000000469,9.023968696594238,0.412436842918396,0,9.252293586730957
5663.200000000469,8.840262413024902,0.38913166522979736,0,9.235849380493164
5664.000000000469,8.0649995803833,0.37406444549560547,0,9.199822425842285
5664.8000000004695,9.053398132324219,0.37382999062538147,0,9.160955429077148
5665.60000000047,5.874205112457275,0.3911858797073364,0,9.135650634765625
5666.40000000047,10.909701347351074,0.38950982689857483,0,9.13941478729248
5667.20000000047,9.496089935302734,0.39550065994262695,0,9.180883407592773
5668.00000000047,13.129776000976562,0.3722856640815735,0,9.26232624053955
5668.80000000047,9.572314262390137,0.38119950890541077,0,9.378355026245117
5669.600000000471,11.194642066955566,0.38877061009407043,0,9.519521713256836
5670.400000000471,10.594902992248535,0.3723160922527313,0,9.671815872192383
5671.200000000471,10.536584854125977,0.3380429148674011,0,9.818572044372559
5672.000000000471,11.963312149047852,0.3306708037853241,0,9.94871997833252
5672.800000000471,10.851375579833984,0.3617207109928131,0,10.05601692199707
5673.6000000004715,7.810661315917969,0.37722915410995483,0,10.139225959777832
5674.400000000472,9.165863990783691,0.4297215938568115,0,10.19644832611084
5675.200000000472,8.918285369873047,0.38957610726356506,0,10.230475425720215
5676.000000000472,8.434630393981934,0.3927839696407318,0,10.241996765136719
5676.800000000472,10.251895904541016,0.38914191722869873,0,10.232117652893066
5677.600000000472,10.562444686889648,0.365527868270874,0,10.20024585723877
5678.400000000473,10.641016960144043,0.3950076699256897,0,10.147455215454102
5679.200000000473,11.239679336547852,0.3499875068664551,0,10.07292366027832
5680.000000000473,9.776559829711914,0.39284858107566833,0,9.978582382202148
5680.800000000473,11.862072944641113,0.3715408742427826,0,9.868651390075684
5681.600000000473,10.714080810546875,0.3597384989261627,0,9.752588272094727
5682.4000000004735,10.16413402557373,0.3356373608112335,0,9.640847206115723
5683.200000000474,9.141602516174316,0.3527759909629822,0,9.539998054504395
5684.000000000474,10.920945167541504,0.35061925649642944,0,9.45899772644043
5684.800000000474,9.565628051757812,0.3491837680339813,0,9.398758888244629
5685.600000000474,12.412715911865234,0.321437269449234,0,9.359174728393555
5686.400000000474,7.63671875,0.3450658619403839,0,9.337133407592773
5687.200000000475,8.49244499206543,0.32270920276641846,0,9.328902244567871
5688.000000000475,8.67411994934082,0.36970311403274536,0,9.329938888549805
5688.800000000475,9.550018310546875,0.379367470741272,0,9.336308479309082
5689.600000000475,8.6121187210083,0.35715237259864807,0,9.344911575317383
5690.400000000475,9.85300350189209,0.3509809076786041,0,9.352368354797363
5691.2000000004755,6.5888261795043945,0.3583996295928955,0,9.357400894165039
5692.000000000476,6.617598056793213,0.3880683183670044,0,9.358116149902344
5692.800000000476,6.8240556716918945,0.37212875485420227,0,9.353071212768555
5693.600000000476,7.6690993309021,0.37288257479667664,0,9.340559959411621
5694.400000000476,9.398088455200195,0.35264888405799866,0,9.316923141479492
5695.200000000476,6.724748611450195,0.3641261160373688,0,9.280471801757812
5696.000000000477,11.06319808959961,0.3762635588645935,0,9.228087425231934
5696.800000000477,8.625126838684082,0.37162089347839355,0,9.15967082977295
5697.600000000477,7.049160480499268,0.36128079891204834,0,9.079562187194824
5698.400000000477,9.48886489868164,0.34697383642196655,0,8.995136260986328
5699.200000000477,9.843274116516113,0.3708222210407257,0,8.918264389038086
5700.0000000004775,10.053236961364746,0.37769705057144165,0,8.858255386352539
5700.800000000478,10.372902870178223,0.36430624127388,0,8.825719833374023
5701.600000000478,7.130099773406982,0.38615089654922485,0,8.823060989379883
5702.400000000478,13.025103569030762,0.3371991813182831,0,8.851630210876465
5703.200000000478,10.096707344055176,0.3595145344734192,0,8.903596878051758
5704.000000000478,9.591179847717285,0.38966742157936096,0,8.975729942321777
5704.800000000479,8.216630935668945,0.36240366101264954,0,9.06246566772461
5705.600000000479,11.635411262512207,0.36950111389160156,0,9.156670570373535
5706.400000000479,10.334796905517578,0.4077136516571045,0,9.252594947814941
5707.200000000479,9.7155122756958,0.3848547041416168,0,9.34711742401123
5708.000000000479,10.609586715698242,0.37664511799812317,0,9.438095092773438
5708.8000000004795,10.808889389038086,0.3768427073955536,0,9.523552894592285
5709.60000000048,9.748534202575684,0.36871054768562317,0,9.604702949523926
5710.40000000048,8.994561195373535,0.3563375771045685,0,9.677969932556152
5711.20000000048,9.970059394836426,0.38724830746650696,0,9.739497184753418
5712.00000000048,8.806059837341309,0.364905446767807,0,9.78954029083252
5712.80000000048,6.0452880859375,0.3888830542564392,0,9.820515632629395
5713.600000000481,11.280875205993652,0.3732665777206421,0,9.834041595458984
5714.400000000481,11.570294380187988,0.3662186563014984,0,9.825943946838379
5715.200000000481,12.921116828918457,0.38608112931251526,0,9.795210838317871
5716.000000000481,9.907888412475586,0.3652048707008362,0,9.743699073791504
5716.800000000481,8.728346824645996,0.3947393298149109,0,9.673519134521484
5717.6000000004815,8.553628921508789,0.36286333203315735,0,9.590862274169922
5718.400000000482,7.486525058746338,0.3613798916339874,0,9.503352165222168
5719.200000000482,10.119081497192383,0.365622341632843,0,9.419413566589355
5720.000000000482,10.715266227722168,0.38084685802459717,0,9.349875450134277
5720.800000000482,9.209296226501465,0.39468440413475037,0,9.301197052001953
5721.600000000482,7.936354637145996,0.4156937003135681,0,9.279430389404297
5722.400000000483,9.071858406066895,0.3667088449001312,0,9.282949447631836
5723.200000000483,9.894706726074219,0.348084419965744,0,9.305838584899902
5724.000000000483,11.055960655212402,0.38051465153694153,0,9.339502334594727
5724.800000000483,7.580265998840332,0.37140345573425293,0,9.372672080993652
5725.600000000483,10.649796485900879,0.37031638622283936,0,9.396012306213379
5726.4000000004835,9.758428573608398,0.3686307966709137,0,9.401620864868164
5727.200000000484,12.399748802185059,0.3883974254131317,0,9.387541770935059
5728.000000000484,8.171483039855957,0.358519971370697,0,9.354187965393066
5728.800000000484,10.112308502197266,0.3813267946243286,0,9.307705879211426
5729.600000000484,9.182190895080566,0.38529783487319946,0,9.256696701049805
5730.400000000484,7.461916446685791,0.3796347379684448,0,9.210899353027344
5731.200000000485,8.984926223754883,0.3894905149936676,0,9.180257797241211
5732.000000000485,8.141328811645508,0.4022161364555359,0,9.17068862915039
5732.800000000485,7.688742160797119,0.39184993505477905,0,9.185962677001953
5733.600000000485,11.9329252243042,0.3702249228954315,0,9.224589347839355
5734.400000000485,10.001363754272461,0.357239693403244,0,9.282893180847168
5735.2000000004855,10.71982479095459,0.3585275113582611,0,9.354442596435547
5736.000000000486,9.017765045166016,0.37065109610557556,0,9.43212604522705
5736.800000000486,8.909138679504395,0.3526324927806854,0,9.509453773498535
5737.600000000486,10.338881492614746,0.3804672956466675,0,9.58041763305664
5738.400000000486,7.272254943847656,0.38741952180862427,0,9.642416000366211
5739.200000000486,9.310912132263184,0.3440958261489868,0,9.692934036254883
5740.000000000487,10.383068084716797,0.356934130191803,0,9.729328155517578
5740.800000000487,8.779722213745117,0.32399284839630127,0,9.74853801727295
5741.600000000487,10.341992378234863,0.36001458764076233,0,9.746644020080566
5742.400000000487,13.1351900100708,0.3779429495334625,0,9.720809936523438
5743.200000000487,11.288355827331543,0.3436431884765625,0,9.66854190826416
5744.0000000004875,6.835000991821289,0.3587930202484131,0,9.58912467956543
5744.800000000488,11.967235565185547,0.3309454023838043,0,9.486289978027344
5745.600000000488,8.450514793395996,0.36960622668266296,0,9.364178657531738
5746.400000000488,8.317070960998535,0.3353345990180969,0,9.231273651123047
5747.200000000488,8.336084365844727,0.3386211097240448,0,9.093657493591309
5748.000000000488,8.964614868164062,0.3729938566684723,0,8.962121963500977
5748.800000000489,7.888866424560547,0.35424256324768066,0,8.840437889099121
5749.600000000489,9.344888687133789,0.36572030186653137,0,8.737567901611328
5750.400000000489,10.1780424118042,0.33711206912994385,0,8.657676696777344
5751.200000000489,10.28646183013916,0.3608577251434326,0,8.60303783416748
5752.000000000489,11.640946388244629,0.3429053723812103,0,8.577672958374023
5752.8000000004895,9.160508155822754,0.3358004689216614,0,8.58030891418457
5753.60000000049,12.158041954040527,0.37543484568595886,0,8.611258506774902
5754.40000000049,9.256114959716797,0.3898164629936218,0,8.666985511779785
5755.20000000049,9.260632514953613,0.35539713501930237,0,8.74327564239502
5756.00000000049,8.458802223205566,0.388973593711853,0,8.832433700561523
5756.80000000049,8.410904884338379,0.32853570580482483,0,8.925722122192383
5757.600000000491,8.068864822387695,0.35333049297332764,0,9.01573371887207
5758.400000000491,10.854360580444336,0.3380730152130127,0,9.089094161987305
5759.200000000491,11.072463035583496,0.34011244773864746,0,9.157078742980957
5760.000000000491,10.246224403381348,0.38151100277900696,0,9.22767162322998
5760.800000000491,10.290681838989258,0.37243521213531494,0,9.263235092163086
5761.6000000004915,8.662019729614258,0.37249496579170227,0,9.254855155944824
5762.400000000492,12.396512985229492,0.378421425819397,0,9.2374849319458
5763.200000000492,9.445836067199707,0.35326284170150757,0,9.210643768310547
5764.000000000492,6.548540115356445,0.36177363991737366,0,9.160029411315918
5764.800000000492,11.064842224121094,0.34886547923088074,0,9.077730178833008
5765.600000000492,12.979886054992676,0.3829764127731323,0,9.013222694396973
5766.400000000493,4.5114665031433105,0.363931804895401,0,8.975546836853027
5767.200000000493,12.259075164794922,0.3588503301143646,0,8.937609672546387
5768.000000000493,10.6218900680542,0.3412845730781555,0,8.900687217712402
5768.800000000493,10.077481269836426,0.337652325630188,0,8.86656379699707
5769.600000000493,9.604586601257324,0.30617356300354004,0,8.845532417297363
5770.4000000004935,8.627897262573242,0.3316397964954376,0,8.847661018371582
5771.200000000494,7.525069713592529,0.35754498839378357,0,8.844339370727539
5772.000000000494,8.279336929321289,0.3555852174758911,0,8.839428901672363
5772.800000000494,7.5868706703186035,0.3502712547779083,0,8.846076965332031
5773.600000000494,7.367438793182373,0.3486390709877014,0,8.84044361114502
5774.400000000494,7.736711025238037,0.39239147305488586,0,8.829445838928223
5775.200000000495,7.562102794647217,0.3920523226261139,0,8.826836585998535
5776.000000000495,12.574277877807617,0.3430751860141754,0,8.826401710510254
5776.800000000495,10.83962345123291,0.35330507159233093,0,8.821097373962402
5777.600000000495,8.7743501663208,0.3578873872756958,0,8.823060035705566
5778.400000000495,11.714343070983887,0.3397440016269684,0,8.824041366577148
5779.2000000004955,10.032275199890137,0.3887646496295929,0,8.83083438873291
5780.000000000496,9.351205825805664,0.3792797029018402,0,8.852706909179688
5780.800000000496,13.095012664794922,0.37292981147766113,0,8.875822067260742
5781.600000000496,6.645869731903076,0.3506483733654022,0,8.919173240661621
5782.400000000496,9.64527416229248,0.3728356659412384,0,8.975702285766602
5783.200000000496,7.673936367034912,0.3839016854763031,0,9.034350395202637
5784.000000000497,7.927375316619873,0.3578416109085083,0,9.107685089111328
5784.800000000497,9.035394668579102,0.3882827162742615,0,9.189271926879883
5785.600000000497,10.779333114624023,0.4095257818698883,0,9.263102531433105
5786.400000000497,10.336837768554688,0.3574061989784241,0,9.31884479522705
5787.200000000497,8.59922981262207,0.3963792026042938,0,9.346357345581055
5788.0000000004975,7.401344299316406,0.3626619577407837,0,9.347487449645996
5788.800000000498,11.65887451171875,0.3741798400878906,0,9.346358299255371
5789.600000000498,9.004448890686035,0.3865826427936554,0,9.315546035766602
5790.400000000498,5.089818000793457,0.36094480752944946,0,9.227210998535156
5791.200000000498,10.069616317749023,0.35882529616355896,0,9.113131523132324
5792.000000000498,13.982075691223145,0.36831313371658325,0,9.009147644042969
5792.800000000499,10.337034225463867,0.3492370545864105,0,8.877988815307617
5793.600000000499,11.136649131774902,0.3641014099121094,0,8.674384117126465
5794.400000000499,11.129142761230469,0.3668968081474304,0,8.457393646240234
5795.200000000499,9.839944839477539,0.4135195314884186,0,8.252458572387695
5796.000000000499,4.666233062744141,0.4511473774909973,0,8.05066967010498
5796.8000000004995,6.277462482452393,0.4259660840034485,0,7.868314266204834
5797.6000000005,4.987921714782715,0.432977557182312,0,7.703420162200928
5798.4000000005,6.419000148773193,0.4375329911708832,0,7.60644006729126
5799.2000000005,9.408720016479492,0.41970932483673096,0,7.372710227966309
5800.0000000005,7.589838027954102,0.5544850826263428,0,7.0943217277526855
5800.800000000009,3.986055850982666,0.10870049148797989,0,7.558077335357666
5801.6000000000095,11.08584976196289,0.11972564458847046,0,7.69259786605835
5802.40000000001,12.16218376159668,0.10810210555791855,0,7.582839012145996
5803.20000000001,9.439422607421875,0.11809870600700378,0,7.643233776092529
5804.00000000001,7.238945960998535,0.12776347994804382,0,7.706848621368408
5804.80000000001,9.478830337524414,0.14284572005271912,0,7.837350368499756
5805.60000000001,13.56992244720459,0.12787775695323944,0,7.982449531555176
5806.400000000011,8.599977493286133,0.1369292289018631,0,8.140774726867676
5807.200000000011,7.976066589355469,0.13745860755443573,0,8.289214134216309
5808.000000000011,7.889930725097656,0.16272766888141632,0,8.417620658874512
5808.800000000011,10.555418968200684,0.1562948375940323,0,8.509224891662598
5809.600000000011,11.977906227111816,0.14736208319664001,0,8.559850692749023
5810.4000000000115,11.665964126586914,0.181290864944458,0,8.568436622619629
5811.200000000012,4.153533458709717,0.17337293922901154,0,8.534168243408203
5812.000000000012,9.247007369995117,0.16740679740905762,0,8.461241722106934
5812.800000000012,7.081292152404785,0.19288648664951324,0,8.360127449035645
5813.600000000012,9.312128067016602,0.1993124634027481,0,8.24725341796875
5814.400000000012,6.57051944732666,0.22054974734783173,0,8.14090633392334
5815.200000000013,3.932793617248535,0.2181408554315567,0,8.063234329223633
5816.000000000013,6.141478538513184,0.18504072725772858,0,8.035943031311035
5816.800000000013,11.45842170715332,0.22283707559108734,0,8.069412231445312
5817.600000000013,8.051431655883789,0.21628230810165405,0,8.158219337463379
5818.400000000013,5.918237686157227,0.2126486748456955,0,8.291746139526367
5819.2000000000135,7.578978061676025,0.2397763878107071,0,8.444400787353516
5820.000000000014,7.137335300445557,0.21985509991645813,0,8.595552444458008
5820.800000000014,6.835363388061523,0.24190574884414673,0,8.729082107543945
5821.600000000014,9.939831733703613,0.24779012799263,0,8.81928825378418
5822.400000000014,6.672918319702148,0.3045054078102112,0,8.869216918945312
5823.200000000014,8.300725936889648,0.27240559458732605,0,8.879888534545898
5824.000000000015,9.125818252563477,0.28445589542388916,0,8.862911224365234
5824.800000000015,9.00840950012207,0.2805582880973816,0,8.831988334655762
5825.600000000015,9.174325942993164,0.26368609070777893,0,8.793174743652344
5826.400000000015,8.130090713500977,0.2578953504562378,0,8.768377304077148
5827.200000000015,9.61366081237793,0.28949999809265137,0,8.752278327941895
5828.0000000000155,6.653601169586182,0.2757642865180969,0,8.7546968460083
5828.800000000016,7.785319805145264,0.30498310923576355,0,8.780661582946777
5829.600000000016,7.349531650543213,0.30293115973472595,0,8.825827598571777
5830.400000000016,9.71887493133545,0.34735456109046936,0,8.885238647460938
5831.200000000016,7.074462890625,0.3406218886375427,0,8.955848693847656
5832.000000000016,10.356823921203613,0.32276806235313416,0,9.031368255615234
5832.800000000017,11.509142875671387,0.3300085663795471,0,9.104226112365723
5833.600000000017,10.097766876220703,0.28020179271698,0,9.167313575744629
5834.400000000017,9.681086540222168,0.3281860053539276,0,9.209614753723145
5835.200000000017,12.938358306884766,0.3358710706233978,0,9.2276611328125
5836.000000000017,8.567794799804688,0.36047104001045227,0,9.212970733642578
5836.8000000000175,11.07952880859375,0.319852739572525,0,9.165048599243164
5837.600000000018,10.512349128723145,0.33094894886016846,0,9.085857391357422
5838.400000000018,9.41047477722168,0.3849862813949585,0,8.983702659606934
5839.200000000018,9.687827110290527,0.366366982460022,0,8.867506980895996
5840.000000000018,9.827749252319336,0.34678885340690613,0,8.75133991241455
5840.800000000018,7.158445835113525,0.40753909945487976,0,8.651650428771973
5841.600000000019,9.04011058807373,0.3725144565105438,0,8.576446533203125
5842.400000000019,8.899718284606934,0.4088749289512634,0,8.537580490112305
5843.200000000019,8.227265357971191,0.38054347038269043,0,8.539414405822754
5844.000000000019,6.76261043548584,0.4441460072994232,0,8.58353328704834
5844.800000000019,8.089910507202148,0.41516587138175964,0,8.66559886932373
5845.6000000000195,8.917916297912598,0.4183579087257385,0,8.780067443847656
5846.40000000002,8.420056343078613,0.41800835728645325,0,8.916253089904785
5847.20000000002,12.28827953338623,0.4891655445098877,0,9.060896873474121
5848.00000000002,8.21160888671875,0.47649070620536804,0,9.200542449951172
5848.80000000002,8.241793632507324,0.4372749328613281,0,9.323558807373047
5849.60000000002,9.100708961486816,0.46303319931030273,0,9.42288875579834
5850.400000000021,12.861466407775879,0.46135833859443665,0,9.498043060302734
5851.200000000021,10.283988952636719,0.4097880423069,0,9.553350448608398
5852.000000000021,10.47424602508545,0.4176037311553955,0,9.596776962280273
5852.800000000021,9.537318229675293,0.4746907949447632,0,9.636090278625488
5853.600000000021,7.219524383544922,0.44095829129219055,0,9.676603317260742
5854.4000000000215,10.831693649291992,0.5197238326072693,0,9.717607498168945
5855.200000000022,11.746221542358398,0.510875403881073,0,9.754758834838867
5856.000000000022,11.567142486572266,0.4997611343860626,0,9.780641555786133
5856.800000000022,10.432822227478027,0.5046868324279785,0,9.787303924560547
5857.600000000022,9.382893562316895,0.5194556713104248,0,9.768828392028809
5858.400000000022,9.54093074798584,0.5282162427902222,0,9.72319507598877
5859.200000000023,9.54390811920166,0.5520409345626831,0,9.650837898254395
5860.000000000023,10.232608795166016,0.5984653830528259,0,9.554906845092773
5860.800000000023,10.185513496398926,0.5277800559997559,0,9.44349193572998
5861.600000000023,8.697064399719238,0.5843498110771179,0,9.326661109924316
5862.400000000023,5.744564533233643,0.6048608422279358,0,9.218511581420898
5863.2000000000235,10.32959270477295,0.6109375953674316,0,9.134506225585938
5864.000000000024,7.192841529846191,0.5655519962310791,0,9.086050033569336
5864.800000000024,11.171470642089844,0.6153779029846191,0,9.081110000610352
5865.600000000024,8.64966869354248,0.586638867855072,0,9.11855411529541
5866.400000000024,9.411376953125,0.5973012447357178,0,9.18903636932373
5867.200000000024,9.706294059753418,0.5873979926109314,0,9.276544570922852
5868.000000000025,9.748322486877441,0.5614796280860901,0,9.363396644592285
5868.800000000025,8.802921295166016,0.5684144496917725,0,9.43945026397705
5869.600000000025,10.749311447143555,0.5821343660354614,0,9.497716903686523
5870.400000000025,10.682907104492188,0.6172667145729065,0,9.538766860961914
5871.200000000025,10.423288345336914,0.6146650314331055,0,9.570852279663086
5872.0000000000255,9.71644115447998,0.6615014672279358,0,9.602804183959961
5872.800000000026,12.320569038391113,0.6021847724914551,0,9.642276763916016
5873.600000000026,10.944308280944824,0.5992082357406616,0,9.694717407226562
5874.400000000026,11.204497337341309,0.6524884104728699,0,9.760427474975586
5875.200000000026,9.972943305969238,0.7035927176475525,0,9.835208892822266
5876.000000000026,11.467957496643066,0.7067915201187134,0,9.91344928741455
5876.800000000027,10.342159271240234,0.6741056442260742,0,9.990616798400879
5877.600000000027,10.043880462646484,0.7099749445915222,0,10.060419082641602
5878.400000000027,12.003643989562988,0.641635537147522,0,10.118831634521484
5879.200000000027,7.93796443939209,0.6982786059379578,0,10.1630859375
5880.000000000027,10.444718360900879,0.7210361361503601,0,10.191314697265625
5880.8000000000275,7.801971435546875,0.6645644903182983,0,10.20283317565918
5881.600000000028,11.353902816772461,0.6879554390907288,0,10.19825267791748
5882.400000000028,9.703558921813965,0.7519079446792603,0,10.17856216430664
5883.200000000028,9.071837425231934,0.6956843137741089,0,10.146384239196777
5884.000000000028,10.261863708496094,0.7172176837921143,0,10.103898048400879
5884.800000000028,8.774837493896484,0.7181745767593384,0,10.05416202545166
5885.600000000029,11.126331329345703,0.7061653733253479,0,10.000711441040039
5886.400000000029,12.440842628479004,0.7006952166557312,0,9.947826385498047
5887.200000000029,12.09379768371582,0.7006068229675293,0,9.900229454040527
5888.000000000029,8.063131332397461,0.678080677986145,0,9.861844062805176
5888.800000000029,10.760235786437988,0.6067820191383362,0,9.831411361694336
5889.6000000000295,10.219849586486816,0.51905357837677,0,9.808934211730957
5890.40000000003,10.63996410369873,0.37162819504737854,0,9.792323112487793
5891.20000000003,7.176219463348389,0.2875775694847107,0,9.778543472290039
5892.00000000003,8.663666725158691,0.4138176143169403,0,9.772348403930664
5892.80000000003,9.403036117553711,0.6429758071899414,0,9.77046012878418
5893.60000000003,12.518630981445312,0.724118173122406,0,9.772520065307617
5894.400000000031,7.779029369354248,0.7002856135368347,0,9.78417682647705
5895.200000000031,12.5552339553833,0.6579325795173645,0,9.804218292236328
5896.000000000031,11.264094352722168,0.5373498201370239,0,9.833671569824219
5896.800000000031,11.667468070983887,0.3974614143371582,0,9.870622634887695
5897.600000000031,10.695280075073242,0.4132777452468872,0,9.91128921508789
5898.4000000000315,9.701871871948242,0.582773745059967,0,9.937817573547363
5899.200000000032,8.976508140563965,0.6977701187133789,0,9.937116622924805
5900.000000000032,11.319278717041016,0.7182220816612244,0,9.904816627502441
5900.800000000032,9.606045722961426,0.73265540599823,0,9.831913948059082
5901.600000000032,8.35057544708252,0.7248126268386841,0,9.719462394714355
5902.400000000032,11.02287483215332,0.7119528651237488,0,9.571887969970703
5903.200000000033,10.645021438598633,0.7130216956138611,0,9.395599365234375
5904.000000000033,11.404061317443848,0.704986572265625,0,9.2014741897583
5904.800000000033,11.991743087768555,0.7033734321594238,0,8.999326705932617
5905.600000000033,10.666029930114746,0.7541342377662659,0,8.802157402038574
5906.400000000033,8.03901481628418,0.7323148250579834,0,8.620468139648438
5907.2000000000335,8.361034393310547,0.7683171629905701,0,8.4605131149292
5908.000000000034,9.1598482131958,0.6884665489196777,0,8.325667381286621
5908.800000000034,8.864240646362305,0.7065654993057251,0,8.22029972076416
5909.600000000034,8.28677749633789,0.787697970867157,0,8.14451789855957
5910.400000000034,5.981776714324951,0.7708355188369751,0,8.097064018249512
5911.200000000034,10.548882484436035,0.7864980101585388,0,8.080314636230469
5912.000000000035,9.892696380615234,0.7758530974388123,0,8.098822593688965
5912.800000000035,10.187171936035156,0.7172890901565552,0,8.1585111618042
5913.600000000035,8.19609260559082,0.7436953783035278,0,8.260952949523926
5914.400000000035,8.622196197509766,0.7576223015785217,0,8.39915657043457
5915.200000000035,7.747767448425293,0.7051136493682861,0,8.561796188354492
5916.0000000000355,8.469536781311035,0.6177099347114563,0,8.739279747009277
5916.800000000036,10.425383567810059,0.6571332812309265,0,8.928070068359375
5917.600000000036,8.725576400756836,0.7172312140464783,0,9.111051559448242
5918.400000000036,9.110572814941406,0.7287062406539917,0,9.283763885498047
5919.200000000036,8.562713623046875,0.7860641479492188,0,9.451748847961426
5920.000000000036,9.210519790649414,0.7305986881256104,0,9.60993480682373
5920.800000000037,11.602375984191895,0.760152280330658,0,9.752706527709961
5921.600000000037,9.130985260009766,0.7298256158828735,0,9.872695922851562
5922.400000000037,9.8135347366333,0.730769693851471,0,9.961874008178711
5923.200000000037,11.159393310546875,0.6833892464637756,0,10.017355918884277
5924.000000000037,7.251624584197998,0.7726883292198181,0,10.040389060974121
5924.8000000000375,10.95859146118164,0.7177844643592834,0,10.038869857788086
5925.600000000038,11.031265258789062,0.7032344937324524,0,10.025482177734375
5926.400000000038,10.028471946716309,0.6837191581726074,0,10.015244483947754
5927.200000000038,8.821763038635254,0.6905450820922852,0,10.022245407104492
5928.000000000038,10.693077087402344,0.7305667996406555,0,10.054539680480957
5928.800000000038,9.849502563476562,0.7639726996421814,0,10.115564346313477
5929.600000000039,7.574989318847656,0.7104032635688782,0,10.20126724243164
5930.400000000039,10.799439430236816,0.7518240213394165,0,10.301004409790039
5931.200000000039,10.692957878112793,0.7001493573188782,0,10.400858879089355
5932.000000000039,10.352410316467285,0.689094603061676,0,10.488168716430664
5932.800000000039,11.74981689453125,0.6519729495048523,0,10.555215835571289
5933.6000000000395,10.915114402770996,0.5688680410385132,0,10.599874496459961
5934.40000000004,10.74034309387207,0.590004026889801,0,10.622803688049316
5935.20000000004,10.7704496383667,0.6940925121307373,0,10.625123023986816
5936.00000000004,9.485718727111816,0.7091633081436157,0,10.609798431396484
5936.80000000004,12.461774826049805,0.7322210669517517,0,10.576659202575684
5937.60000000004,11.243776321411133,0.6713689565658569,0,10.525053024291992
5938.400000000041,11.736799240112305,0.7231763601303101,0,10.454557418823242
5939.200000000041,10.155993461608887,0.7522608637809753,0,10.366111755371094
5940.000000000041,8.6990966796875,0.7206138372421265,0,10.263632774353027
5940.800000000041,9.64350700378418,0.661592960357666,0,10.15314769744873
5941.600000000041,11.3794584274292,0.6802192330360413,0,10.042941093444824
5942.4000000000415,10.208681106567383,0.6744863390922546,0,9.94534683227539
5943.200000000042,10.828107833862305,0.7411134243011475,0,9.872262954711914
5944.000000000042,10.780329704284668,0.7330344319343567,0,9.833229064941406
5944.800000000042,10.986631393432617,0.6794511079788208,0,9.83237361907959
5945.600000000042,11.783730506896973,0.6577602028846741,0,9.870451927185059
5946.400000000042,11.683941841125488,0.6636990308761597,0,9.94144344329834
5947.200000000043,10.2811918258667,0.6206137537956238,0,10.038315773010254
5948.000000000043,10.174538612365723,0.6237660050392151,0,10.152196884155273
5948.800000000043,11.326934814453125,0.727418839931488,0,10.273787498474121
5949.600000000043,12.028913497924805,0.7172077298164368,0,10.397591590881348
5950.400000000043,10.663278579711914,0.7121831178665161,0,10.516744613647461
5951.2000000000435,9.452299118041992,0.745854914188385,0,10.622917175292969
5952.000000000044,10.840315818786621,0.663173496723175,0,10.711416244506836
5952.800000000044,10.984107971191406,0.7232846021652222,0,10.778873443603516
5953.600000000044,9.930243492126465,0.6633037328720093,0,10.82577896118164
5954.400000000044,12.452142715454102,0.5948705673217773,0,10.857503890991211
5955.200000000044,9.510851860046387,0.6248987317085266,0,10.87916088104248
5956.000000000045,10.292464256286621,0.6831786036491394,0,10.89415454864502
5956.800000000045,7.70456075668335,0.7312045097351074,0,10.905055046081543
5957.600000000045,9.808135032653809,0.6863290667533875,0,10.911577224731445
5958.400000000045,9.712264060974121,0.6159407496452332,0,10.910420417785645
5959.200000000045,11.031356811523438,0.7082186937332153,0,10.898118019104004
5960.0000000000455,10.89140796661377,0.6738759875297546,0,10.872336387634277
5960.800000000046,12.122241973876953,0.6542255878448486,0,10.832406997680664
5961.600000000046,11.050606727600098,0.736738920211792,0,10.779694557189941
5962.400000000046,11.07540225982666,0.6692358255386353,0,10.718339920043945
5963.200000000046,10.95004653930664,0.7254749536514282,0,10.652847290039062
5964.000000000046,10.868046760559082,0.7244137525558472,0,10.588016510009766
5964.800000000047,11.087204933166504,0.6812618970870972,0,10.525482177734375
5965.600000000047,9.105205535888672,0.7127936482429504,0,10.467033386230469
5966.400000000047,11.141302108764648,0.7054991126060486,0,10.411478996276855
5967.200000000047,12.835219383239746,0.7360907793045044,0,10.355650901794434
5968.000000000047,10.873774528503418,0.7163021564483643,0,10.293984413146973
5968.8000000000475,11.403915405273438,0.6988550424575806,0,10.223323822021484
5969.600000000048,10.396644592285156,0.7110388875007629,0,10.140328407287598
5970.400000000048,10.858323097229004,0.6737604737281799,0,10.042760848999023
5971.200000000048,11.405736923217773,0.6638609766960144,0,9.931394577026367
5972.000000000048,12.189513206481934,0.6476763486862183,0,9.803054809570312
5972.800000000048,13.668306350708008,0.639233410358429,0,9.662894248962402
5973.600000000049,10.990823745727539,0.698880136013031,0,9.512398719787598
5974.400000000049,10.08581256866455,0.7666730880737305,0,9.356014251708984
5975.200000000049,8.718888282775879,0.6851967573165894,0,9.199630737304688
5976.000000000049,8.492167472839355,0.7094483375549316,0,9.057968139648438
5976.800000000049,9.152591705322266,0.6614546775817871,0,8.941625595092773
5977.6000000000495,10.55262565612793,0.6210241317749023,0,8.886096954345703
5978.40000000005,8.935959815979004,0.6803159117698669,0,8.870638847351074
5979.20000000005,6.2240495681762695,0.6360996961593628,0,8.907907485961914
5980.00000000005,10.906272888183594,0.7530487775802612,0,8.987321853637695
5980.80000000005,9.847148895263672,0.8254026174545288,0,9.114359855651855
5981.60000000005,10.035512924194336,0.7156513333320618,0,9.266664505004883
5982.400000000051,9.813055038452148,0.73488849401474,0,9.423845291137695
5983.200000000051,11.454959869384766,0.7968314290046692,0,9.57567024230957
5984.000000000051,8.863478660583496,0.7133375406265259,0,9.71367359161377
5984.800000000051,11.467168807983398,0.7376878261566162,0,9.836393356323242
5985.600000000051,11.517936706542969,0.6852001547813416,0,9.940889358520508
5986.4000000000515,11.086380004882812,0.732506513595581,0,10.022588729858398
5987.200000000052,10.788741111755371,0.7247068285942078,0,10.079184532165527
5988.000000000052,11.85789966583252,0.7328504323959351,0,10.109848976135254
5988.800000000052,12.963667869567871,0.7526166439056396,0,10.117238998413086
5989.600000000052,12.039192199707031,0.7457186579704285,0,10.106630325317383
5990.400000000052,10.527112007141113,0.7562666535377502,0,10.084565162658691
5991.200000000053,11.539589881896973,0.7000502347946167,0,10.06118392944336
5992.000000000053,12.86296272277832,0.7690099477767944,0,10.04586410522461
5992.800000000053,9.231283187866211,0.7645164132118225,0,10.041511535644531
5993.600000000053,10.251461029052734,0.7568313479423523,0,10.047660827636719
5994.400000000053,8.148943901062012,0.7408574223518372,0,10.060511589050293
5995.2000000000535,12.24327564239502,0.7378544807434082,0,10.072643280029297
5996.000000000054,11.857381820678711,0.6666347980499268,0,10.076664924621582
5996.800000000054,11.184328079223633,0.7457048892974854,0,10.072510719299316
5997.600000000054,7.9876017570495605,0.7708778381347656,0,10.06131362915039
5998.400000000054,9.417332649230957,0.6995625495910645,0,10.049016952514648
5999.200000000054,9.953204154968262,0.7450482249259949,0,10.043055534362793
6000.000000000055,10.1500244140625,0.663017988204956,0,10.050844192504883
6000.800000000055,10.289763450622559,0.6953678131103516,0,10.07761001586914
6001.600000000055,9.602304458618164,0.7114334106445312,0,10.127079963684082
6002.400000000055,13.49045181274414,0.7426320910453796,0,10.200163841247559
6003.200000000055,11.475896835327148,0.7713210582733154,0,10.294397354125977
6004.0000000000555,9.259499549865723,0.7425175905227661,0,10.403464317321777
6004.800000000056,11.187295913696289,0.7254323363304138,0,10.520624160766602
6005.600000000056,10.961343765258789,0.7302291989326477,0,10.638909339904785
6006.400000000056,11.946638107299805,0.7347078323364258,0,10.75047492980957
6007.200000000056,11.66539478302002,0.7088227868080139,0,10.849273681640625
6008.000000000056,10.343682289123535,0.700573205947876,0,10.931730270385742
6008.800000000057,10.15605354309082,0.7336275577545166,0,10.993487358093262
6009.600000000057,11.266498565673828,0.7562016844749451,0,11.031403541564941
6010.400000000057,11.537453651428223,0.7905206084251404,0,11.044288635253906
6011.200000000057,12.262062072753906,0.7353233098983765,0,11.03358268737793
6012.000000000057,12.949334144592285,0.7345947027206421,0,11.00274658203125
6012.8000000000575,13.515311241149902,0.7719330191612244,0,10.956639289855957
6013.600000000058,9.597728729248047,0.8070566654205322,0,10.899662017822266
6014.400000000058,11.588388442993164,0.7767765522003174,0,10.834688186645508
6015.200000000058,11.330909729003906,0.81557697057724,0,10.763764381408691
6016.000000000058,10.78022289276123,0.8246456980705261,0,10.68855094909668
6016.800000000058,11.419534683227539,0.7583243250846863,0,10.61022663116455
6017.600000000059,11.39872932434082,0.7568354606628418,0,10.529556274414062
6018.400000000059,9.671181678771973,0.7459839582443237,0,10.447501182556152
6019.200000000059,10.052348136901855,0.8304752111434937,0,10.36577033996582
6020.000000000059,12.323230743408203,0.7854107022285461,0,10.283933639526367
6020.800000000059,9.987584114074707,0.7973343133926392,0,10.202406883239746
6021.6000000000595,10.822953224182129,0.8614843487739563,0,10.1210298538208
6022.40000000006,9.757833480834961,0.8246792554855347,0,10.039093971252441
6023.20000000006,9.297322273254395,0.7861140966415405,0,9.958503723144531
6024.00000000006,10.691076278686523,0.7990833520889282,0,9.886507034301758
6024.80000000006,12.301868438720703,0.711150050163269,0,9.831473350524902
6025.60000000006,9.28566837310791,0.8344559669494629,0,9.80451488494873
6026.400000000061,9.744124412536621,0.8200970888137817,0,9.816108703613281
6027.200000000061,9.91751480102539,0.7662839293479919,0,9.870941162109375
6028.000000000061,10.403153419494629,0.764950156211853,0,9.963794708251953
6028.800000000061,9.632113456726074,0.8343244791030884,0,10.082695007324219
6029.600000000061,9.87510871887207,0.7868669033050537,0,10.212203979492188
6030.4000000000615,11.188501358032227,0.7603524923324585,0,10.336417198181152
6031.200000000062,10.152249336242676,0.7837454676628113,0,10.442400932312012
6032.000000000062,10.15849781036377,0.7978461384773254,0,10.523097038269043
6032.800000000062,11.70995044708252,0.8377755880355835,0,10.577587127685547
6033.600000000062,9.168328285217285,0.8386890888214111,0,10.606902122497559
6034.400000000062,11.0625,0.8558245897293091,0,10.613778114318848
6035.200000000063,10.074840545654297,0.9167547821998596,0,10.60219955444336
6036.000000000063,9.88107967376709,0.855185866355896,0,10.576074600219727
6036.800000000063,10.991641998291016,0.8519270420074463,0,10.540719985961914
6037.600000000063,9.39432144165039,0.8435091972351074,0,10.500669479370117
6038.400000000063,9.64926815032959,0.9045431613922119,0,10.46118450164795
6039.2000000000635,10.519983291625977,0.8188626170158386,0,10.428260803222656
6040.000000000064,9.7643404006958,0.8174403309822083,0,10.40466022491455
6040.800000000064,11.106181144714355,0.8482800722122192,0,10.390338897705078
6041.600000000064,12.137548446655273,0.8596093058586121,0,10.382242202758789
6042.400000000064,9.943948745727539,0.8554214835166931,0,10.374821662902832
6043.200000000064,9.7025146484375,0.7891285419464111,0,10.362311363220215
6044.000000000065,9.491978645324707,0.9034482836723328,0,10.341021537780762
6044.800000000065,10.115620613098145,0.8526216745376587,0,10.309995651245117
6045.600000000065,7.6484174728393555,0.9543057680130005,0,10.270833015441895
6046.400000000065,10.690877914428711,0.8793723583221436,0,10.225825309753418
6047.200000000065,9.455609321594238,0.8370635509490967,0,10.1776762008667
6048.0000000000655,9.789140701293945,0.851348340511322,0,10.128716468811035
6048.800000000066,9.347006797790527,0.828140377998352,0,10.079771041870117
6049.600000000066,8.262039184570312,0.8549500107765198,0,10.030476570129395
6050.400000000066,9.807965278625488,0.8441489338874817,0,9.980257987976074
6051.200000000066,11.544892311096191,0.8930397033691406,0,9.92793083190918
6052.000000000066,9.802776336669922,0.8671545386314392,0,9.874007225036621
6052.800000000067,10.82271671295166,0.8661187887191772,0,9.819583892822266
6053.600000000067,9.592843055725098,0.8103580474853516,0,9.76756477355957
6054.400000000067,9.796486854553223,0.8533012866973877,0,9.723983764648438
6055.200000000067,11.059530258178711,0.8500597476959229,0,9.694059371948242
6056.000000000067,9.052497863769531,0.8394219875335693,0,9.68100643157959
6056.8000000000675,12.710306167602539,0.8752851486206055,0,9.684064865112305
6057.600000000068,10.290289878845215,0.804526150226593,0,9.697684288024902
6058.400000000068,10.116811752319336,0.8196141719818115,0,9.711871147155762
6059.200000000068,9.540865898132324,0.8875366449356079,0,9.715696334838867
6060.000000000068,9.562527656555176,0.8657300472259521,0,9.70092487335205
6060.800000000068,9.366663932800293,0.7956666946411133,0,9.66313648223877
6061.600000000069,9.500946998596191,0.9011193513870239,0,9.602370262145996
6062.400000000069,9.036005020141602,0.8858581781387329,0,9.525668144226074
6063.200000000069,10.29487133026123,0.8077583909034729,0,9.445960998535156
6064.000000000069,9.58582592010498,0.8416454792022705,0,9.376851081848145
6064.800000000069,8.451164245605469,0.8642295002937317,0,9.331990242004395
6065.6000000000695,9.300299644470215,0.8519638776779175,0,9.320720672607422
6066.40000000007,10.146673202514648,0.8656343221664429,0,9.344968795776367
6067.20000000007,10.886981010437012,0.8091037273406982,0,9.399662017822266
6068.00000000007,10.775489807128906,0.7869374752044678,0,9.478416442871094
6068.80000000007,9.277891159057617,0.8660277128219604,0,9.574607849121094
6069.60000000007,8.931036949157715,0.8544666171073914,0,9.683653831481934
6070.400000000071,8.906167984008789,0.8138611912727356,0,9.800868034362793
6071.200000000071,11.618795394897461,0.8445854783058167,0,9.923104286193848
6072.000000000071,9.335739135742188,0.8853492736816406,0,10.045308113098145
6072.800000000071,10.156018257141113,0.8445788621902466,0,10.162670135498047
6073.600000000071,11.017793655395508,0.8589075803756714,0,10.268807411193848
6074.4000000000715,11.688469886779785,0.8679470419883728,0,10.362410545349121
6075.200000000072,9.900619506835938,0.8481566309928894,0,10.443182945251465
6076.000000000072,10.414414405822754,0.8072711825370789,0,10.514639854431152
6076.800000000072,8.990321159362793,0.8313777446746826,0,10.577705383300781
6077.600000000072,9.640665054321289,0.8207336664199829,0,10.632736206054688
6078.400000000072,9.943501472473145,0.7973493933677673,0,10.678840637207031
6079.200000000073,10.573468208312988,0.8433692455291748,0,10.713549613952637
6080.000000000073,11.461446762084961,0.8505196571350098,0,10.734182357788086
6080.800000000073,12.01142692565918,0.8182066679000854,0,10.738913536071777
6081.600000000073,11.357827186584473,0.7584360241889954,0,10.726983070373535
6082.400000000073,10.418832778930664,0.8556979894638062,0,10.699040412902832
6083.2000000000735,13.652331352233887,0.825853705406189,0,10.657374382019043
6084.000000000074,12.205713272094727,0.7835963368415833,0,10.604229927062988
6084.800000000074,11.702280044555664,0.7766621112823486,0,10.543540954589844
6085.600000000074,11.636213302612305,0.755961000919342,0,10.480377197265625
6086.400000000074,13.256019592285156,0.770200252532959,0,10.41697883605957
6087.200000000074,9.245593070983887,0.8164206147193909,0,10.3527193069458
6088.000000000075,10.093010902404785,0.8373078107833862,0,10.283961296081543
6088.800000000075,9.542790412902832,0.8732842206954956,0,10.205849647521973
6089.600000000075,10.183965682983398,0.8247805833816528,0,10.115612030029297
6090.400000000075,12.621459007263184,0.7844412326812744,0,10.016608238220215
6091.200000000075,9.691288948059082,0.7668845653533936,0,9.914325714111328
6092.0000000000755,11.87548828125,0.7942497730255127,0,9.819624900817871
6092.800000000076,11.397651672363281,0.838494062423706,0,9.741847038269043
6093.600000000076,12.102274894714355,0.7575117945671082,0,9.685346603393555
6094.400000000076,9.458651542663574,0.8596031069755554,0,9.650578498840332
6095.200000000076,11.087501525878906,0.7986204028129578,0,9.636832237243652
6096.000000000076,10.48388385772705,0.76984041929245,0,9.644173622131348
6096.800000000077,10.818743705749512,0.8746177554130554,0,9.674578666687012
6097.600000000077,9.74374008178711,0.8937749266624451,0,9.730637550354004
6098.400000000077,9.919838905334473,0.8403106331825256,0,9.812817573547363
6099.200000000077,10.114679336547852,0.7683837413787842,0,9.92061710357666
6100.000000000077,10.986984252929688,0.7871367335319519,0,10.049003601074219
6100.8000000000775,11.87717056274414,0.8281245231628418,0,10.187782287597656
6101.600000000078,11.470247268676758,0.9058400392532349,0,10.325214385986328
6102.400000000078,11.175527572631836,0.8126864433288574,0,10.449246406555176
6103.200000000078,10.6942138671875,0.781448483467102,0,10.549774169921875
6104.000000000078,11.81818675994873,0.8587074279785156,0,10.62010383605957
6104.800000000078,11.273395538330078,0.8293085694313049,0,10.657072067260742
6105.600000000079,11.485565185546875,0.8115502595901489,0,10.66032886505127
6106.400000000079,12.303092002868652,0.8046737909317017,0,10.630475997924805
6107.200000000079,9.763111114501953,0.8139764070510864,0,10.570707321166992
6108.000000000079,12.181855201721191,0.829696774482727,0,10.487587928771973
6108.800000000079,11.861577987670898,0.7608174085617065,0,10.391676902770996
6109.6000000000795,11.159400939941406,0.7835525274276733,0,10.294615745544434
6110.40000000008,10.938831329345703,0.8862237334251404,0,10.210892677307129
6111.20000000008,10.138017654418945,0.779293417930603,0,10.153338432312012
6112.00000000008,10.300795555114746,0.8187655210494995,0,10.129568099975586
6112.80000000008,8.727930068969727,0.883431077003479,0,10.13808822631836
6113.60000000008,9.109820365905762,0.7936831712722778,0,10.171996116638184
6114.400000000081,8.801513671875,0.8238549828529358,0,10.218449592590332
6115.200000000081,11.044776916503906,0.7933666706085205,0,10.26290512084961
6116.000000000081,8.460176467895508,0.784809410572052,0,10.292951583862305
6116.800000000081,11.26982593536377,0.8935810923576355,0,10.302342414855957
6117.600000000081,9.064119338989258,0.8679865598678589,0,10.28923225402832
6118.4000000000815,10.26894760131836,0.856314480304718,0,10.257801055908203
6119.200000000082,8.63538932800293,0.8923437595367432,0,10.21864128112793
6120.000000000082,8.125068664550781,0.891766369342804,0,10.183856010437012
6120.800000000082,10.654603004455566,0.8127167820930481,0,10.164896965026855
6121.600000000082,10.464311599731445,0.7857841849327087,0,10.170586585998535
6122.400000000082,11.063936233520508,0.8614673018455505,0,10.201980590820312
6123.200000000083,11.202476501464844,0.8984938859939575,0,10.251779556274414
6124.000000000083,12.49685001373291,0.8803174495697021,0,10.30776596069336
6124.800000000083,11.367133140563965,0.8861173987388611,0,10.35758113861084
6125.600000000083,8.784211158752441,0.8789520859718323,0,10.391051292419434
6126.400000000083,10.58695125579834,0.8654723167419434,0,10.404157638549805
6127.2000000000835,8.96289348602295,0.9385038018226624,0,10.399803161621094
6128.000000000084,9.277477264404297,0.868977427482605,0,10.385114669799805
6128.800000000084,11.917593002319336,0.9611284732818604,0,10.368735313415527
6129.600000000084,8.13555908203125,0.9600455164909363,0,10.3589506149292
6130.400000000084,9.071877479553223,0.8710964322090149,0,10.360394477844238
6131.200000000084,10.445537567138672,0.9063394069671631,0,10.373348236083984
6132.000000000085,10.901175498962402,0.9535030722618103,0,10.394898414611816
6132.800000000085,9.591059684753418,0.8900236487388611,0,10.420082092285156
6133.600000000085,9.220579147338867,0.9381858706474304,0,10.443011283874512
6134.400000000085,10.01480770111084,0.8881434202194214,0,10.459811210632324
6135.200000000085,11.817916870117188,0.8931514620780945,0,10.467883110046387
6136.0000000000855,10.188886642456055,0.9470338225364685,0,10.465559959411621
6136.800000000086,10.48342227935791,0.9030395150184631,0,10.451478958129883
6137.600000000086,8.504011154174805,0.9114295244216919,0,10.425261497497559
6138.400000000086,10.88048267364502,0.8431854248046875,0,10.387080192565918
6139.200000000086,10.932044982910156,0.8516835570335388,0,10.33716869354248
6140.000000000086,11.000486373901367,0.9022710919380188,0,10.2758150100708
6140.800000000087,9.987588882446289,0.8306578993797302,0,10.2030029296875
6141.600000000087,12.447033882141113,0.8508743643760681,0,10.123674392700195
6142.400000000087,10.820632934570312,0.9351098537445068,0,10.043505668640137
6143.200000000087,9.054704666137695,0.8849027156829834,0,9.969169616699219
6144.000000000087,10.957021713256836,0.8721796274185181,0,9.91042423248291
6144.8000000000875,10.125184059143066,0.8488330245018005,0,9.874898910522461
6145.600000000088,10.883557319641113,0.8698869347572327,0,9.866338729858398
6146.400000000088,10.566960334777832,0.8688657283782959,0,9.883756637573242
6147.200000000088,11.397237777709961,0.899558961391449,0,9.920099258422852
6148.000000000088,10.173583030700684,0.9345902800559998,0,9.966940879821777
6148.800000000088,8.904243469238281,0.8662379384040833,0,10.016087532043457
6149.600000000089,9.913503646850586,0.8902157545089722,0,10.062753677368164
6150.400000000089,10.394411087036133,0.9268847703933716,0,10.106410026550293
6151.200000000089,9.94805908203125,0.875281572341919,0,10.147628784179688
6152.000000000089,9.664189338684082,0.84275221824646,0,10.185561180114746
6152.800000000089,10.95703125,0.8443464040756226,0,10.21833324432373
6153.6000000000895,9.417853355407715,0.8008522987365723,0,10.241909980773926
6154.40000000009,9.308685302734375,0.9454858899116516,0,10.25317096710205
6155.20000000009,9.531907081604004,0.8406884670257568,0,10.251351356506348
6156.00000000009,10.82952880859375,0.874663770198822,0,10.239605903625488
6156.80000000009,9.607514381408691,0.8897721171379089,0,10.225799560546875
6157.60000000009,12.37629508972168,0.8789777755737305,0,10.213703155517578
6158.400000000091,11.647911071777344,0.8525561690330505,0,10.209541320800781
6159.200000000091,10.688682556152344,0.8527253866195679,0,10.216586112976074
6160.000000000091,11.149587631225586,0.8669394254684448,0,10.233427047729492
6160.800000000091,10.162955284118652,0.9472323656082153,0,10.25594711303711
6161.600000000091,8.712360382080078,0.866996169090271,0,10.279053688049316
6162.4000000000915,11.818750381469727,0.8193605542182922,0,10.30099105834961
6163.200000000092,9.170661926269531,0.9044963717460632,0,10.316447257995605
6164.000000000092,9.170032501220703,0.8830357193946838,0,10.324508666992188
6164.800000000092,10.246505737304688,0.9431273341178894,0,10.324869155883789
6165.600000000092,9.356741905212402,0.9069830179214478,0,10.319056510925293
6166.400000000092,10.250500679016113,0.9826620817184448,0,10.309449195861816
6167.200000000093,11.002928733825684,0.9401063323020935,0,10.299128532409668
6168.000000000093,11.751474380493164,0.9144314527511597,0,10.291043281555176
6168.800000000093,11.433094024658203,0.9278939962387085,0,10.286103248596191
6169.600000000093,10.497407913208008,0.9293549060821533,0,10.283393859863281
6170.400000000093,12.346874237060547,0.9102181196212769,0,10.27995491027832
6171.2000000000935,8.084976196289062,0.8631930947303772,0,10.272880554199219
6172.000000000094,10.726515769958496,0.7918760180473328,0,10.2586669921875
6172.800000000094,10.872025489807129,0.872718095779419,0,10.236077308654785
6173.600000000094,11.507012367248535,0.9146053791046143,0,10.206609725952148
6174.400000000094,9.907763481140137,0.9136092662811279,0,10.16926383972168
6175.200000000094,8.907671928405762,0.8932964205741882,0,10.12648868560791
6176.000000000095,12.832184791564941,0.8329269886016846,0,10.081534385681152
6176.800000000095,10.582123756408691,0.8993591666221619,0,10.03856372833252
6177.600000000095,11.758048057556152,0.8562760353088379,0,10.002324104309082
6178.400000000095,10.091239929199219,0.9225148558616638,0,9.976170539855957
6179.200000000095,9.497611999511719,0.9122177362442017,0,9.96016788482666
6180.0000000000955,11.010594367980957,0.9013953804969788,0,9.951537132263184
6180.800000000096,12.811100006103516,0.8621364831924438,0,9.944775581359863
6181.600000000096,8.73717212677002,0.9204415678977966,0,9.935081481933594
6182.400000000096,8.82677173614502,0.8511272072792053,0,9.920791625976562
6183.200000000096,10.206941604614258,0.8384587168693542,0,9.904356002807617
6184.000000000096,9.441804885864258,0.9265721440315247,0,9.89104175567627
6184.800000000097,10.326606750488281,0.9247320294380188,0,9.89067268371582
6185.600000000097,9.727621078491211,0.8771817088127136,0,9.909889221191406
6186.400000000097,12.415212631225586,0.8906377553939819,0,9.953680992126465
6187.200000000097,12.238752365112305,0.903738796710968,0,10.021343231201172
6188.000000000097,8.959754943847656,0.896311342716217,0,10.1080961227417
6188.8000000000975,10.611491203308105,0.8593900799751282,0,10.20508098602295
6189.600000000098,9.561924934387207,0.8652668595314026,0,10.30223560333252
6190.400000000098,9.170812606811523,0.8194012641906738,0,10.39047622680664
6191.200000000098,10.824150085449219,0.8767251968383789,0,10.461067199707031
6192.000000000098,9.73728084564209,0.9462145566940308,0,10.509689331054688
6192.800000000098,9.552434921264648,0.9299534559249878,0,10.535667419433594
6193.600000000099,9.585034370422363,0.9152533411979675,0,10.540093421936035
6194.400000000099,9.864665031433105,0.8671975135803223,0,10.526585578918457
6195.200000000099,10.998988151550293,0.9117081165313721,0,10.499638557434082
6196.000000000099,10.37795639038086,0.9091505408287048,0,10.463638305664062
6196.800000000099,11.532735824584961,0.8585362434387207,0,10.420988082885742
6197.6000000000995,10.53470230102539,0.8894050717353821,0,10.37339973449707
6198.4000000001,10.57872200012207,0.8645692467689514,0,10.321969032287598
6199.2000000001,10.961188316345215,0.8432212471961975,0,10.270184516906738
6200.0000000001,10.352048873901367,0.9329820871353149,0,10.221271514892578
6200.8000000001,10.040567398071289,0.9443554878234863,0,10.181278228759766
6201.6000000001,11.223294258117676,0.916421115398407,0,10.1561279296875
6202.400000000101,10.429802894592285,0.8622221946716309,0,10.150666236877441
6203.200000000101,9.429503440856934,0.8837528228759766,0,10.165549278259277
6204.000000000101,11.34334659576416,0.7311382293701172,0,10.19875431060791
6204.800000000101,9.296769142150879,0.8091133832931519,0,10.245488166809082
6205.600000000101,9.892044067382812,0.9025183916091919,0,10.29549789428711
6206.4000000001015,9.774030685424805,0.8402151465415955,0,10.342923164367676
6207.200000000102,9.416050910949707,0.9596478939056396,0,10.384175300598145
6208.000000000102,11.262615203857422,0.8729209303855896,0,10.41812801361084
6208.800000000102,12.115679740905762,0.9684814214706421,0,10.446796417236328
6209.600000000102,10.038451194763184,0.9281041026115417,0,10.47428035736084
6210.400000000102,11.631423950195312,0.885272741317749,0,10.504173278808594
6211.200000000103,9.616413116455078,0.9310662746429443,0,10.53886890411377
6212.000000000103,9.574268341064453,0.85401850938797,0,10.578590393066406
6212.800000000103,10.332225799560547,0.9218909740447998,0,10.623528480529785
6213.600000000103,9.840401649475098,0.8945030570030212,0,10.669684410095215
6214.400000000103,9.830361366271973,0.9134551286697388,0,10.715965270996094
6215.2000000001035,11.587180137634277,0.8518551588058472,0,10.759775161743164
6216.000000000104,11.334996223449707,0.9055561423301697,0,10.798100471496582
6216.800000000104,10.025790214538574,0.9562952518463135,0,10.828866004943848
6217.600000000104,10.394806861877441,0.9050134420394897,0,10.85046672821045
6218.400000000104,9.465677261352539,0.8925116658210754,0,10.861895561218262
6219.200000000104,9.664758682250977,0.9042018055915833,0,10.86328411102295
6220.000000000105,10.933344841003418,0.9606576561927795,0,10.857446670532227
6220.800000000105,9.663039207458496,0.8733877539634705,0,10.846414566040039
6221.600000000105,9.658796310424805,0.8867910504341125,0,10.834183692932129
6222.400000000105,8.248235702514648,0.871773898601532,0,10.822757720947266
6223.200000000105,7.998320579528809,0.8633715510368347,0,10.812195777893066
6224.0000000001055,11.396824836730957,0.8947026133537292,0,10.804031372070312
6224.800000000106,10.871004104614258,0.893197774887085,0,10.795860290527344
6225.600000000106,10.152012825012207,0.9250153303146362,0,10.786957740783691
6226.400000000106,9.845949172973633,0.9284889101982117,0,10.775422096252441
6227.200000000106,11.243049621582031,0.9146404266357422,0,10.760398864746094
6228.000000000106,12.052572250366211,0.9670406579971313,0,10.74145221710205
6228.800000000107,10.582334518432617,0.9379461407661438,0,10.718321800231934
6229.600000000107,9.464816093444824,0.9023826718330383,0,10.691728591918945
6230.400000000107,9.686444282531738,0.9832525253295898,0,10.664019584655762
6231.200000000107,10.17678165435791,0.9622303247451782,0,10.638014793395996
6232.000000000107,10.792939186096191,0.9751591086387634,0,10.615936279296875
6232.8000000001075,10.214376449584961,0.8805787563323975,0,10.599522590637207
6233.600000000108,10.064874649047852,0.9134759306907654,0,10.588560104370117
6234.400000000108,9.872720718383789,0.9001356959342957,0,10.580267906188965
6235.200000000108,11.827882766723633,0.7995273470878601,0,10.571931838989258
6236.000000000108,11.243317604064941,0.729056715965271,0,10.559056282043457
6236.800000000108,10.273420333862305,0.7359620928764343,0,10.539041519165039
6237.600000000109,12.063325881958008,0.7589321732521057,0,10.51065731048584
6238.400000000109,8.975944519042969,0.8417818546295166,0,10.475200653076172
6239.200000000109,9.768381118774414,0.8556632995605469,0,10.436323165893555
6240.000000000109,9.993964195251465,0.882647693157196,0,10.397346496582031
6240.800000000109,10.745725631713867,0.8522521257400513,0,10.362031936645508
6241.6000000001095,11.348671913146973,0.8208932876586914,0,10.332996368408203
6242.40000000011,9.782362937927246,0.8967109322547913,0,10.313196182250977
6243.20000000011,10.408393859863281,0.8610365986824036,0,10.299490928649902
6244.00000000011,9.73961353302002,0.8220226764678955,0,10.29146671295166
6244.80000000011,9.964425086975098,0.9359367489814758,0,10.285682678222656
6245.60000000011,10.237154960632324,0.8329578042030334,0,10.280274391174316
6246.400000000111,8.51780891418457,0.9823009371757507,0,10.274341583251953
6247.200000000111,9.829855918884277,0.9423009753227234,0,10.267874717712402
6248.000000000111,8.584646224975586,0.9442597031593323,0,10.26160717010498
6248.800000000111,13.282014846801758,0.9540941119194031,0,10.256399154663086
6249.600000000111,8.795778274536133,0.9618316292762756,0,10.252739906311035
6250.4000000001115,10.934754371643066,0.9566009640693665,0,10.250921249389648
6251.200000000112,9.949858665466309,0.9235747456550598,0,10.252199172973633
6252.000000000112,11.33044719696045,0.9314892888069153,0,10.257436752319336
6252.800000000112,11.471233367919922,0.9813442826271057,0,10.268817901611328
6253.600000000112,10.395670890808105,0.9431604146957397,0,10.288249969482422
6254.400000000112,11.542673110961914,0.9236869812011719,0,10.315855979919434
6255.200000000113,10.162629127502441,0.9476466774940491,0,10.350074768066406
6256.000000000113,10.585591316223145,0.9780035018920898,0,10.388335227966309
6256.800000000113,10.16958236694336,1.0093557834625244,0,10.427026748657227
6257.600000000113,10.859231948852539,0.9231288433074951,0,10.461590766906738
6258.400000000113,9.848424911499023,0.8277074694633484,0,10.486435890197754
6259.2000000001135,10.0303955078125,0.6776422262191772,0,10.50137710571289
6260.000000000114,10.309017181396484,0.7261159420013428,0,10.500264167785645
6260.800000000114,9.393795013427734,0.9074488878250122,0,10.482728958129883
6261.600000000114,11.680841445922852,0.901995837688446,0,10.44708251953125
6262.400000000114,10.591569900512695,0.9618909358978271,0,10.393538475036621
6263.200000000114,11.216142654418945,0.8946287631988525,0,10.324609756469727
6264.000000000115,11.761919021606445,0.8838645219802856,0,10.240594863891602
6264.800000000115,11.178383827209473,0.9382073283195496,0,10.145705223083496
6265.600000000115,11.178970336914062,0.8405558466911316,0,10.045469284057617
6266.400000000115,9.154257774353027,0.8086942434310913,0,9.940518379211426
6267.200000000115,11.645808219909668,0.8989712595939636,0,9.839277267456055
6268.0000000001155,9.59117603302002,0.9528476595878601,0,9.75395679473877
6268.800000000116,10.368223190307617,0.8550804853439331,0,9.688248634338379
6269.600000000116,10.59598159790039,0.9024466872215271,0,9.646289825439453
6270.400000000116,11.28804874420166,0.9101693034172058,0,9.63180923461914
6271.200000000116,11.471267700195312,0.9910739064216614,0,9.643256187438965
6272.000000000116,9.676344871520996,0.9374915957450867,0,9.674788475036621
6272.800000000117,10.46246337890625,0.9379906058311462,0,9.71942138671875
6273.600000000117,11.580499649047852,0.9114376306533813,0,9.77159595489502
6274.400000000117,7.478181838989258,0.9264636635780334,0,9.826403617858887
6275.200000000117,10.069289207458496,0.9712432026863098,0,9.880813598632812
6276.000000000117,8.591630935668945,0.965878963470459,0,9.933202743530273
6276.8000000001175,8.44771957397461,0.9168299436569214,0,9.983429908752441
6277.600000000118,9.560460090637207,0.9243336915969849,0,10.02853012084961
6278.400000000118,9.248515129089355,0.8821771740913391,0,10.06459903717041
6279.200000000118,8.580955505371094,0.82017582654953,0,10.088306427001953
6280.000000000118,7.908650875091553,0.8729063272476196,0,10.100839614868164
6280.800000000118,8.662824630737305,0.9372139573097229,0,10.102593421936035
6281.600000000119,9.965564727783203,0.8893578052520752,0,10.09957504272461
6282.400000000119,11.3939790725708,0.8971317410469055,0,10.098589897155762
6283.200000000119,11.82630729675293,0.9476853013038635,0,10.105751037597656
6284.000000000119,9.817082405090332,0.9416603446006775,0,10.125557899475098
6284.800000000119,11.081415176391602,0.9616981148719788,0,10.162095069885254
6285.6000000001195,11.880403518676758,0.8991231322288513,0,10.216279983520508
6286.40000000012,11.126628875732422,0.9491454362869263,0,10.285999298095703
6287.20000000012,10.663605690002441,0.8976633548736572,0,10.367963790893555
6288.00000000012,10.4509916305542,0.8261874914169312,0,10.456326484680176
6288.80000000012,9.480692863464355,0.720980167388916,0,10.550848007202148
6289.60000000012,10.619840621948242,0.8968913555145264,0,10.638415336608887
6290.400000000121,9.081944465637207,0.9767032861709595,0,10.708451271057129
6291.200000000121,9.724286079406738,0.9767262935638428,0,10.761606216430664
6292.000000000121,10.013270378112793,1.017777442932129,0,10.797290802001953
6292.800000000121,10.816182136535645,0.9677755832672119,0,10.814285278320312
6293.600000000121,12.05881118774414,0.9513282775878906,0,10.813015937805176
6294.4000000001215,10.347622871398926,0.957395613193512,0,10.793254852294922
6295.200000000122,12.523635864257812,0.9990813136100769,0,10.754304885864258
6296.000000000122,12.427703857421875,0.9484125971794128,0,10.696396827697754
6296.800000000122,9.515603065490723,0.9595624208450317,0,10.620378494262695
6297.600000000122,9.142212867736816,0.9657600522041321,0,10.528048515319824
6298.400000000122,13.167119979858398,0.9690201878547668,0,10.425263404846191
6299.200000000123,8.380597114562988,0.8311790823936462,0,10.317793846130371
6300.000000000123,10.780941009521484,0.432062566280365,0,10.229296684265137
6300.800000000123,12.13036823272705,0.06396636366844177,0,10.156829833984375
6301.600000000123,7.904645919799805,0.04774915799498558,0,10.080239295959473
6302.400000000123,5.7844719886779785,0.06413725018501282,0,10.037537574768066
6303.2000000001235,9.835183143615723,0.428505539894104,0,10.028444290161133
6304.000000000124,10.188277244567871,0.9577839970588684,0,10.029953956604004
6304.800000000124,11.012569427490234,1.043414831161499,0,10.040702819824219
6305.600000000124,11.365859031677246,0.983185887336731,0,10.058292388916016
6306.400000000124,8.494385719299316,0.9616906046867371,0,10.078306198120117
6307.200000000124,11.307744979858398,0.7938961982727051,0,10.097505569458008
6308.000000000125,8.999176979064941,0.6144079566001892,0,10.118185997009277
6308.800000000125,10.406283378601074,0.7378260493278503,0,10.139945030212402
6309.600000000125,10.160147666931152,0.8906458020210266,0,10.162190437316895
6310.400000000125,12.626324653625488,0.9592001438140869,0,10.189390182495117
6311.200000000125,9.263969421386719,0.964392364025116,0,10.226675033569336
6312.0000000001255,9.308455467224121,1.1101092100143433,0,10.274504661560059
6312.800000000126,9.642500877380371,1.0672065019607544,0,10.33234977722168
6313.600000000126,10.635398864746094,0.9255814552307129,0,10.396488189697266
6314.400000000126,11.804414749145508,0.9873394966125488,0,10.46176815032959
6315.200000000126,10.641902923583984,1.0260133743286133,0,10.523917198181152
6316.000000000126,12.134575843811035,0.9339039325714111,0,10.578332901000977
6316.800000000127,8.934718132019043,1.0096819400787354,0,10.622360229492188
6317.600000000127,10.667804718017578,0.8616010546684265,0,10.654074668884277
6318.400000000127,12.149394035339355,0.9248789548873901,0,10.672667503356934
6319.200000000127,10.274236679077148,1.0054877996444702,0,10.678824424743652
6320.000000000127,9.231682777404785,0.9866451025009155,0,10.673675537109375
6320.8000000001275,10.488492965698242,1.0050294399261475,0,10.659342765808105
6321.600000000128,9.787111282348633,0.961016833782196,0,10.636678695678711
6322.400000000128,10.90682315826416,0.9466439485549927,0,10.607298851013184
6323.200000000128,10.548415184020996,0.9022582173347473,0,10.572223663330078
6324.000000000128,10.073009490966797,0.9378215670585632,0,10.53429889678955
6324.800000000128,9.115662574768066,0.9865532517433167,0,10.495068550109863
6325.600000000129,10.917585372924805,0.9559083580970764,0,10.45530891418457
6326.400000000129,9.115633010864258,0.99127197265625,0,10.417473793029785
6327.200000000129,11.23081111907959,0.9465010762214661,0,10.382716178894043
6328.000000000129,7.447251796722412,0.950904130935669,0,10.352211952209473
6328.800000000129,9.76710033416748,0.9937298893928528,0,10.326103210449219
6329.6000000001295,11.075976371765137,0.9429143071174622,0,10.306098937988281
6330.40000000013,8.108607292175293,0.768496036529541,0,10.2925443649292
6331.20000000013,9.625184059143066,0.7795827388763428,0,10.28575611114502
6332.00000000013,10.816083908081055,0.8731918334960938,0,10.287755966186523
6332.80000000013,8.8441162109375,0.9709101915359497,0,10.29654312133789
6333.60000000013,10.340315818786621,0.9848683476448059,0,10.312148094177246
6334.400000000131,11.676981925964355,0.9669417142868042,0,10.332680702209473
6335.200000000131,11.367385864257812,0.9651846885681152,0,10.355949401855469
6336.000000000131,11.12822151184082,0.9521640539169312,0,10.378564834594727
6336.800000000131,9.174503326416016,0.9961452484130859,0,10.3985013961792
6337.600000000131,9.675979614257812,1.1626583337783813,0,10.414225578308105
6338.4000000001315,8.669696807861328,0.977071225643158,0,10.424567222595215
6339.200000000132,11.103910446166992,0.9812893271446228,0,10.430886268615723
6340.000000000132,10.356732368469238,0.9446774125099182,0,10.43301773071289
6340.800000000132,9.766755104064941,0.9302663207054138,0,10.430323600769043
6341.600000000132,10.447481155395508,0.939535915851593,0,10.421309471130371
6342.400000000132,12.008795738220215,0.9360269904136658,0,10.403936386108398
6343.200000000133,9.567418098449707,0.9645476937294006,0,10.376928329467773
6344.000000000133,10.852343559265137,1.0479816198349,0,10.33803939819336
6344.800000000133,11.560333251953125,0.9527153968811035,0,10.287313461303711
6345.600000000133,10.301773071289062,0.9805518388748169,0,10.226802825927734
6346.400000000133,9.584091186523438,1.015721082687378,0,10.160223007202148
6347.2000000001335,9.596490859985352,1.0140269994735718,0,10.093462944030762
6348.000000000134,10.59596061706543,0.9494870901107788,0,10.034260749816895
6348.800000000134,9.302953720092773,0.961047351360321,0,9.98945140838623
6349.600000000134,9.166153907775879,0.9493089318275452,0,9.962119102478027
6350.400000000134,9.877259254455566,0.9165728688240051,0,9.956154823303223
6351.200000000134,10.162934303283691,0.9474517703056335,0,9.968809127807617
6352.000000000135,9.058300018310547,1.034314513206482,0,9.995752334594727
6352.800000000135,10.201286315917969,1.0015650987625122,0,10.034884452819824
6353.600000000135,10.554543495178223,1.0664316415786743,0,10.082452774047852
6354.400000000135,9.407075881958008,0.9794402718544006,0,10.136058807373047
6355.200000000135,11.792152404785156,1.0266121625900269,0,10.192327499389648
6356.0000000001355,9.973339080810547,0.9577100276947021,0,10.247305870056152
6356.800000000136,10.074617385864258,0.8397104740142822,0,10.298599243164062
6357.600000000136,8.91170883178711,0.819912850856781,0,10.343656539916992
6358.400000000136,9.60995101928711,0.8295828104019165,0,10.384363174438477
6359.200000000136,11.499471664428711,0.9379238486289978,0,10.418412208557129
6360.000000000136,12.658588409423828,0.9802061319351196,0,10.450570106506348
6360.800000000137,10.817663192749023,1.0601965188980103,0,10.484365463256836
6361.600000000137,9.44133186340332,1.015957236289978,0,10.52057933807373
6362.400000000137,11.231260299682617,1.0076162815093994,0,10.55870246887207
6363.200000000137,10.287967681884766,0.8700750470161438,0,10.59570026397705
6364.000000000137,9.78324031829834,0.3353441059589386,0,10.627090454101562
6364.8000000001375,10.353099822998047,0.18474650382995605,0,10.655067443847656
6365.600000000138,12.200867652893066,0.21594224870204926,0,10.679632186889648
6366.400000000138,9.71086311340332,0.4466817378997803,0,10.68691635131836
6367.200000000138,10.833015441894531,0.9271453619003296,0,10.678449630737305
6368.000000000138,10.139328956604004,1.0023983716964722,0,10.655827522277832
6368.800000000138,11.239251136779785,0.9554387331008911,0,10.619607925415039
6369.600000000139,9.047707557678223,0.9843103885650635,0,10.572413444519043
6370.400000000139,11.349102020263672,1.033931851387024,0,10.518904685974121
6371.200000000139,12.436832427978516,1.0038384199142456,0,10.464836120605469
6372.000000000139,12.016121864318848,1.0128130912780762,0,10.41555404663086
6372.800000000139,11.278484344482422,0.9879686832427979,0,10.37593936920166
6373.6000000001395,8.793824195861816,0.9931376576423645,0,10.348217010498047
6374.40000000014,9.776986122131348,1.0001648664474487,0,10.332755088806152
6375.20000000014,9.89637565612793,1.0279903411865234,0,10.326969146728516
6376.00000000014,11.687675476074219,0.9256169199943542,0,10.328826904296875
6376.80000000014,8.27019214630127,1.0055570602416992,0,10.336050987243652
6377.60000000014,11.84559154510498,0.9564380645751953,0,10.346314430236816
6378.400000000141,10.450639724731445,1.026749610900879,0,10.357451438903809
6379.200000000141,10.317483901977539,0.9351091384887695,0,10.368534088134766
6380.000000000141,10.1394624710083,0.9361174702644348,0,10.379838943481445
6380.800000000141,8.604292869567871,0.929076611995697,0,10.3937349319458
6381.600000000141,9.171590805053711,1.0369559526443481,0,10.412125587463379
6382.4000000001415,10.376971244812012,0.9586190581321716,0,10.436352729797363
6383.200000000142,12.361262321472168,0.9677554368972778,0,10.469245910644531
6384.000000000142,9.65527057647705,0.9564784169197083,0,10.508308410644531
6384.800000000142,10.361330032348633,1.0068793296813965,0,10.550408363342285
6385.600000000142,10.758089065551758,0.995039165019989,0,10.590806007385254
6386.400000000142,12.258672714233398,0.9508431553840637,0,10.62357234954834
6387.200000000143,10.819982528686523,0.8449289202690125,0,10.64600944519043
6388.000000000143,10.763324737548828,0.8838350772857666,0,10.654627799987793
6388.800000000143,11.502226829528809,0.9376431107521057,0,10.649725914001465
6389.600000000143,11.116765022277832,1.0164016485214233,0,10.631340026855469
6390.400000000143,10.550151824951172,0.9848621487617493,0,10.601239204406738
6391.2000000001435,10.729248046875,0.9604024291038513,0,10.562249183654785
6392.000000000144,9.45562744140625,1.065048098564148,0,10.516355514526367
6392.800000000144,9.905730247497559,0.9960892796516418,0,10.465188026428223
6393.600000000144,11.250073432922363,0.9920278191566467,0,10.41098403930664
6394.400000000144,11.404250144958496,1.0349777936935425,0,10.356583595275879
6395.200000000144,8.581352233886719,1.044776201248169,0,10.303869247436523
6396.000000000145,11.010895729064941,0.9333000779151917,0,10.255478858947754
6396.800000000145,12.231827735900879,0.9859319925308228,0,10.212977409362793
6397.600000000145,10.706424713134766,1.0153090953826904,0,10.176606178283691
6398.400000000145,10.758009910583496,0.9295753836631775,0,10.14409065246582
6399.200000000145,10.057914733886719,1.058186650276184,0,10.112590789794922
6400.0000000001455,9.558832168579102,1.016899585723877,0,10.077444076538086
6400.800000000146,11.766705513000488,1.0275146961212158,0,10.035198211669922
6401.600000000146,8.916440963745117,1.1110026836395264,0,9.986488342285156
6402.400000000146,9.855425834655762,0.9961580634117126,0,9.933065414428711
6403.200000000146,9.120462417602539,0.9715736508369446,0,9.880340576171875
6404.000000000146,9.207039833068848,1.0227679014205933,0,9.835272789001465
6404.800000000147,9.110121726989746,1.0897941589355469,0,9.806428909301758
6405.600000000147,9.52607250213623,1.039749026298523,0,9.798345565795898
6406.400000000147,10.315088272094727,0.9670388102531433,0,9.815608978271484
6407.200000000147,11.991003036499023,0.9832640290260315,0,9.857503890991211
6408.000000000147,10.279643058776855,1.0325055122375488,0,9.92139720916748
6408.8000000001475,11.091043472290039,1.0115392208099365,0,10.004573822021484
6409.600000000148,10.800052642822266,0.9878217577934265,0,10.100343704223633
6410.400000000148,9.423239707946777,1.000596523284912,0,10.201287269592285
6411.200000000148,10.062763214111328,0.9596107006072998,0,10.302216529846191
6412.000000000148,10.351472854614258,0.9938001036643982,0,10.3967866897583
6412.800000000148,9.54821491241455,1.074370265007019,0,10.481832504272461
6413.600000000149,12.21713924407959,1.0384997129440308,0,10.556798934936523
6414.400000000149,10.08966064453125,0.999716579914093,0,10.622227668762207
6415.200000000149,10.718223571777344,0.8951919674873352,0,10.680404663085938
6416.000000000149,12.1398344039917,0.9201431274414062,0,10.734267234802246
6416.800000000149,12.231122016906738,0.9563925862312317,0,10.785636901855469
6417.6000000001495,12.0003662109375,1.014607310295105,0,10.835166931152344
6418.40000000015,10.519498825073242,1.032070279121399,0,10.883759498596191
6419.20000000015,11.227431297302246,0.9263209104537964,0,10.930569648742676
6420.00000000015,11.395818710327148,1.0257657766342163,0,10.974279403686523
6420.80000000015,8.965744972229004,0.9303340911865234,0,11.012425422668457
6421.60000000015,11.334879875183105,0.8687693476676941,0,11.042221069335938
6422.400000000151,10.260244369506836,1.0260637998580933,0,11.0619535446167
6423.200000000151,10.270748138427734,1.0342223644256592,0,11.07056999206543
6424.000000000151,11.084338188171387,1.0677382946014404,0,11.070075988769531
6424.800000000151,9.722392082214355,1.0685417652130127,0,11.061968803405762
6425.600000000151,11.640069961547852,1.006969928741455,0,11.049409866333008
6426.4000000001515,11.465723037719727,0.9667390584945679,0,11.035141944885254
6427.200000000152,10.71859359741211,0.9844381809234619,0,11.02023983001709
6428.000000000152,11.014689445495605,0.9656791687011719,0,11.005184173583984
6428.800000000152,10.05695915222168,0.933163583278656,0,10.990543365478516
6429.600000000152,10.998540878295898,1.0491794347763062,0,10.977113723754883
6430.400000000152,12.079530715942383,0.9618598222732544,0,10.965719223022461
6431.200000000153,10.632224082946777,0.9442059993743896,0,10.95746898651123
6432.000000000153,11.346936225891113,1.0050513744354248,0,10.952856063842773
6432.800000000153,11.14781665802002,0.9311039447784424,0,10.950555801391602
6433.600000000153,10.025955200195312,0.9656874537467957,0,10.948328971862793
6434.400000000153,10.528580665588379,1.0612012147903442,0,10.943949699401855
6435.2000000001535,11.240171432495117,0.9822015762329102,0,10.935680389404297
6436.000000000154,10.482217788696289,1.0202518701553345,0,10.923332214355469
6436.800000000154,10.9677152633667,0.9345346093177795,0,10.907804489135742
6437.600000000154,10.713738441467285,0.9905183911323547,0,10.891230583190918
6438.400000000154,9.696877479553223,1.0167467594146729,0,10.875712394714355
6439.200000000154,11.326342582702637,1.0095858573913574,0,10.862889289855957
6440.000000000155,11.891743659973145,0.9712574481964111,0,10.853790283203125
6440.800000000155,11.536293029785156,0.9345304369926453,0,10.848227500915527
6441.600000000155,8.73433780670166,1.0226719379425049,0,10.845498085021973
6442.400000000155,12.788249969482422,1.0147929191589355,0,10.843769073486328
6443.200000000155,13.456116676330566,1.0154331922531128,0,10.841666221618652
6444.0000000001555,9.77553939819336,0.986843466758728,0,10.837773323059082
6444.800000000156,10.929306983947754,0.9962626099586487,0,10.830810546875
6445.600000000156,7.282281398773193,1.0578932762145996,0,10.819891929626465
6446.400000000156,11.752619743347168,1.0588679313659668,0,10.804097175598145
6447.200000000156,11.097502708435059,1.0739284753799438,0,10.783294677734375
6448.000000000156,11.097405433654785,1.0658468008041382,0,10.758567810058594
6448.800000000157,10.483389854431152,1.0339821577072144,0,10.731330871582031
6449.600000000157,9.436081886291504,1.0079799890518188,0,10.703161239624023
6450.400000000157,11.328815460205078,0.950371503829956,0,10.674422264099121
6451.200000000157,11.573129653930664,1.0261363983154297,0,10.6445894241333
6452.000000000157,9.570401191711426,0.9761313199996948,0,10.612886428833008
6452.8000000001575,12.33882999420166,1.0286040306091309,0,10.578096389770508
6453.600000000158,10.55671215057373,0.972659707069397,0,10.542146682739258
6454.400000000158,11.188222885131836,0.909175455570221,0,10.509088516235352
6455.200000000158,10.593198776245117,0.9986194372177124,0,10.4835844039917
6456.000000000158,10.382811546325684,1.0003730058670044,0,10.470476150512695
6456.800000000158,10.805307388305664,1.0508517026901245,0,10.47137451171875
6457.600000000159,9.800042152404785,1.021681547164917,0,10.484529495239258
6458.400000000159,12.072073936462402,0.977047860622406,0,10.503478050231934
6459.200000000159,11.08954906463623,0.9826018810272217,0,10.523728370666504
6460.000000000159,11.463168144226074,0.928886353969574,0,10.538992881774902
6460.800000000159,10.010370254516602,0.9360312223434448,0,10.546008110046387
6461.6000000001595,12.041759490966797,1.0102086067199707,0,10.546677589416504
6462.40000000016,8.735041618347168,0.9735143780708313,0,10.54379653930664
6463.20000000016,12.392045974731445,0.9426450729370117,0,10.543551445007324
6464.00000000016,10.078857421875,1.0204851627349854,0,10.552483558654785
6464.80000000016,9.176733016967773,0.9493845701217651,0,10.575825691223145
6465.60000000016,11.582864761352539,0.8812568783760071,0,10.615819931030273
6466.400000000161,11.041509628295898,0.8960422277450562,0,10.6691255569458
6467.200000000161,11.9754056930542,0.845224142074585,0,10.733463287353516
6468.000000000161,10.98450756072998,0.8690342307090759,0,10.802356719970703
6468.800000000161,11.656660079956055,0.9972543716430664,0,10.865777969360352
6469.600000000161,9.799477577209473,1.0567874908447266,0,10.918699264526367
6470.4000000001615,9.058716773986816,0.988071620464325,0,10.959451675415039
6471.200000000162,12.131693840026855,0.9148591756820679,0,10.98573112487793
6472.000000000162,12.850024223327637,0.8370373845100403,0,10.996868133544922
6472.800000000162,9.052684783935547,0.8346641659736633,0,10.99600601196289
6473.600000000162,8.316573143005371,0.9406464695930481,0,10.986316680908203
6474.400000000162,11.016157150268555,0.9505812525749207,0,10.968841552734375
6475.200000000163,11.549023628234863,0.9895961880683899,0,10.947648048400879
6476.000000000163,9.15328311920166,0.9557701349258423,0,10.924800872802734
6476.800000000163,9.394307136535645,1.0195708274841309,0,10.902141571044922
6477.600000000163,11.008612632751465,0.9525558948516846,0,10.881576538085938
6478.400000000163,11.141504287719727,0.9621913433074951,0,10.861827850341797
6479.2000000001635,11.132763862609863,1.0035549402236938,0,10.841269493103027
6480.000000000164,11.64346981048584,0.988673746585846,0,10.819528579711914
6480.800000000164,9.87389850616455,0.9654061198234558,0,10.79198932647705
6481.600000000164,9.967002868652344,1.0173979997634888,0,10.755376815795898
6482.400000000164,11.552409172058105,0.9743894934654236,0,10.707024574279785
6483.200000000164,10.599940299987793,0.9718787670135498,0,10.644979476928711
6484.000000000165,8.8511962890625,0.9686253666877747,0,10.570302963256836
6484.800000000165,12.369985580444336,1.0120311975479126,0,10.486995697021484
6485.600000000165,10.69771957397461,0.9839079976081848,0,10.400392532348633
6486.400000000165,10.716294288635254,0.9512434005737305,0,10.31612491607666
6487.200000000165,11.925055503845215,1.0223742723464966,0,10.242255210876465
6488.0000000001655,12.199193000793457,0.9706642627716064,0,10.18222713470459
6488.800000000166,11.17959213256836,1.1238819360733032,0,10.138477325439453
6489.600000000166,13.12893295288086,1.0237460136413574,0,10.113277435302734
6490.400000000166,10.38570785522461,0.9903302192687988,0,10.107563018798828
6491.200000000166,10.009086608886719,1.0384068489074707,0,10.12048625946045
6492.000000000166,10.224568367004395,1.0624513626098633,0,10.1499662399292
6492.800000000167,8.302484512329102,1.0700838565826416,0,10.193010330200195
6493.600000000167,9.909323692321777,0.9966773986816406,0,10.245393753051758
6494.400000000167,8.506893157958984,1.1143324375152588,0,10.302075386047363
6495.200000000167,9.34908676147461,1.1094253063201904,0,10.358742713928223
6496.000000000167,11.980052947998047,1.0376378297805786,0,10.41386604309082
6496.8000000001675,11.29389762878418,0.962370753288269,0,10.466407775878906
6497.600000000168,12.395487785339355,0.9918268918991089,0,10.516904830932617
6498.400000000168,12.362380981445312,1.005442500114441,0,10.56740951538086
6499.200000000168,11.248053550720215,0.8365344405174255,0,10.615214347839355
6500.000000000168,9.452268600463867,0.6514080762863159,0,10.662511825561523
6500.800000000168,9.593536376953125,0.8195802569389343,0,10.710626602172852
6501.600000000169,10.110774040222168,1.0146418809890747,0,10.749520301818848
6502.400000000169,10.813926696777344,1.075579047203064,0,10.783724784851074
6503.200000000169,11.384905815124512,1.0311082601547241,0,10.815125465393066
6504.000000000169,10.3502197265625,1.077376365661621,0,10.843282699584961
6504.800000000169,10.386628150939941,1.1174997091293335,0,10.869303703308105
6505.6000000001695,11.864232063293457,0.9335978627204895,0,10.894594192504883
6506.40000000017,11.275930404663086,0.9163786768913269,0,10.918232917785645
6507.20000000017,9.243900299072266,0.9928479790687561,0,10.938159942626953
6508.00000000017,8.420455932617188,1.1029752492904663,0,10.950244903564453
6508.80000000017,10.884472846984863,1.1096580028533936,0,10.95158863067627
6509.60000000017,9.8162260055542,0.9939519762992859,0,10.941017150878906
6510.400000000171,9.866985321044922,1.044570803642273,0,10.919530868530273
6511.200000000171,10.192635536193848,0.9911367297172546,0,10.889904022216797
6512.000000000171,9.895328521728516,1.0516819953918457,0,10.856794357299805
6512.800000000171,12.257654190063477,1.0002881288528442,0,10.825729370117188
6513.600000000171,11.072436332702637,0.9810801148414612,0,10.800366401672363
6514.4000000001715,6.458218097686768,1.1123474836349487,0,10.783888816833496
6515.200000000172,10.517789840698242,1.031267523765564,0,10.776204109191895
6516.000000000172,11.202537536621094,1.0673209428787231,0,10.776001930236816
6516.800000000172,10.189168930053711,1.1032267808914185,0,10.781167984008789
6517.600000000172,10.142912864685059,1.061665654182434,0,10.78870677947998
6518.400000000172,11.310542106628418,0.9378814697265625,0,10.7959623336792
6519.200000000173,12.043783187866211,1.0207656621932983,0,10.802070617675781
6520.000000000173,12.502337455749512,1.0356193780899048,0,10.806299209594727
6520.800000000173,10.570201873779297,1.002901554107666,0,10.80889892578125
6521.600000000173,11.611536026000977,1.1110949516296387,0,10.81087589263916
6522.400000000173,10.540987014770508,1.0174297094345093,0,10.813014030456543
6523.2000000001735,11.128064155578613,0.9437767267227173,0,10.818522453308105
6524.000000000174,10.416492462158203,0.9491150975227356,0,10.828660011291504
6524.800000000174,9.717179298400879,1.001795768737793,0,10.846120834350586
6525.600000000174,9.224366188049316,1.0411736965179443,0,10.87083625793457
6526.400000000174,8.725202560424805,1.0858575105667114,0,10.903814315795898
6527.200000000174,9.93829345703125,1.0875582695007324,0,10.943252563476562
6528.000000000175,9.108110427856445,1.0244953632354736,0,10.98540210723877
6528.800000000175,10.574544906616211,1.1146596670150757,0,11.025796890258789
6529.600000000175,9.150198936462402,1.077360987663269,0,11.061098098754883
6530.400000000175,12.525846481323242,1.0227341651916504,0,11.088369369506836
6531.200000000175,10.9758882522583,1.0370131731033325,0,11.107397079467773
6532.0000000001755,9.40255069732666,1.0271705389022827,0,11.11868953704834
6532.800000000176,10.36978816986084,1.0202101469039917,0,11.124397277832031
6533.600000000176,11.130084991455078,0.8184710741043091,0,11.124614715576172
6534.400000000176,12.081830978393555,0.6764991879463196,0,11.123958587646484
6535.200000000176,10.428618431091309,0.8062742352485657,0,11.1229887008667
6536.000000000176,10.948394775390625,1.0507930517196655,0,11.119811058044434
6536.800000000177,10.292304992675781,1.1049457788467407,0,11.114485740661621
6537.600000000177,11.70409107208252,1.074554204940796,0,11.106551170349121
6538.400000000177,12.404152870178223,1.090135097503662,0,11.094697952270508
6539.200000000177,11.273116111755371,0.952771008014679,0,11.078423500061035
6540.000000000177,10.043149948120117,0.9998669624328613,0,11.058043479919434
6540.8000000001775,13.043485641479492,1.0702003240585327,0,11.033957481384277
6541.600000000178,10.47119140625,0.9708211421966553,0,11.007315635681152
6542.400000000178,11.816816329956055,0.9823603630065918,0,10.98006820678711
6543.200000000178,9.0278959274292,1.0389195680618286,0,10.95431900024414
6544.000000000178,11.752936363220215,1.030099630355835,0,10.931634902954102
6544.800000000178,10.435138702392578,0.8752005696296692,0,10.913453102111816
6545.600000000179,11.73935604095459,0.9004866480827332,0,10.899850845336914
6546.400000000179,12.300890922546387,0.9808436036109924,0,10.89249324798584
6547.200000000179,10.71583080291748,0.9847416877746582,0,10.888145446777344
6548.000000000179,12.051219940185547,0.9850667119026184,0,10.888219833374023
6548.800000000179,11.081842422485352,0.9934458136558533,0,10.89106559753418
6549.6000000001795,9.062155723571777,0.9419400691986084,0,10.895743370056152
6550.40000000018,9.725628852844238,0.9965105056762695,0,10.901841163635254
6551.20000000018,8.480953216552734,1.0754655599594116,0,10.909197807312012
6552.00000000018,10.565095901489258,1.1311622858047485,0,10.917732238769531
6552.80000000018,11.733480453491211,1.0713855028152466,0,10.926239967346191
6553.60000000018,12.171530723571777,0.930773913860321,0,10.934814453125
6554.400000000181,11.810445785522461,0.7566388845443726,0,10.94052505493164
6555.200000000181,9.517317771911621,0.6480895280838013,0,10.940402030944824
6556.000000000181,10.189554214477539,0.8628787994384766,0,10.936031341552734
6556.800000000181,11.87985897064209,1.0350474119186401,0,10.922697067260742
6557.600000000181,11.64163875579834,1.0515401363372803,0,10.902481079101562
6558.4000000001815,10.85649299621582,1.1031016111373901,0,10.8761568069458
6559.200000000182,11.938060760498047,1.068495512008667,0,10.845054626464844
6560.000000000182,12.292646408081055,1.061370849609375,0,10.812557220458984
6560.800000000182,10.786608695983887,1.1306103467941284,0,10.78035831451416
6561.600000000182,8.061971664428711,1.1983740329742432,0,10.749425888061523
6562.400000000182,10.572381973266602,1.1311877965927124,0,10.719575881958008
6563.200000000183,9.889986038208008,0.8030161261558533,0,10.6899995803833
6564.000000000183,10.652303695678711,0.6093374490737915,0,10.653700828552246
6564.800000000183,15.097809791564941,0.6205952763557434,0,10.61359691619873
6565.600000000183,8.675898551940918,0.8333977460861206,0,10.571603775024414
6566.400000000183,10.594450950622559,0.9262783527374268,0,10.530491828918457
6567.2000000001835,9.924571990966797,0.9966944456100464,0,10.485337257385254
6568.000000000184,10.300426483154297,0.9596911668777466,0,10.442461013793945
6568.800000000184,11.979537963867188,0.9269459843635559,0,10.402619361877441
6569.600000000184,8.108381271362305,1.0476007461547852,0,10.36872386932373
6570.400000000184,10.494608879089355,0.907645046710968,0,10.341217994689941
6571.200000000184,10.753800392150879,1.0457816123962402,0,10.323081016540527
6572.000000000185,11.003231048583984,1.0880646705627441,0,10.315471649169922
6572.800000000185,9.840665817260742,1.013940453529358,0,10.319061279296875
6573.600000000185,8.916973114013672,1.0680714845657349,0,10.334606170654297
6574.400000000185,10.67932415008545,1.0392204523086548,0,10.36120891571045
6575.200000000185,10.92664623260498,1.016929268836975,0,10.396361351013184
6576.0000000001855,9.854961395263672,1.035638689994812,0,10.43663215637207
6576.800000000186,12.560511589050293,1.0648125410079956,0,10.477500915527344
6577.600000000186,10.338692665100098,0.9438565969467163,0,10.518916130065918
6578.400000000186,10.860844612121582,0.8580299019813538,0,10.555649757385254
6579.200000000186,8.33231258392334,0.8039544224739075,0,10.590380668640137
6580.000000000186,10.225358009338379,0.9796237349510193,0,10.620416641235352
6580.800000000187,9.779134750366211,1.1360255479812622,0,10.646839141845703
6581.600000000187,10.506752967834473,1.0589054822921753,0,10.673868179321289
6582.400000000187,12.529541969299316,1.022392988204956,0,10.701558113098145
6583.200000000187,10.249869346618652,1.0121067762374878,0,10.731311798095703
6584.000000000187,9.027144432067871,1.0630578994750977,0,10.76294231414795
6584.8000000001875,12.485541343688965,0.9940141439437866,0,10.795904159545898
6585.600000000188,11.173140525817871,0.9944880604743958,0,10.82721996307373
6586.400000000188,10.023305892944336,1.0377490520477295,0,10.856884002685547
6587.200000000188,12.023890495300293,1.0430727005004883,0,10.883864402770996
6588.000000000188,12.373961448669434,1.0349957942962646,0,10.908377647399902
6588.800000000188,10.200706481933594,1.1282023191452026,0,10.934432029724121
6589.600000000189,9.678047180175781,1.1434667110443115,0,10.961334228515625
6590.400000000189,10.797148704528809,1.0723919868469238,0,10.989371299743652
6591.200000000189,10.394149780273438,1.0686415433883667,0,11.010209083557129
6592.000000000189,11.550776481628418,1.0156681537628174,0,11.009264945983887
6592.800000000189,11.27560043334961,1.0552784204483032,0,10.98491096496582
6593.6000000001895,11.083321571350098,1.0648692846298218,0,10.944172859191895
6594.40000000019,9.977998733520508,1.1040009260177612,0,10.880831718444824
6595.20000000019,11.011491775512695,1.053244709968567,0,10.796603202819824
6596.00000000019,9.4680814743042,1.0942714214324951,0,10.707879066467285
6596.80000000019,12.245695114135742,1.071565866470337,0,10.622834205627441
6597.60000000019,11.476244926452637,1.0057016611099243,0,10.544445991516113
6598.400000000191,9.77519416809082,1.0768216848373413,0,10.473419189453125
6599.200000000191,10.823264122009277,1.0888540744781494,0,10.408672332763672
6600.000000000191,10.543648719787598,1.1252424716949463,0,10.34398078918457
6600.800000000191,8.63280963897705,1.2022011280059814,0,10.274646759033203
6601.600000000191,9.636333465576172,1.1363462209701538,0,10.196248054504395
6602.4000000001915,10.294339179992676,1.158113956451416,0,10.104032516479492
6603.200000000192,9.926521301269531,1.1140189170837402,0,9.994853019714355
6604.000000000192,9.130064964294434,1.098276138305664,0,9.86673355102539
6604.800000000192,9.46109390258789,1.0664235353469849,0,9.718522071838379
6605.600000000192,9.652524948120117,1.0121859312057495,0,9.548436164855957
6606.400000000192,10.152849197387695,1.038770318031311,0,9.375016212463379
6607.200000000193,8.232646942138672,1.1325162649154663,0,9.213296890258789
6608.000000000193,7.5570068359375,1.1502857208251953,0,9.072036743164062
6608.800000000193,8.754785537719727,1.1876267194747925,0,8.963783264160156
6609.600000000193,8.95723819732666,1.0664281845092773,0,8.8956880569458
6610.400000000193,8.41615104675293,1.190447449684143,0,8.86551284790039
6611.2000000001935,8.118518829345703,1.157039761543274,0,8.86535358428955
6612.000000000194,7.892963409423828,1.19404137134552,0,8.885519981384277
6612.800000000194,8.104101181030273,1.1918292045593262,0,8.919119834899902
6613.600000000194,8.055038452148438,1.0928300619125366,0,8.96375560760498
6614.400000000194,8.873250961303711,1.099544644355774,0,9.021906852722168
6615.200000000194,9.508256912231445,1.0564100742340088,0,9.098852157592773
6616.000000000195,9.925812721252441,1.1670507192611694,0,9.199342727661133
6616.800000000195,8.76065731048584,1.1605913639068604,0,9.32567310333252
6617.600000000195,7.27978515625,1.1011310815811157,0,9.471707344055176
6618.400000000195,9.716102600097656,1.1735271215438843,0,9.617085456848145
6619.200000000195,9.273333549499512,1.255073070526123,0,9.756488800048828
6620.0000000001955,9.3676176071167,1.1826997995376587,0,9.89050006866455
6620.800000000196,9.48450756072998,1.1254388093948364,0,10.01150131225586
6621.600000000196,9.259864807128906,1.1262832880020142,0,10.114814758300781
6622.400000000196,11.162344932556152,1.15533447265625,0,10.201570510864258
6623.200000000196,10.807137489318848,1.2214939594268799,0,10.273824691772461
6624.000000000196,8.646517753601074,1.0735063552856445,0,10.334468841552734
6624.800000000197,11.496768951416016,1.1357319355010986,0,10.386921882629395
6625.600000000197,10.454492568969727,1.1953402757644653,0,10.433319091796875
6626.400000000197,13.593825340270996,1.0580092668533325,0,10.474658012390137
6627.200000000197,7.842191219329834,1.10712468624115,0,10.510822296142578
6628.000000000197,10.688246726989746,1.1428508758544922,0,10.541056632995605
6628.8000000001975,10.048852920532227,1.0905628204345703,0,10.563536643981934
6629.600000000198,10.365842819213867,1.08649742603302,0,10.57681655883789
6630.400000000198,8.711844444274902,1.2050116062164307,0,10.580110549926758
6631.200000000198,9.663654327392578,1.111251711845398,0,10.572885513305664
6632.000000000198,9.02978801727295,1.1239467859268188,0,10.556585311889648
6632.800000000198,11.388479232788086,1.0966717004776,0,10.532072067260742
6633.600000000199,10.68571949005127,1.1596729755401611,0,10.502106666564941
6634.400000000199,8.94530200958252,1.0940263271331787,0,10.470717430114746
6635.200000000199,9.210189819335938,1.0159028768539429,0,10.44165325164795
6636.000000000199,11.236944198608398,1.0064212083816528,0,10.418704986572266
6636.800000000199,10.341703414916992,1.1218616962432861,0,10.406344413757324
6637.6000000001995,8.254585266113281,1.1428148746490479,0,10.404199600219727
6638.4000000002,10.488700866699219,1.149803638458252,0,10.412418365478516
6639.2000000002,9.749320030212402,1.1583384275436401,0,10.427934646606445
6640.0000000002,9.65477466583252,1.1441879272460938,0,10.446845054626465
6640.8000000002,11.004785537719727,1.0559312105178833,0,10.465768814086914
6641.6000000002,9.47175407409668,1.052119493484497,0,10.481904983520508
6642.400000000201,10.969522476196289,1.060723066329956,0,10.493846893310547
6643.200000000201,8.853489875793457,1.088051438331604,0,10.501739501953125
6644.000000000201,10.130919456481934,1.1763557195663452,0,10.506195068359375
6644.800000000201,10.60508918762207,1.1221168041229248,0,10.50813102722168
6645.600000000201,11.38685131072998,1.145363211631775,0,10.507600784301758
6646.4000000002015,9.811137199401855,1.139056921005249,0,10.50418472290039
6647.200000000202,9.285041809082031,1.1348719596862793,0,10.496685028076172
6648.000000000202,9.49736213684082,1.1449511051177979,0,10.484272003173828
6648.800000000202,12.801741600036621,1.1381072998046875,0,10.46721363067627
6649.600000000202,10.141841888427734,1.1497548818588257,0,10.446907997131348
6650.400000000202,10.054612159729004,1.1523792743682861,0,10.426711082458496
6651.200000000203,9.05317211151123,1.1173352003097534,0,10.410374641418457
6652.000000000203,10.899077415466309,1.142386794090271,0,10.401004791259766
6652.800000000203,8.389408111572266,1.1598185300827026,0,10.401225090026855
6653.600000000203,11.199348449707031,1.1313228607177734,0,10.411286354064941
6654.400000000203,9.93319320678711,1.1100850105285645,0,10.429150581359863
6655.2000000002035,8.684621810913086,1.0860282182693481,0,10.451696395874023
6656.000000000204,10.259026527404785,1.2132518291473389,0,10.474775314331055
6656.800000000204,9.058337211608887,1.113790512084961,0,10.495128631591797
6657.600000000204,9.931410789489746,1.077882170677185,0,10.511340141296387
6658.400000000204,11.457486152648926,1.0687463283538818,0,10.523100852966309
6659.200000000204,9.819436073303223,1.111345887184143,0,10.531454086303711
6660.000000000205,9.465167999267578,1.2293682098388672,0,10.537803649902344
6660.800000000205,10.829261779785156,1.1331456899642944,0,10.542651176452637
6661.600000000205,9.944723129272461,1.1432628631591797,0,10.545523643493652
6662.400000000205,11.08773136138916,1.055700659751892,0,10.5460205078125
6663.200000000205,9.341073036193848,1.063370704650879,0,10.543365478515625
6664.000000000206,11.167646408081055,1.117376685142517,0,10.53746509552002
6664.800000000206,9.20653247833252,1.1299937963485718,0,10.529468536376953
6665.600000000206,9.886537551879883,1.0610241889953613,0,10.521961212158203
6666.400000000206,10.350245475769043,1.196700096130371,0,10.517690658569336
6667.200000000206,9.575664520263672,1.1059600114822388,0,10.518279075622559
6668.0000000002065,10.631710052490234,1.068811297416687,0,10.52505874633789
6668.800000000207,11.08996295928955,0.9512082934379578,0,10.535618782043457
6669.600000000207,9.701661109924316,1.1002700328826904,0,10.547985076904297
6670.400000000207,9.74349594116211,1.1404893398284912,0,10.558477401733398
6671.200000000207,10.652807235717773,1.0763627290725708,0,10.563814163208008
6672.000000000207,9.379638671875,1.1492375135421753,0,10.563467025756836
6672.800000000208,12.59080982208252,1.0629441738128662,0,10.557315826416016
6673.600000000208,9.421443939208984,1.1134328842163086,0,10.547350883483887
6674.400000000208,10.936735153198242,1.0962258577346802,0,10.536412239074707
6675.200000000208,10.452798843383789,1.1288421154022217,0,10.526501655578613
6676.000000000208,11.94102668762207,1.1449931859970093,0,10.519171714782715
6676.8000000002085,11.692784309387207,1.0377109050750732,0,10.514389991760254
6677.600000000209,11.923604965209961,1.0967189073562622,0,10.511935234069824
6678.400000000209,10.14794921875,1.1362491846084595,0,10.51125717163086
6679.200000000209,10.73206615447998,1.029123306274414,0,10.51247787475586
6680.000000000209,9.579750061035156,1.0450291633605957,0,10.515785217285156
6680.800000000209,10.255847930908203,1.109448790550232,0,10.521254539489746
6681.60000000021,9.411262512207031,1.1309764385223389,0,10.528559684753418
6682.40000000021,9.319292068481445,1.1192381381988525,0,10.53848648071289
6683.20000000021,10.174424171447754,1.0759819746017456,0,10.55117416381836
6684.00000000021,8.625785827636719,1.1447640657424927,0,10.567153930664062
6684.80000000021,11.778328895568848,1.0814324617385864,0,10.587672233581543
6685.6000000002105,10.401379585266113,1.173210859298706,0,10.611804962158203
6686.400000000211,11.442618370056152,1.2078858613967896,0,10.63839340209961
6687.200000000211,11.132381439208984,1.1787190437316895,0,10.665350914001465
6688.000000000211,10.440217971801758,1.1690462827682495,0,10.690380096435547
6688.800000000211,11.048905372619629,1.0730541944503784,0,10.711947441101074
6689.600000000211,9.85119342803955,1.174300193786621,0,10.728666305541992
6690.400000000212,10.721134185791016,1.0495659112930298,0,10.740352630615234
6691.200000000212,11.113085746765137,1.1281611919403076,0,10.748401641845703
6692.000000000212,10.282462120056152,1.2275525331497192,0,10.754334449768066
6692.800000000212,9.16714859008789,1.1568067073822021,0,10.760255813598633
6693.600000000212,11.044775009155273,1.1714364290237427,0,10.768451690673828
6694.4000000002125,10.498090744018555,1.178283929824829,0,10.779077529907227
6695.200000000213,10.337839126586914,1.1449100971221924,0,10.79241943359375
6696.000000000213,10.421043395996094,1.140570878982544,0,10.806843757629395
6696.800000000213,10.120709419250488,1.1423898935317993,0,10.820192337036133
6697.600000000213,9.59062385559082,1.1364141702651978,0,10.830354690551758
6698.400000000213,11.837310791015625,1.0796176195144653,0,10.833276748657227
6699.200000000214,10.239662170410156,1.136979579925537,0,10.829166412353516
6700.000000000214,9.627028465270996,1.1202882528305054,0,10.816285133361816
6700.800000000214,9.684642791748047,1.1004351377487183,0,10.796128273010254
6701.600000000214,10.069092750549316,1.1135166883468628,0,10.767420768737793
6702.400000000214,10.936043739318848,1.1770954132080078,0,10.732134819030762
6703.2000000002145,9.451061248779297,1.1422765254974365,0,10.693331718444824
6704.000000000215,10.513094902038574,1.1334331035614014,0,10.65458869934082
6704.800000000215,9.658820152282715,1.0620598793029785,0,10.619294166564941
6705.600000000215,9.730010986328125,1.042100429534912,0,10.590153694152832
6706.400000000215,9.266501426696777,1.1783521175384521,0,10.568863868713379
6707.200000000215,10.907524108886719,1.0813956260681152,0,10.556609153747559
6708.000000000216,10.863199234008789,1.0258146524429321,0,10.551268577575684
6708.800000000216,10.627949714660645,1.071014404296875,0,10.548297882080078
6709.600000000216,8.590038299560547,1.0861644744873047,0,10.545326232910156
6710.400000000216,9.89624309539795,1.047480583190918,0,10.555669784545898
6711.200000000216,9.832621574401855,1.0680875778198242,0,10.55191707611084
6712.0000000002165,10.178348541259766,1.112992286682129,0,10.531363487243652
6712.800000000217,9.766356468200684,1.0877776145935059,0,10.52495002746582
6713.600000000217,10.178604125976562,1.1065237522125244,0,10.502525329589844
6714.400000000217,9.404080390930176,1.2037938833236694,0,10.48708724975586
6715.200000000217,11.93218994140625,1.1817691326141357,0,10.486062049865723
6716.000000000217,12.605705261230469,1.1249399185180664,0,10.489901542663574
6716.800000000218,10.562087059020996,1.1206837892532349,0,10.4990873336792
6717.600000000218,9.263959884643555,1.1592833995819092,0,10.512421607971191
6718.400000000218,11.590925216674805,1.058549404144287,0,10.524991989135742
6719.200000000218,9.329421997070312,1.1716465950012207,0,10.53857707977295
6720.000000000218,10.175420761108398,1.1557695865631104,0,10.54934024810791
6720.8000000002185,10.258625984191895,1.1821014881134033,0,10.556062698364258
6721.600000000219,9.207878112792969,1.1086132526397705,0,10.561260223388672
6722.400000000219,10.38017749786377,1.1809662580490112,0,10.563655853271484
6723.200000000219,10.16285514831543,1.182986855506897,0,10.563148498535156
6724.000000000219,10.045817375183105,1.1525672674179077,0,10.559539794921875
6724.800000000219,10.882007598876953,1.1373344659805298,0,10.552098274230957
6725.60000000022,9.560121536254883,1.2024654150009155,0,10.540724754333496
6726.40000000022,9.347460746765137,1.1114979982376099,0,10.52608871459961
6727.20000000022,10.580883979797363,1.1809560060501099,0,10.509392738342285
6728.00000000022,11.876703262329102,1.1239359378814697,0,10.493616104125977
6728.80000000022,9.648478507995605,1.0846962928771973,0,10.48110294342041
6729.6000000002205,10.687740325927734,1.0793720483779907,0,10.473775863647461
6730.400000000221,10.619413375854492,1.082393765449524,0,10.470314025878906
6731.200000000221,9.51878547668457,1.0945762395858765,0,10.471379280090332
6732.000000000221,10.282654762268066,1.0839619636535645,0,10.473979949951172
6732.800000000221,10.760452270507812,1.1202178001403809,0,10.476261138916016
6733.600000000221,10.834169387817383,1.0798805952072144,0,10.476758003234863
6734.400000000222,9.954431533813477,1.1164408922195435,0,10.47479248046875
6735.200000000222,9.647480964660645,1.1456583738327026,0,10.470067977905273
6736.000000000222,9.866460800170898,1.0959640741348267,0,10.463764190673828
6736.800000000222,9.275812149047852,1.1303552389144897,0,10.455482482910156
6737.600000000222,11.776642799377441,1.1192889213562012,0,10.445653915405273
6738.4000000002225,10.079449653625488,1.1344218254089355,0,10.434281349182129
6739.200000000223,11.889835357666016,1.1553761959075928,0,10.422750473022461
6740.000000000223,9.239245414733887,1.0908854007720947,0,10.412960052490234
6740.800000000223,10.312527656555176,1.1964266300201416,0,10.406618118286133
6741.600000000223,11.376994132995605,1.1373369693756104,0,10.404467582702637
6742.400000000223,10.210848808288574,1.1639000177383423,0,10.406200408935547
6743.200000000224,11.293804168701172,1.1422446966171265,0,10.409689903259277
6744.000000000224,10.877616882324219,1.113387107849121,0,10.412590980529785
6744.800000000224,10.2083740234375,1.0564818382263184,0,10.412704467773438
6745.600000000224,10.669804573059082,1.112445592880249,0,10.408982276916504
6746.400000000224,10.460315704345703,1.1223909854888916,0,10.401728630065918
6747.2000000002245,10.590725898742676,1.1413263082504272,0,10.39254379272461
6748.000000000225,6.971380710601807,1.1541221141815186,0,10.382713317871094
6748.800000000225,9.970234870910645,1.1416642665863037,0,10.373419761657715
6749.600000000225,9.661781311035156,1.122275948524475,0,10.36569881439209
6750.400000000225,10.574965476989746,1.1363800764083862,0,10.35965347290039
6751.200000000225,9.764747619628906,1.177390456199646,0,10.35559368133545
6752.000000000226,10.09453010559082,1.147661566734314,0,10.353863716125488
6752.800000000226,10.753442764282227,1.1058812141418457,0,10.354284286499023
6753.600000000226,8.888883590698242,1.1420046091079712,0,10.357168197631836
6754.400000000226,10.298864364624023,1.2157537937164307,0,10.362459182739258
6755.200000000226,10.202106475830078,1.1863601207733154,0,10.370504379272461
6756.0000000002265,10.341368675231934,1.171879529953003,0,10.38114070892334
6756.800000000227,12.11104965209961,1.0870336294174194,0,10.395007133483887
6757.600000000227,10.39492416381836,1.1696830987930298,0,10.412393569946289
6758.400000000227,10.911331176757812,1.0669454336166382,0,10.433160781860352
6759.200000000227,9.426506996154785,1.1743401288986206,0,10.457630157470703
6760.000000000227,12.038910865783691,1.1435315608978271,0,10.486261367797852
6760.800000000228,10.473979949951172,1.1133102178573608,0,10.518567085266113
6761.600000000228,9.857850074768066,1.150333046913147,0,10.554754257202148
6762.400000000228,11.910197257995605,1.2102060317993164,0,10.594802856445312
6763.200000000228,10.141979217529297,1.180119276046753,0,10.637970924377441
6764.000000000228,10.518523216247559,1.1261334419250488,0,10.682812690734863
6764.8000000002285,10.543895721435547,1.1298435926437378,0,10.728071212768555
6765.600000000229,9.638202667236328,1.0985946655273438,0,10.771954536437988
6766.400000000229,9.985068321228027,1.149574875831604,0,10.812407493591309
6767.200000000229,9.653230667114258,1.1252789497375488,0,10.848353385925293
6768.000000000229,9.28486156463623,1.2023476362228394,0,10.878893852233887
6768.800000000229,10.356410026550293,1.1407179832458496,0,10.903352737426758
6769.60000000023,9.492081642150879,1.1824243068695068,0,10.922026634216309
6770.40000000023,10.857759475708008,1.14945650100708,0,10.934554100036621
6771.20000000023,9.992589950561523,1.076081395149231,0,10.941119194030762
6772.00000000023,10.69202709197998,1.1510035991668701,0,10.942931175231934
6772.80000000023,9.905765533447266,1.196613073348999,0,10.939669609069824
6773.6000000002305,11.84903335571289,1.1525015830993652,0,10.931787490844727
6774.400000000231,11.23896312713623,1.169348955154419,0,10.920516014099121
6775.200000000231,11.580909729003906,1.0726330280303955,0,10.906956672668457
6776.000000000231,9.901268005371094,1.127509593963623,0,10.89239501953125
6776.800000000231,11.19202995300293,1.1889722347259521,0,10.879387855529785
6777.600000000231,9.503796577453613,1.1791783571243286,0,10.868728637695312
6778.400000000232,10.489277839660645,1.2212921380996704,0,10.861762046813965
6779.200000000232,10.183881759643555,1.2119925022125244,0,10.859293937683105
6780.000000000232,12.048113822937012,1.1267435550689697,0,10.860703468322754
6780.800000000232,10.434565544128418,1.1592702865600586,0,10.864459037780762
6781.600000000232,10.169698715209961,1.1476937532424927,0,10.869990348815918
6782.4000000002325,12.047491073608398,1.078937292098999,0,10.8758544921875
6783.200000000233,10.55964469909668,1.1749080419540405,0,10.881885528564453
6784.000000000233,11.367402076721191,1.1499415636062622,0,10.887438774108887
6784.800000000233,9.158186912536621,1.1338155269622803,0,10.893744468688965
6785.600000000233,8.403838157653809,1.1269257068634033,0,10.900774002075195
6786.400000000233,11.506021499633789,1.0864841938018799,0,10.908248901367188
6787.200000000234,11.793136596679688,1.119164228439331,0,10.914666175842285
6788.000000000234,11.407215118408203,1.1619442701339722,0,10.91810417175293
6788.800000000234,9.870932579040527,1.1586748361587524,0,10.916916847229004
6789.600000000234,11.754219055175781,1.136818766593933,0,10.909198760986328
6790.400000000234,10.621893882751465,1.1335489749908447,0,10.893898963928223
6791.2000000002345,9.512608528137207,1.1916569471359253,0,10.871901512145996
6792.000000000235,10.803193092346191,1.1690586805343628,0,10.844043731689453
6792.800000000235,11.59811019897461,1.175587773323059,0,10.812457084655762
6793.600000000235,10.23440170288086,1.0879818201065063,0,10.779984474182129
6794.400000000235,11.880167007446289,1.1830953359603882,0,10.74909496307373
6795.200000000235,9.0546236038208,1.1760330200195312,0,10.721792221069336
6796.000000000236,11.277957916259766,1.127560019493103,0,10.698841094970703
6796.800000000236,10.317255973815918,1.149159550666809,0,10.680046081542969
6797.600000000236,11.230289459228516,1.0998327732086182,0,10.663914680480957
6798.400000000236,11.863049507141113,1.0888758897781372,0,10.648186683654785
6799.200000000236,12.005661010742188,1.2068445682525635,0,10.631268501281738
6800.0000000002365,11.335528373718262,1.1964694261550903,0,10.612380981445312
6800.800000000237,10.838956832885742,1.166232943534851,0,10.592144966125488
6801.600000000237,10.774908065795898,1.0713213682174683,0,10.572450637817383
6802.400000000237,9.543000221252441,1.175430417060852,0,10.556811332702637
6803.200000000237,11.262706756591797,1.0512861013412476,0,10.549017906188965
6804.000000000237,9.32571029663086,1.0927386283874512,0,10.553722381591797
6804.800000000238,11.35836124420166,1.1950269937515259,0,10.573426246643066
6805.600000000238,10.595154762268066,1.0903136730194092,0,10.607892036437988
6806.400000000238,12.231291770935059,1.0603549480438232,0,10.656501770019531
6807.200000000238,8.761994361877441,1.1530838012695312,0,10.715526580810547
6808.000000000238,11.129388809204102,1.0471163988113403,0,10.779243469238281
6808.8000000002385,11.904311180114746,1.103432059288025,0,10.843611717224121
6809.600000000239,10.393827438354492,1.1088356971740723,0,10.903196334838867
6810.400000000239,10.833985328674316,1.1093491315841675,0,10.95519733428955
6811.200000000239,9.31726360321045,1.2520458698272705,0,10.998150825500488
6812.000000000239,10.428409576416016,1.1837621927261353,0,11.031349182128906
6812.800000000239,11.037985801696777,1.184654712677002,0,11.05430793762207
6813.60000000024,10.178638458251953,1.2154057025909424,0,11.067900657653809
6814.40000000024,10.242411613464355,1.1611509323120117,0,11.071493148803711
6815.20000000024,10.853890419006348,1.1562058925628662,0,11.065287590026855
6816.00000000024,11.330344200134277,1.0976290702819824,0,11.050583839416504
6816.80000000024,10.62867259979248,1.2167117595672607,0,11.02815055847168
6817.6000000002405,9.93506908416748,1.2372632026672363,0,10.998505592346191
6818.400000000241,13.342555046081543,1.0526165962219238,0,10.963717460632324
6819.200000000241,9.282777786254883,1.2293484210968018,0,10.925484657287598
6820.000000000241,10.75606632232666,1.1706622838974,0,10.884954452514648
6820.800000000241,10.746596336364746,1.1515600681304932,0,10.843382835388184
6821.600000000241,7.940671920776367,1.1303482055664062,0,10.801420211791992
6822.400000000242,9.726214408874512,1.1454614400863647,0,10.760478019714355
6823.200000000242,9.298625946044922,1.1014212369918823,0,10.721781730651855
6824.000000000242,10.526897430419922,1.1431013345718384,0,10.686504364013672
6824.800000000242,8.14448070526123,1.235374093055725,0,10.656538963317871
6825.600000000242,9.60895824432373,1.1464812755584717,0,10.633170127868652
6826.4000000002425,9.389477729797363,1.2453275918960571,0,10.616679191589355
6827.200000000243,10.278573989868164,1.186423420906067,0,10.60718059539795
6828.000000000243,9.352645874023438,1.0373860597610474,0,10.604559898376465
6828.800000000243,9.008602142333984,0.9547906517982483,0,10.603209495544434
6829.600000000243,10.348905563354492,0.9374138116836548,0,10.603280067443848
6830.400000000243,12.032176971435547,0.7774561643600464,0,10.603728294372559
6831.200000000244,12.770855903625488,0.7988740801811218,0,10.60018539428711
6832.000000000244,12.123895645141602,0.9212995171546936,0,10.595667839050293
6832.800000000244,8.954659461975098,1.0707674026489258,0,10.583539009094238
6833.600000000244,10.960301399230957,1.0178130865097046,0,10.571080207824707
6834.400000000244,10.166399955749512,1.019562840461731,0,10.561688423156738
6835.2000000002445,10.578141212463379,0.7729570865631104,0,10.553056716918945
6836.000000000245,11.357131004333496,0.758303165435791,0,10.547921180725098
6836.800000000245,11.472228050231934,0.9256746172904968,0,10.550277709960938
6837.600000000245,11.528564453125,1.1534169912338257,0,10.554372787475586
6838.400000000245,9.71493148803711,1.1926944255828857,0,10.559775352478027
6839.200000000245,10.56136417388916,1.207668423652649,0,10.56371021270752
6840.000000000246,9.969602584838867,1.175187110900879,0,10.56478500366211
6840.800000000246,9.016226768493652,1.1530001163482666,0,10.56092643737793
6841.600000000246,10.328274726867676,1.1019585132598877,0,10.550278663635254
6842.400000000246,11.513471603393555,1.1356998682022095,0,10.532898902893066
6843.200000000246,10.962449073791504,1.0237013101577759,0,10.507951736450195
6844.0000000002465,10.954157829284668,0.9414746761322021,0,10.477532386779785
6844.800000000247,10.891999244689941,1.1028330326080322,0,10.441792488098145
6845.600000000247,11.636613845825195,1.1476130485534668,0,10.407265663146973
6846.400000000247,10.429583549499512,1.1427702903747559,0,10.377248764038086
6847.200000000247,11.003114700317383,1.2767027616500854,0,10.356894493103027
6848.000000000247,8.853228569030762,1.2232779264450073,0,10.349583625793457
6848.800000000248,11.068869590759277,1.1789885759353638,0,10.355572700500488
6849.600000000248,11.754693984985352,1.157314419746399,0,10.373442649841309
6850.400000000248,10.206972122192383,1.1884714365005493,0,10.399060249328613
6851.200000000248,11.055176734924316,1.128829836845398,0,10.429122924804688
6852.000000000248,9.013370513916016,1.150004506111145,0,10.461655616760254
6852.8000000002485,10.601934432983398,1.1249043941497803,0,10.49443244934082
6853.600000000249,11.126481056213379,1.194106936454773,0,10.526592254638672
6854.400000000249,10.09456729888916,1.1582412719726562,0,10.557722091674805
6855.200000000249,10.44257926940918,1.2914620637893677,0,10.585721015930176
6856.000000000249,9.214526176452637,1.2073625326156616,0,10.609969139099121
6856.800000000249,10.478705406188965,1.16227388381958,0,10.629369735717773
6857.60000000025,9.97114086151123,1.2757993936538696,0,10.643531799316406
6858.40000000025,9.882715225219727,1.25867760181427,0,10.650885581970215
6859.20000000025,8.532014846801758,1.2182027101516724,0,10.650806427001953
6860.00000000025,11.302082061767578,1.1206384897232056,0,10.642989158630371
6860.80000000025,9.818565368652344,1.2182691097259521,0,10.626016616821289
6861.6000000002505,10.963654518127441,1.2186000347137451,0,10.600186347961426
6862.400000000251,9.86125659942627,1.1929353475570679,0,10.566652297973633
6863.200000000251,9.838648796081543,1.2040942907333374,0,10.526369094848633
6864.000000000251,10.642935752868652,0.8736198544502258,0,10.480232238769531
6864.800000000251,9.880144119262695,0.6480249166488647,0,10.426055908203125
6865.600000000251,10.294534683227539,0.5920090675354004,0,10.363358497619629
6866.400000000252,10.642912864685059,0.8960010409355164,0,10.307984352111816
6867.200000000252,9.889764785766602,1.2659556865692139,0,10.260309219360352
6868.000000000252,8.190632820129395,1.0698952674865723,0,10.217784881591797
6868.800000000252,10.272829055786133,0.7097404599189758,0,10.187301635742188
6869.600000000252,11.879593849182129,0.5003076791763306,0,10.171365737915039
6870.4000000002525,10.481553077697754,0.5348300933837891,0,10.166044235229492
6871.200000000253,10.697684288024902,0.671890139579773,0,10.172009468078613
6872.000000000253,8.813868522644043,0.6698173880577087,0,10.175567626953125
6872.800000000253,10.257898330688477,0.6394338011741638,0,10.180399894714355
6873.600000000253,9.651954650878906,0.737873375415802,0,10.182167053222656
6874.400000000253,12.12083625793457,0.78116375207901,0,10.181057929992676
6875.200000000254,11.279865264892578,0.8833321928977966,0,10.179622650146484
6876.000000000254,9.18175983428955,0.8857315182685852,0,10.180964469909668
6876.800000000254,10.455953598022461,0.9226297736167908,0,10.185282707214355
6877.600000000254,9.483780860900879,1.007638692855835,0,10.192115783691406
6878.400000000254,9.629829406738281,0.9691616296768188,0,10.198315620422363
6879.2000000002545,12.53277587890625,1.0129437446594238,0,10.198797225952148
6880.000000000255,9.093921661376953,1.1057583093643188,0,10.188348770141602
6880.800000000255,10.26842212677002,1.055098056793213,0,10.163390159606934
6881.600000000255,9.550122261047363,1.178024411201477,0,10.122725486755371
6882.400000000255,9.818648338317871,1.0452172756195068,0,10.066548347473145
6883.200000000255,10.143582344055176,1.2079752683639526,0,10.0021333694458
6884.000000000256,9.923789978027344,1.1692070960998535,0,9.941763877868652
6884.800000000256,9.690139770507812,1.207442045211792,0,9.893145561218262
6885.600000000256,9.552057266235352,1.15410578250885,0,9.8640775680542
6886.400000000256,9.392789840698242,1.0952872037887573,0,9.860466003417969
6887.200000000256,8.816694259643555,1.0406293869018555,0,9.882527351379395
6888.0000000002565,10.566940307617188,0.9855993986129761,0,9.922619819641113
6888.800000000257,10.088512420654297,1.125687837600708,0,9.976404190063477
6889.600000000257,10.0978364944458,0.9967844486236572,0,10.034424781799316
6890.400000000257,9.586462020874023,0.7846962809562683,0,10.09255313873291
6891.200000000257,9.655413627624512,0.7846658825874329,0,10.149531364440918
6892.000000000257,10.28890609741211,1.0558284521102905,0,10.200315475463867
6892.800000000258,11.223411560058594,1.335680365562439,0,10.246065139770508
6893.600000000258,10.725123405456543,1.0787758827209473,0,10.288616180419922
6894.400000000258,9.870555877685547,0.9205759167671204,0,10.3219633102417
6895.200000000258,10.895907402038574,1.0469818115234375,0,10.354073524475098
6896.000000000258,10.346211433410645,1.2317842245101929,0,10.37739086151123
6896.8000000002585,8.338418960571289,1.2108012437820435,0,10.396044731140137
6897.600000000259,9.794538497924805,0.9779531359672546,0,10.407011985778809
6898.400000000259,12.59507942199707,0.9123876094818115,0,10.413131713867188
6899.200000000259,9.100170135498047,1.157392144203186,0,10.413322448730469
6900.000000000259,10.282934188842773,1.3649829626083374,0,10.407833099365234
6900.800000000259,9.980721473693848,1.0449557304382324,0,10.39832592010498
6901.60000000026,9.579927444458008,0.7520704865455627,0,10.386475563049316
6902.40000000026,11.068869590759277,0.7949618697166443,0,10.365586280822754
6903.20000000026,10.47923755645752,1.0229027271270752,0,10.341666221618652
6904.00000000026,11.192988395690918,1.0899605751037598,0,10.310309410095215
6904.80000000026,10.15046215057373,1.1236611604690552,0,10.272894859313965
6905.6000000002605,10.480109214782715,1.0796841382980347,0,10.227355003356934
6906.400000000261,9.6996488571167,1.0184299945831299,0,10.1749849319458
6907.200000000261,10.089031219482422,1.2278791666030884,0,10.116628646850586
6908.000000000261,9.415499687194824,1.404120683670044,0,10.050233840942383
6908.800000000261,10.638890266418457,1.349557638168335,0,9.979669570922852
6909.600000000261,9.973015785217285,1.1208903789520264,0,9.904744148254395
6910.400000000262,10.356833457946777,1.037846326828003,0,9.827619552612305
6911.200000000262,9.325279235839844,1.1045104265213013,0,9.752006530761719
6912.000000000262,10.661484718322754,1.2144101858139038,0,9.681207656860352
6912.800000000262,8.060871124267578,1.1926239728927612,0,9.621667861938477
6913.600000000262,9.176016807556152,1.024601697921753,0,9.576419830322266
6914.4000000002625,8.414836883544922,0.7529680728912354,0,9.556018829345703
6915.200000000263,9.141632080078125,0.8388399481773376,0,9.550643920898438
6916.000000000263,9.352970123291016,1.1189970970153809,0,9.565409660339355
6916.800000000263,9.357657432556152,1.25252366065979,0,9.593779563903809
6917.600000000263,9.283393859863281,1.2500810623168945,0,9.631078720092773
6918.400000000263,8.867149353027344,1.286426305770874,0,9.670953750610352
6919.200000000264,8.695243835449219,1.2118769884109497,0,9.709158897399902
6920.000000000264,7.5232462882995605,1.1653773784637451,0,9.742718696594238
6920.800000000264,8.911375999450684,1.142180323600769,0,9.773499488830566
6921.600000000264,10.000160217285156,1.2085983753204346,0,9.803655624389648
6922.400000000264,9.890632629394531,1.2672715187072754,0,9.836827278137207
6923.2000000002645,9.377541542053223,1.17178213596344,0,9.874707221984863
6924.000000000265,9.740606307983398,0.8241516947746277,0,9.917500495910645
6924.800000000265,8.331064224243164,0.6794790625572205,0,9.968827247619629
6925.600000000265,9.164586067199707,0.8747904300689697,0,10.024138450622559
6926.400000000265,9.67446517944336,1.129313588142395,0,10.070561408996582
6927.200000000265,9.125483512878418,1.2437388896942139,0,10.118589401245117
6928.000000000266,10.444879531860352,1.2215169668197632,0,10.164779663085938
6928.800000000266,9.57458209991455,1.2134804725646973,0,10.207794189453125
6929.600000000266,9.973185539245605,1.2768573760986328,0,10.24901294708252
6930.400000000266,12.258270263671875,1.1089283227920532,0,10.287466049194336
6931.200000000266,9.266044616699219,1.1206163167953491,0,10.323256492614746
6932.0000000002665,9.677436828613281,1.2334227561950684,0,10.356292724609375
6932.800000000267,10.94891357421875,1.1872254610061646,0,10.385831832885742
6933.600000000267,11.480696678161621,1.236829400062561,0,10.411985397338867
6934.400000000267,9.613391876220703,1.2514901161193848,0,10.433745384216309
6935.200000000267,11.310986518859863,1.1883445978164673,0,10.450019836425781
6936.000000000267,10.968881607055664,1.1461024284362793,0,10.461030960083008
6936.800000000268,11.1823091506958,1.1314910650253296,0,10.464151382446289
6937.600000000268,10.353716850280762,1.1786187887191772,0,10.458887100219727
6938.400000000268,10.987470626831055,1.1162283420562744,0,10.443520545959473
6939.200000000268,11.726534843444824,1.170412540435791,0,10.419075012207031
6940.000000000268,9.880692481994629,1.0939602851867676,0,10.38565731048584
6940.8000000002685,10.679045677185059,0.9276362657546997,0,10.339597702026367
6941.600000000269,10.982522010803223,0.8398078083992004,0,10.288318634033203
6942.400000000269,9.48797607421875,1.0699456930160522,0,10.233747482299805
6943.200000000269,8.23801326751709,1.2018210887908936,0,10.179727554321289
6944.000000000269,10.95895004272461,1.2391244173049927,0,10.127923011779785
6944.800000000269,10.076621055603027,1.2222669124603271,0,10.082501411437988
6945.60000000027,9.653265953063965,1.2118116617202759,0,10.048212051391602
6946.40000000027,9.104358673095703,1.2405595779418945,0,10.028926849365234
6947.20000000027,10.648488998413086,1.332097053527832,0,10.02712631225586
6948.00000000027,8.782578468322754,1.2192550897598267,0,10.04217529296875
6948.80000000027,10.338407516479492,1.0843361616134644,0,10.071267127990723
6949.6000000002705,9.896183013916016,0.8414756655693054,0,10.111068725585938
6950.400000000271,12.647884368896484,0.6896448731422424,0,10.155592918395996
6951.200000000271,8.445639610290527,0.845561683177948,0,10.200960159301758
6952.000000000271,9.706584930419922,1.142537236213684,0,10.236759185791016
6952.800000000271,8.270115852355957,1.211782693862915,0,10.26326847076416
6953.600000000271,9.34242057800293,1.199674367904663,0,10.284512519836426
6954.400000000272,10.525081634521484,1.1910662651062012,0,10.29975414276123
6955.200000000272,9.684561729431152,1.1755881309509277,0,10.313085556030273
6956.000000000272,11.150531768798828,1.1534316539764404,0,10.327371597290039
6956.800000000272,8.355573654174805,1.2292091846466064,0,10.346125602722168
6957.600000000272,10.681717872619629,1.0954800844192505,0,10.369131088256836
6958.4000000002725,9.505250930786133,1.1223561763763428,0,10.395318984985352
6959.200000000273,10.048027038574219,1.1845983266830444,0,10.422146797180176
6960.000000000273,9.911968231201172,1.1762144565582275,0,10.44637680053711
6960.800000000273,9.497331619262695,1.1388486623764038,0,10.465373992919922
6961.600000000273,9.40884780883789,1.248772382736206,0,10.476730346679688
6962.400000000273,10.343130111694336,1.1523159742355347,0,10.479090690612793
6963.200000000274,10.760783195495605,1.2655242681503296,0,10.472495079040527
6964.000000000274,9.854406356811523,1.2634609937667847,0,10.456718444824219
6964.800000000274,12.044106483459473,1.1853371858596802,0,10.431467056274414
6965.600000000274,10.596222877502441,1.2129958868026733,0,10.397339820861816
6966.400000000274,9.950590133666992,1.2004908323287964,0,10.354132652282715
6967.2000000002745,11.109529495239258,1.2139229774475098,0,10.302669525146484
6968.000000000275,9.78256893157959,1.2579586505889893,0,10.241607666015625
6968.800000000275,9.502128601074219,1.3363405466079712,0,10.173916816711426
6969.600000000275,8.583237648010254,1.3347656726837158,0,10.102682113647461
6970.400000000275,10.18122673034668,1.1521657705307007,0,10.02989673614502
6971.200000000275,9.496932029724121,1.0727956295013428,0,9.957598686218262
6972.000000000276,8.193453788757324,1.1457189321517944,0,9.894184112548828
6972.800000000276,9.49367618560791,1.1940191984176636,0,9.843376159667969
6973.600000000276,8.69444465637207,1.2750186920166016,0,9.808283805847168
6974.400000000276,8.692671775817871,1.244032382965088,0,9.785698890686035
6975.200000000276,8.813698768615723,1.3285938501358032,0,9.775285720825195
6976.0000000002765,11.011510848999023,1.2567025423049927,0,9.773009300231934
6976.800000000277,9.0687837600708,1.3023871183395386,0,9.775784492492676
6977.600000000277,8.922059059143066,1.2629774808883667,0,9.781344413757324
6978.400000000277,9.312432289123535,1.08932363986969,0,9.790491104125977
6979.200000000277,9.427816390991211,0.9557496309280396,0,9.801809310913086
6980.000000000277,9.899711608886719,0.9256160259246826,0,9.815263748168945
6980.800000000278,9.617767333984375,1.1663951873779297,0,9.835027694702148
6981.600000000278,9.387441635131836,1.2970412969589233,0,9.853437423706055
6982.400000000278,10.392563819885254,1.3986271619796753,0,9.872587203979492
6983.200000000278,11.20873737335205,1.1959261894226074,0,9.89164924621582
6984.000000000278,9.9891357421875,1.2324167490005493,0,9.907442092895508
6984.8000000002785,10.344061851501465,1.2666932344436646,0,9.918403625488281
6985.600000000279,9.505508422851562,1.2320680618286133,0,9.921825408935547
6986.400000000279,9.033203125,1.3341070413589478,0,9.916175842285156
6987.200000000279,10.423150062561035,1.2450093030929565,0,9.90056324005127
6988.000000000279,8.992399215698242,1.2107681035995483,0,9.875589370727539
6988.800000000279,8.086597442626953,1.3718860149383545,0,9.844805717468262
6989.60000000028,8.894375801086426,1.2954248189926147,0,9.813533782958984
6990.40000000028,7.872132301330566,1.1969103813171387,0,9.788783073425293
6991.20000000028,9.378334045410156,1.2340694665908813,0,9.773871421813965
6992.00000000028,9.98071575164795,1.2379502058029175,0,9.774433135986328
6992.80000000028,9.146279335021973,1.2812460660934448,0,9.789399147033691
6993.6000000002805,9.918896675109863,1.2663155794143677,0,9.816940307617188
6994.400000000281,8.462187767028809,1.2984808683395386,0,9.8514986038208
6995.200000000281,10.320136070251465,1.262567162513733,0,9.886452674865723
6996.000000000281,10.244916915893555,1.3070515394210815,0,9.91595458984375
6996.800000000281,9.88375473022461,1.3934205770492554,0,9.93599796295166
6997.600000000281,8.318341255187988,1.3097164630889893,0,9.944086074829102
6998.400000000282,8.128836631774902,1.2912765741348267,0,9.940402030944824
6999.200000000282,9.948982238769531,1.2774194478988647,0,9.926777839660645
7000.000000000282,10.117459297180176,1.2250607013702393,0,9.905837059020996
7000.800000000282,9.07960319519043,1.225124478340149,0,9.880476951599121
7001.600000000282,9.022368431091309,1.273725152015686,0,9.852314949035645
7002.4000000002825,9.681983947753906,1.2935481071472168,0,9.823634147644043
7003.200000000283,10.077143669128418,1.2402336597442627,0,9.79621696472168
7004.000000000283,10.121854782104492,1.241353154182434,0,9.772003173828125
7004.800000000283,8.954232215881348,1.227676510810852,0,9.75170612335205
7005.600000000283,9.486271858215332,1.0900689363479614,0,9.738512992858887
7006.400000000283,11.564750671386719,1.1627769470214844,0,9.731785774230957
7007.200000000284,9.540390014648438,1.2598061561584473,0,9.732208251953125
7008.000000000284,9.245911598205566,1.259032964706421,0,9.739660263061523
7008.800000000284,10.044840812683105,1.3255904912948608,0,9.751402854919434
7009.600000000284,11.147948265075684,1.2507728338241577,0,9.763357162475586
7010.400000000284,9.426880836486816,1.247534990310669,0,9.771068572998047
7011.2000000002845,9.835884094238281,1.2840425968170166,0,9.770170211791992
7012.000000000285,9.959030151367188,1.229651927947998,0,9.757055282592773
7012.800000000285,8.954010009765625,1.1276946067810059,0,9.729639053344727
7013.600000000285,8.4119291305542,1.172903060913086,0,9.690522193908691
7014.400000000285,8.563239097595215,1.2941328287124634,0,9.645247459411621
7015.200000000285,10.054229736328125,1.3071825504302979,0,9.59720516204834
7016.000000000286,8.008562088012695,1.3076974153518677,0,9.55213737487793
7016.800000000286,9.556865692138672,1.233436942100525,0,9.513678550720215
7017.600000000286,8.896981239318848,1.2616524696350098,0,9.483627319335938
7018.400000000286,9.284575462341309,1.1622321605682373,0,9.463953971862793
7019.200000000286,9.382761001586914,1.322489857673645,0,9.452271461486816
7020.0000000002865,8.806267738342285,1.2756296396255493,0,9.45063304901123
7020.800000000287,11.035036087036133,1.1705021858215332,0,9.459296226501465
7021.600000000287,9.855135917663574,1.2183277606964111,0,9.479752540588379
7022.400000000287,7.967190742492676,1.3432272672653198,0,9.511870384216309
7023.200000000287,9.91883373260498,1.2510590553283691,0,9.555154800415039
7024.000000000287,9.735725402832031,1.2543588876724243,0,9.606376647949219
7024.800000000288,9.703669548034668,1.2345458269119263,0,9.660893440246582
7025.600000000288,10.578095436096191,1.3209666013717651,0,9.714737892150879
7026.400000000288,9.247359275817871,1.3269317150115967,0,9.764534950256348
7027.200000000288,11.365565299987793,1.2621926069259644,0,9.807307243347168
7028.000000000288,11.102584838867188,1.1872367858886719,0,9.843070983886719
7028.8000000002885,9.15798568725586,1.194769263267517,0,9.872190475463867
7029.600000000289,9.153291702270508,1.2583386898040771,0,9.897883415222168
7030.400000000289,9.894021987915039,1.2154310941696167,0,9.92176628112793
7031.200000000289,8.689311027526855,1.2623544931411743,0,9.945013046264648
7032.000000000289,8.866823196411133,1.3131320476531982,0,9.97004222869873
7032.800000000289,11.321124076843262,1.1925081014633179,0,9.993778228759766
7033.60000000029,10.010095596313477,1.2693190574645996,0,10.017669677734375
7034.40000000029,9.855114936828613,1.2841365337371826,0,10.042346000671387
7035.20000000029,10.309257507324219,1.2426420450210571,0,10.065731048583984
7036.00000000029,9.935835838317871,1.2140169143676758,0,10.088427543640137
7036.80000000029,8.39453125,1.211776852607727,0,10.109795570373535
7037.6000000002905,9.732090950012207,1.3239645957946777,0,10.129013061523438
7038.400000000291,10.10086727142334,1.1239601373672485,0,10.14561939239502
7039.200000000291,9.40349006652832,1.170567274093628,0,10.158693313598633
7040.000000000291,10.820683479309082,1.1516233682632446,0,10.169849395751953
7040.800000000291,11.03216552734375,1.2167327404022217,0,10.17471694946289
7041.600000000291,11.613415718078613,1.1220875978469849,0,10.190004348754883
7042.400000000292,9.024730682373047,1.2454770803451538,0,10.217470169067383
7043.200000000292,11.278849601745605,1.184282660484314,0,10.214771270751953
7044.000000000292,10.682607650756836,1.1853781938552856,0,10.203309059143066
7044.800000000292,8.698051452636719,1.211342692375183,0,10.193231582641602
7045.600000000292,10.154206275939941,1.2806174755096436,0,10.195137977600098
7046.4000000002925,10.427005767822266,1.265989899635315,0,10.180463790893555
7047.200000000293,10.359664916992188,1.2642147541046143,0,10.190768241882324
7048.000000000293,11.260529518127441,1.1677207946777344,0,10.209207534790039
7048.800000000293,10.961824417114258,1.1865061521530151,0,10.234701156616211
7049.600000000293,9.396382331848145,1.0290420055389404,0,10.265520095825195
7050.400000000293,8.309611320495605,1.1752899885177612,0,10.29793643951416
7051.200000000294,9.302928924560547,1.203446388244629,0,10.329238891601562
7052.000000000294,9.405941009521484,1.204696536064148,0,10.356501579284668
7052.800000000294,9.410346984863281,1.1971291303634644,0,10.379799842834473
7053.600000000294,11.607096672058105,1.1887538433074951,0,10.396039962768555
7054.400000000294,10.592523574829102,1.1847789287567139,0,10.404694557189941
7055.2000000002945,10.186860084533691,1.328694462776184,0,10.404952049255371
7056.000000000295,10.863945960998535,1.2645052671432495,0,10.395783424377441
7056.800000000295,8.608498573303223,1.197196125984192,0,10.378137588500977
7057.600000000295,10.031196594238281,1.1952966451644897,0,10.353211402893066
7058.400000000295,9.449589729309082,1.2872848510742188,0,10.322893142700195
7059.200000000295,9.650300979614258,1.1725200414657593,0,10.289870262145996
7060.000000000296,9.671089172363281,1.2926541566848755,0,10.254910469055176
7060.800000000296,11.031346321105957,1.270339012145996,0,10.220735549926758
7061.600000000296,10.337788581848145,1.2488044500350952,0,10.187934875488281
7062.400000000296,8.943242073059082,1.2559608221054077,0,10.157255172729492
7063.200000000296,8.921886444091797,1.3706023693084717,0,10.129395484924316
7064.0000000002965,9.380356788635254,1.3311537504196167,0,10.10648250579834
7064.800000000297,10.122654914855957,1.264529824256897,0,10.09004020690918
7065.600000000297,11.324880599975586,1.2572839260101318,0,10.081432342529297
7066.400000000297,10.733835220336914,1.2233808040618896,0,10.080803871154785
7067.200000000297,9.222684860229492,1.2438547611236572,0,10.084375381469727
7068.000000000297,8.759819030761719,1.2477818727493286,0,10.084821701049805
7068.800000000298,10.82032299041748,1.3132998943328857,0,10.07552433013916
7069.600000000298,9.164005279541016,1.32619309425354,0,10.063258171081543
7070.400000000298,11.50637435913086,1.32491934299469,0,10.051703453063965
7071.200000000298,10.1846923828125,1.2311170101165771,0,10.037230491638184
7072.000000000298,9.891263961791992,1.1920230388641357,0,10.025800704956055
7072.8000000002985,9.901838302612305,1.236771821975708,0,10.026228904724121
7073.600000000299,10.879984855651855,1.3008891344070435,0,10.04163932800293
7074.400000000299,10.5378999710083,1.2133610248565674,0,10.068704605102539
7075.200000000299,8.690750122070312,1.2262970209121704,0,10.103673934936523
7076.000000000299,8.905296325683594,1.2159556150436401,0,10.140799522399902
7076.800000000299,10.767448425292969,1.1948859691619873,0,10.174042701721191
7077.6000000003,8.767608642578125,1.3196853399276733,0,10.199324607849121
7078.4000000003,8.568387985229492,1.2716162204742432,0,10.21296215057373
7079.2000000003,9.79707145690918,1.2652533054351807,0,10.213571548461914
7080.0000000003,7.5498480796813965,1.2924010753631592,0,10.201374053955078
7080.8000000003,11.277576446533203,1.146309494972229,0,10.17696475982666
7081.6000000003005,10.716955184936523,1.2091882228851318,0,10.142753601074219
7082.400000000301,10.500139236450195,1.2093772888183594,0,10.101622581481934
7083.200000000301,10.225722312927246,1.1919902563095093,0,10.056252479553223
7084.000000000301,9.249897003173828,1.197742223739624,0,10.009077072143555
7084.800000000301,9.083264350891113,1.2180454730987549,0,9.964134216308594
7085.600000000301,9.571135520935059,1.2732651233673096,0,9.92563533782959
7086.400000000302,12.058542251586914,1.2916157245635986,0,9.896352767944336
7087.200000000302,10.393138885498047,1.284476637840271,0,9.87849235534668
7088.000000000302,9.121946334838867,1.1632097959518433,0,9.87287712097168
7088.800000000302,10.2251558303833,1.2416672706604004,0,9.881503105163574
7089.600000000302,8.990666389465332,1.185429334640503,0,9.901887893676758
7090.4000000003025,7.889815807342529,1.1724863052368164,0,9.933256149291992
7091.200000000303,9.176100730895996,1.2631186246871948,0,9.973190307617188
7092.000000000303,8.79843521118164,1.2907384634017944,0,10.018291473388672
7092.800000000303,8.8148775100708,1.269439935684204,0,10.066163063049316
7093.600000000303,9.160512924194336,1.3145960569381714,0,10.114562034606934
7094.400000000303,10.03083610534668,1.3291109800338745,0,10.161503791809082
7095.200000000304,10.09188175201416,1.269312858581543,0,10.205344200134277
7096.000000000304,8.880417823791504,1.2557998895645142,0,10.24460506439209
7096.800000000304,11.516910552978516,1.222233772277832,0,10.278663635253906
7097.600000000304,10.551897048950195,1.2959192991256714,0,10.306382179260254
7098.400000000304,9.3809175491333,1.3257464170455933,0,10.32707691192627
7099.2000000003045,11.472508430480957,1.253875970840454,0,10.341116905212402
7100.000000000305,9.993324279785156,1.2363801002502441,0,10.348703384399414
7100.800000000305,10.387795448303223,1.2531960010528564,0,10.350784301757812
7101.600000000305,9.649057388305664,1.2526224851608276,0,10.347793579101562
7102.400000000305,9.636589050292969,1.3438454866409302,0,10.340295791625977
7103.200000000305,8.855493545532227,1.3845685720443726,0,10.328619956970215
7104.000000000306,8.915105819702148,1.3039071559906006,0,10.312724113464355
7104.800000000306,9.99557113647461,1.2510128021240234,0,10.292410850524902
7105.600000000306,9.39795970916748,1.3695027828216553,0,10.268006324768066
7106.400000000306,10.680842399597168,1.2997527122497559,0,10.240928649902344
7107.200000000306,11.224089622497559,1.2974114418029785,0,10.213325500488281
7108.0000000003065,9.299540519714355,1.2314629554748535,0,10.18923282623291
7108.800000000307,9.970181465148926,1.2581931352615356,0,10.171953201293945
7109.600000000307,10.109875679016113,1.3066989183425903,0,10.164273262023926
7110.400000000307,9.786799430847168,1.2197139263153076,0,10.16794204711914
7111.200000000307,10.809107780456543,1.205817461013794,0,10.181777954101562
7112.000000000307,11.324313163757324,1.3375272750854492,0,10.20296573638916
7112.800000000308,8.055617332458496,1.3139722347259521,0,10.228008270263672
7113.600000000308,10.205431938171387,1.2951138019561768,0,10.252784729003906
7114.400000000308,9.627331733703613,1.3067611455917358,0,10.274539947509766
7115.200000000308,9.632481575012207,1.2496514320373535,0,10.291061401367188
7116.000000000308,10.155062675476074,1.2225074768066406,0,10.303094863891602
7116.8000000003085,7.997020244598389,1.3040133714675903,0,10.312228202819824
7117.600000000309,9.135477066040039,1.259841799736023,0,10.32099437713623
7118.400000000309,8.548171997070312,1.2574541568756104,0,10.331365585327148
7119.200000000309,10.150591850280762,1.3095567226409912,0,10.343981742858887
7120.000000000309,8.809062957763672,1.3850555419921875,0,10.358576774597168
7120.800000000309,10.316719055175781,1.3250014781951904,0,10.373173713684082
7121.60000000031,9.859593391418457,1.3642851114273071,0,10.385858535766602
7122.40000000031,9.684184074401855,1.3107922077178955,0,10.394057273864746
7123.20000000031,11.090313911437988,1.2974177598953247,0,10.396113395690918
7124.00000000031,9.548174858093262,1.3091683387756348,0,10.390701293945312
7124.80000000031,9.57164478302002,1.2060186862945557,0,10.378066062927246
7125.6000000003105,9.4611177444458,1.3278406858444214,0,10.358200073242188
7126.400000000311,9.991260528564453,1.3133121728897095,0,10.331791877746582
7127.200000000311,9.493803977966309,1.353619933128357,0,10.301105499267578
7128.000000000311,10.236698150634766,1.284585952758789,0,10.268115997314453
7128.800000000311,9.826830863952637,1.274017095565796,0,10.234707832336426
7129.600000000311,9.75701904296875,1.2377735376358032,0,10.203120231628418
7130.400000000312,9.7728910446167,1.2531484365463257,0,10.174001693725586
7131.200000000312,9.575196266174316,1.2229605913162231,0,10.147700309753418
7132.000000000312,9.211182594299316,1.3349429368972778,0,10.123291969299316
7132.800000000312,9.545525550842285,1.222243070602417,0,10.100311279296875
7133.600000000312,9.782630920410156,1.2988232374191284,0,10.078131675720215
7134.4000000003125,9.764372825622559,1.2913020849227905,0,10.057089805603027
7135.200000000313,9.747706413269043,1.2371591329574585,0,10.038999557495117
7136.000000000313,10.492177963256836,1.2138749361038208,0,10.025635719299316
7136.800000000313,7.820345401763916,1.3325010538101196,0,10.017356872558594
7137.600000000313,9.841153144836426,1.2190673351287842,0,10.015974998474121
7138.400000000313,10.926570892333984,1.1917686462402344,0,10.020848274230957
7139.200000000314,10.597657203674316,1.2954964637756348,0,10.02995491027832
7140.000000000314,9.944029808044434,1.2789326906204224,0,10.041370391845703
7140.800000000314,10.559226036071777,1.240725040435791,0,10.057280540466309
7141.600000000314,8.447932243347168,1.2640680074691772,0,10.07627010345459
7142.400000000314,8.934289932250977,1.312523365020752,0,10.09593677520752
7143.2000000003145,11.092286109924316,1.221523404121399,0,10.1163911819458
7144.000000000315,10.295259475708008,1.2139145135879517,0,10.137920379638672
7144.800000000315,9.61822509765625,1.204598307609558,0,10.160311698913574
7145.600000000315,11.794620513916016,1.165178656578064,0,10.182875633239746
7146.400000000315,10.97849178314209,1.1885842084884644,0,10.205276489257812
7147.200000000315,9.999463081359863,1.2340987920761108,0,10.22727108001709
7148.000000000316,10.04321002960205,1.2366056442260742,0,10.249987602233887
7148.800000000316,8.726253509521484,1.236263632774353,0,10.273558616638184
7149.600000000316,9.276010513305664,1.3077794313430786,0,10.298219680786133
7150.400000000316,10.465984344482422,1.1947226524353027,0,10.323396682739258
7151.200000000316,10.636580467224121,1.1665351390838623,0,10.347587585449219
7152.0000000003165,8.914058685302734,1.3158032894134521,0,10.369336128234863
7152.800000000317,11.082465171813965,1.3091851472854614,0,10.386758804321289
7153.600000000317,10.056687355041504,1.1852208375930786,0,10.398870468139648
7154.400000000317,9.50460147857666,1.251060128211975,0,10.405092239379883
7155.200000000317,9.572275161743164,1.3302477598190308,0,10.405688285827637
7156.000000000317,11.134139060974121,1.3170868158340454,0,10.401585578918457
7156.800000000318,9.722306251525879,1.2028473615646362,0,10.394373893737793
7157.600000000318,10.90521240234375,1.2333543300628662,0,10.386368751525879
7158.400000000318,10.767938613891602,1.2660024166107178,0,10.3788480758667
7159.200000000318,9.173831939697266,1.2995401620864868,0,10.373332977294922
7160.000000000318,9.843330383300781,1.2409905195236206,0,10.369882583618164
7160.8000000003185,11.522619247436523,1.1945834159851074,0,10.368709564208984
7161.600000000319,11.314692497253418,1.1975657939910889,0,10.369062423706055
7162.400000000319,10.477851867675781,1.263653039932251,0,10.370617866516113
7163.200000000319,11.73274040222168,1.1832712888717651,0,10.37314510345459
7164.000000000319,10.46738052368164,1.1949256658554077,0,10.376654624938965
7164.800000000319,8.055413246154785,1.3226794004440308,0,10.381257057189941
7165.60000000032,10.081828117370605,1.232575535774231,0,10.386409759521484
7166.40000000032,9.86881160736084,1.2593258619308472,0,10.38999080657959
7167.20000000032,10.845447540283203,1.2026230096817017,0,10.391092300415039
7168.00000000032,9.177173614501953,1.2520875930786133,0,10.38722038269043
7168.80000000032,11.307645797729492,1.104777455329895,0,10.37686824798584
7169.6000000003205,10.000664710998535,1.2091460227966309,0,10.35901927947998
7170.400000000321,10.574416160583496,1.2090213298797607,0,10.334928512573242
7171.200000000321,8.186188697814941,1.1132516860961914,0,10.305130004882812
7172.000000000321,9.972403526306152,1.1385802030563354,0,10.27403736114502
7172.800000000321,9.662846565246582,1.2143014669418335,0,10.245155334472656
7173.600000000321,12.43972396850586,1.1874310970306396,0,10.21938705444336
7174.400000000322,10.396747589111328,1.0922632217407227,0,10.199889183044434
7175.200000000322,11.235381126403809,1.0601388216018677,0,10.184710502624512
7176.000000000322,8.50523853302002,1.2162481546401978,0,10.172673225402832
7176.800000000322,11.363146781921387,1.3141133785247803,0,10.160598754882812
7177.600000000322,8.86494255065918,1.1928646564483643,0,10.146699905395508
7178.4000000003225,9.667262077331543,1.0203315019607544,0,10.130791664123535
7179.200000000323,10.725279808044434,0.9604070782661438,0,10.115776062011719
7180.000000000323,9.196290016174316,1.2084873914718628,0,10.10422420501709
7180.800000000323,9.178520202636719,1.2295602560043335,0,10.10140609741211
7181.600000000323,9.764012336730957,1.3013832569122314,0,10.10986614227295
7182.400000000323,10.038141250610352,1.1533148288726807,0,10.12925910949707
7183.200000000324,8.6889009475708,1.0276901721954346,0,10.155269622802734
7184.000000000324,10.577396392822266,1.1756818294525146,0,10.185074806213379
7184.800000000324,10.508319854736328,1.3253331184387207,0,10.21176528930664
7185.600000000324,11.207993507385254,1.1152418851852417,0,10.230217933654785
7186.400000000324,10.191106796264648,1.0690984725952148,0,10.238136291503906
7187.2000000003245,8.547037124633789,1.0068565607070923,0,10.235373497009277
7188.000000000325,11.59593677520752,0.9284209609031677,0,10.222867012023926
7188.800000000325,10.838711738586426,0.927223801612854,0,10.204447746276855
7189.600000000325,9.513136863708496,1.1563936471939087,0,10.181653022766113
7190.400000000325,8.463092803955078,1.3742223978042603,0,10.158244132995605
7191.200000000325,7.391403675079346,1.4459360837936401,0,10.135152816772461
7192.000000000326,10.977890968322754,1.2931599617004395,0,10.11545181274414
7192.800000000326,8.770519256591797,1.0176550149917603,0,10.09763240814209
7193.600000000326,9.843748092651367,1.0493907928466797,0,10.085592269897461
7194.400000000326,9.571043014526367,1.1529215574264526,0,10.078540802001953
7195.200000000326,7.544802188873291,1.1396294832229614,0,10.076900482177734
7196.0000000003265,10.797064781188965,1.1257392168045044,0,10.079704284667969
7196.800000000327,10.059720993041992,1.1756374835968018,0,10.0856294631958
7197.600000000327,9.966137886047363,1.246343970298767,0,10.091877937316895
7198.400000000327,10.491632461547852,1.2298723459243774,0,10.09660816192627
7199.200000000327,8.820956230163574,1.1562138795852661,0,10.097572326660156
7200.000000000327,8.850981712341309,1.232387900352478,0,10.096071243286133
7200.800000000328,9.069578170776367,1.2540861368179321,0,10.090264320373535
7201.600000000328,11.034029006958008,1.0263501405715942,0,10.08349609375
7202.400000000328,10.372405052185059,0.925157368183136,0,10.079063415527344
7203.200000000328,11.109505653381348,1.0889487266540527,0,10.079553604125977
7204.000000000328,10.661213874816895,1.3967581987380981,0,10.087188720703125
7204.8000000003285,9.190346717834473,1.292043685913086,0,10.105015754699707
7205.600000000329,9.57176399230957,1.0760117769241333,0,10.131293296813965
7206.400000000329,10.56047534942627,1.1305681467056274,0,10.163091659545898
7207.200000000329,10.293218612670898,1.2260515689849854,0,10.198212623596191
7208.000000000329,9.803035736083984,1.1331781148910522,0,10.231335639953613
7208.800000000329,9.123254776000977,1.236050009727478,0,10.26075553894043
7209.60000000033,9.355297088623047,1.3211530447006226,0,10.281025886535645
7210.40000000033,10.722541809082031,1.1759012937545776,0,10.291617393493652
7211.20000000033,8.752413749694824,1.192633867263794,0,10.29140567779541
7212.00000000033,11.009614944458008,1.258170485496521,0,10.281301498413086
7212.80000000033,9.4212064743042,1.2930634021759033,0,10.261618614196777
7213.6000000003305,9.244229316711426,1.281728744506836,0,10.237464904785156
7214.400000000331,9.074019432067871,1.3879029750823975,0,10.212267875671387
7215.200000000331,9.522883415222168,1.399474859237671,0,10.190679550170898
7216.000000000331,11.322765350341797,1.3420929908752441,0,10.176109313964844
7216.800000000331,10.639084815979004,1.2838573455810547,0,10.169830322265625
7217.600000000331,10.808019638061523,1.2270259857177734,0,10.170368194580078
7218.400000000332,9.562626838684082,1.3097155094146729,0,10.175612449645996
7219.200000000332,10.637036323547363,1.2271822690963745,0,10.18236255645752
7220.000000000332,10.150226593017578,1.2886804342269897,0,10.187019348144531
7220.800000000332,10.172857284545898,1.2741730213165283,0,10.188798904418945
7221.600000000332,9.975481033325195,1.3127973079681396,0,10.187112808227539
7222.4000000003325,10.41419792175293,1.27384614944458,0,10.183399200439453
7223.200000000333,9.920870780944824,1.2673090696334839,0,10.181097984313965
7224.000000000333,10.713384628295898,1.1584060192108154,0,10.183963775634766
7224.800000000333,10.075563430786133,1.170038104057312,0,10.19487476348877
7225.600000000333,9.613788604736328,1.3335556983947754,0,10.214898109436035
7226.400000000333,9.989622116088867,1.2754292488098145,0,10.243266105651855
7227.200000000334,10.865811347961426,1.2686063051223755,0,10.276948928833008
7228.000000000334,10.55921745300293,1.3212242126464844,0,10.312074661254883
7228.800000000334,10.998995780944824,1.1619881391525269,0,10.343029022216797
7229.600000000334,7.818904876708984,1.2928879261016846,0,10.367640495300293
7230.400000000334,9.778867721557617,1.2750561237335205,0,10.382827758789062
7231.2000000003345,11.24380874633789,1.1896463632583618,0,10.386591911315918
7232.000000000335,9.195488929748535,1.296462059020996,0,10.378816604614258
7232.800000000335,10.211405754089355,1.2690945863723755,0,10.360037803649902
7233.600000000335,9.82373332977295,1.2377163171768188,0,10.330808639526367
7234.400000000335,11.186491966247559,1.035539150238037,0,10.293716430664062
7235.200000000335,11.32487964630127,1.0728857517242432,0,10.252748489379883
7236.000000000336,10.646207809448242,0.9922880530357361,0,10.212698936462402
7236.800000000336,8.67788314819336,1.01530921459198,0,10.178031921386719
7237.600000000336,8.929266929626465,1.1654523611068726,0,10.152412414550781
7238.400000000336,8.825722694396973,1.1560417413711548,0,10.138190269470215
7239.200000000336,10.251511573791504,1.1384553909301758,0,10.133851051330566
7240.0000000003365,11.454140663146973,0.9002521634101868,0,10.133337020874023
7240.800000000337,11.093657493591309,0.6748310923576355,0,10.135599136352539
7241.600000000337,8.928533554077148,0.47011232376098633,0,10.14163875579834
7242.400000000337,10.502754211425781,0.4802381992340088,0,10.14746379852295
7243.200000000337,9.463715553283691,0.8197783827781677,0,10.153402328491211
7244.000000000337,10.704452514648438,0.9969773292541504,0,10.158312797546387
7244.800000000338,9.303377151489258,0.9215638041496277,0,10.163013458251953
7245.600000000338,10.164243698120117,0.6159889698028564,0,10.16728401184082
7246.400000000338,12.857767105102539,0.4384269118309021,0,10.166895866394043
7247.200000000338,10.869635581970215,0.5633670091629028,0,10.163274765014648
7248.000000000338,11.641797065734863,0.8773238658905029,0,10.15933895111084
7248.8000000003385,8.599002838134766,1.0921258926391602,0,10.150547981262207
7249.600000000339,10.031004905700684,1.2256312370300293,0,10.140750885009766
7250.400000000339,9.297758102416992,1.3134452104568481,0,10.138136863708496
7251.200000000339,10.707069396972656,1.1786324977874756,0,10.143135070800781
7252.000000000339,11.238080024719238,1.2079657316207886,0,10.15735912322998
7252.800000000339,8.985201835632324,1.2312426567077637,0,10.180242538452148
7253.60000000034,9.968914985656738,0.94004887342453,0,10.208484649658203
7254.40000000034,7.78199577331543,0.6484029293060303,0,10.238996505737305
7255.20000000034,9.863465309143066,0.8131906390190125,0,10.267308235168457
7256.00000000034,10.783371925354004,1.1822731494903564,0,10.289446830749512
7256.80000000034,11.200692176818848,1.2249099016189575,0,10.305154800415039
7257.6000000003405,10.292763710021973,1.1396721601486206,0,10.317073822021484
7258.400000000341,9.850083351135254,1.0644195079803467,0,10.322632789611816
7259.200000000341,9.995776176452637,1.0819613933563232,0,10.325431823730469
7260.000000000341,10.417030334472656,1.2612122297286987,0,10.328898429870605
7260.800000000341,9.683442115783691,1.2414700984954834,0,10.333211898803711
7261.600000000341,11.369412422180176,1.2041476964950562,0,10.340255737304688
7262.400000000342,10.251530647277832,1.3068740367889404,0,10.349845886230469
7263.200000000342,9.636418342590332,1.327369213104248,0,10.361554145812988
7264.000000000342,11.72574520111084,1.2688969373703003,0,10.37357234954834
7264.800000000342,9.336913108825684,1.2302402257919312,0,10.385634422302246
7265.600000000342,9.809441566467285,1.1652508974075317,0,10.396860122680664
7266.4000000003425,11.274761199951172,1.010938048362732,0,10.406543731689453
7267.200000000343,11.46586799621582,1.0223942995071411,0,10.412540435791016
7268.000000000343,10.340545654296875,1.1891231536865234,0,10.418739318847656
7268.800000000343,11.0301513671875,1.2756452560424805,0,10.416638374328613
7269.600000000343,9.44336986541748,1.1843616962432861,0,10.410922050476074
7270.400000000343,9.39591121673584,1.2723077535629272,0,10.400958061218262
7271.200000000344,9.2172212600708,1.17948579788208,0,10.387029647827148
7272.000000000344,11.15407943725586,1.2297093868255615,0,10.371476173400879
7272.800000000344,10.684370040893555,1.2318519353866577,0,10.355592727661133
7273.600000000344,11.146263122558594,1.1757346391677856,0,10.34273910522461
7274.400000000344,8.793800354003906,1.1825371980667114,0,10.332112312316895
7275.2000000003445,10.874801635742188,1.1802536249160767,0,10.327774047851562
7276.000000000345,9.526394844055176,0.9840396642684937,0,10.328136444091797
7276.800000000345,9.621506690979004,0.6072384119033813,0,10.320332527160645
7277.600000000345,10.405696868896484,0.3405514657497406,0,10.306784629821777
7278.400000000345,9.492676734924316,0.38371652364730835,0,10.287575721740723
7279.200000000345,9.794097900390625,0.6175535917282104,0,10.259572982788086
7280.000000000346,10.714335441589355,1.2048866748809814,0,10.2159423828125
7280.800000000346,9.009419441223145,1.386024832725525,0,10.15740966796875
7281.600000000346,10.839018821716309,1.3009964227676392,0,10.085423469543457
7282.400000000346,9.47901439666748,1.1332255601882935,0,9.999689102172852
7283.200000000346,7.955550670623779,1.2810566425323486,0,9.901409149169922
7284.0000000003465,8.903769493103027,1.3163994550704956,0,9.79711627960205
7284.800000000347,9.407983779907227,0.9988723993301392,0,9.700640678405762
7285.600000000347,9.510913848876953,0.7017373442649841,0,9.59716796875
7286.400000000347,9.805716514587402,0.7374395728111267,0,9.500969886779785
7287.200000000347,8.919417381286621,1.0942777395248413,0,9.432905197143555
7288.000000000347,8.320425033569336,1.1665563583374023,0,9.393288612365723
7288.800000000348,9.068218231201172,1.1569572687149048,0,9.378350257873535
7289.600000000348,8.644686698913574,1.1377928256988525,0,9.387866973876953
7290.400000000348,8.353720664978027,1.4267711639404297,0,9.424134254455566
7291.200000000348,8.692960739135742,1.2956569194793701,0,9.479392051696777
7292.000000000348,9.094300270080566,0.990507185459137,0,9.548543930053711
7292.8000000003485,10.640950202941895,1.1517728567123413,0,9.62783145904541
7293.600000000349,7.775728225708008,1.1720422506332397,0,9.71256160736084
7294.400000000349,10.375579833984375,1.246686339378357,0,9.798062324523926
7295.200000000349,11.293113708496094,1.2031965255737305,0,9.88009262084961
7296.000000000349,10.045172691345215,1.18765127658844,0,9.95578670501709
7296.800000000349,8.46385383605957,0.9915696382522583,0,10.025264739990234
7297.60000000035,12.13536262512207,1.0378882884979248,0,10.08889102935791
7298.40000000035,10.983185768127441,1.1220704317092896,0,10.145721435546875
7299.20000000035,10.525136947631836,1.3322800397872925,0,10.189817428588867
7300.00000000035,9.98681354522705,1.2882283926010132,0,10.229455947875977
7300.80000000035,8.902853965759277,1.231542944908142,0,10.262690544128418
7301.6000000003505,8.865900993347168,1.2136547565460205,0,10.290464401245117
7302.400000000351,10.306920051574707,1.226868987083435,0,10.31365966796875
7303.200000000351,10.272363662719727,1.2375658750534058,0,10.334373474121094
7304.000000000351,10.498246192932129,0.9995176792144775,0,10.353693008422852
7304.800000000351,9.399840354919434,0.6455296277999878,0,10.367158889770508
7305.600000000351,10.875550270080566,0.6613460183143616,0,10.38311767578125
7306.400000000352,9.051630973815918,0.9942390322685242,0,10.391168594360352
7307.200000000352,10.085376739501953,1.2207846641540527,0,10.395597457885742
7308.000000000352,11.21962833404541,1.2883223295211792,0,10.395190238952637
7308.800000000352,11.513644218444824,1.3581018447875977,0,10.390541076660156
7309.600000000352,10.41949462890625,1.2575151920318604,0,10.382267951965332
7310.4000000003525,10.811782836914062,1.1277555227279663,0,10.37171459197998
7311.200000000353,11.716197967529297,1.0468350648880005,0,10.359962463378906
7312.000000000353,10.110194206237793,1.1961458921432495,0,10.35119342803955
7312.800000000353,10.125640869140625,1.19460129737854,0,10.343137741088867
7313.600000000353,9.355826377868652,1.294175624847412,0,10.341362953186035
7314.400000000353,10.969423294067383,1.2225136756896973,0,10.34340763092041
7315.200000000354,9.747063636779785,1.298329472541809,0,10.351319313049316
7316.000000000354,10.929222106933594,1.1164319515228271,0,10.363765716552734
7316.800000000354,11.536380767822266,0.6437267065048218,0,10.375874519348145
7317.600000000354,11.905318260192871,0.4154040813446045,0,10.385464668273926
7318.400000000354,10.948431968688965,0.5265136957168579,0,10.401348114013672
7319.2000000003545,8.309017181396484,0.7405545115470886,0,10.408062934875488
7320.000000000355,10.577387809753418,1.045737624168396,0,10.40427017211914
7320.800000000355,11.083168029785156,1.137096881866455,0,10.406453132629395
7321.600000000355,8.34854793548584,1.1711708307266235,0,10.403997421264648
7322.400000000355,10.774618148803711,1.334241509437561,0,10.40100383758545
7323.200000000355,10.041857719421387,1.2565146684646606,0,10.396112442016602
7324.000000000356,9.581869125366211,1.318505048751831,0,10.390432357788086
7324.800000000356,11.160490036010742,1.2994892597198486,0,10.383835792541504
7325.600000000356,9.237489700317383,1.1832364797592163,0,10.375136375427246
7326.400000000356,11.35719108581543,1.2220549583435059,0,10.365447998046875
7327.200000000356,10.301464080810547,1.386978030204773,0,10.354755401611328
7328.0000000003565,11.7786226272583,1.2875105142593384,0,10.343720436096191
7328.800000000357,10.447710037231445,1.224334478378296,0,10.334822654724121
7329.600000000357,10.14577579498291,0.9726696014404297,0,10.330367088317871
7330.400000000357,9.211799621582031,0.7797050476074219,0,10.322808265686035
7331.200000000357,10.843977928161621,0.7546969056129456,0,10.32105827331543
7332.000000000357,11.039755821228027,1.111698031425476,0,10.321083068847656
7332.800000000358,11.223175048828125,1.125128149986267,0,10.32154655456543
7333.600000000358,9.828219413757324,1.1963006258010864,0,10.32208251953125
7334.400000000358,10.893117904663086,1.2467925548553467,0,10.321317672729492
7335.200000000358,9.528511047363281,1.1846580505371094,0,10.318992614746094
7336.000000000358,9.892946243286133,1.2200078964233398,0,10.316007614135742
7336.8000000003585,9.362727165222168,1.3176231384277344,0,10.31103801727295
7337.600000000359,11.243356704711914,1.2384123802185059,0,10.303719520568848
7338.400000000359,10.037424087524414,1.3168083429336548,0,10.295181274414062
7339.200000000359,10.805752754211426,1.3338334560394287,0,10.283987998962402
7340.000000000359,11.591974258422852,1.269323468208313,0,10.269126892089844
7340.800000000359,10.06192684173584,1.0380783081054688,0,10.25631046295166
7341.60000000036,12.837043762207031,0.6192895174026489,0,10.241083145141602
7342.40000000036,9.23634147644043,0.35428309440612793,0,10.219202995300293
7343.20000000036,10.299607276916504,0.6010538935661316,0,10.209585189819336
7344.00000000036,10.443926811218262,1.0514647960662842,0,10.207273483276367
7344.80000000036,9.790404319763184,1.2347791194915771,0,10.208281517028809
7345.6000000003605,10.928916931152344,1.2028512954711914,0,10.20146369934082
7346.400000000361,12.170711517333984,1.169784665107727,0,10.175318717956543
7347.200000000361,11.32036304473877,1.236365556716919,0,10.149266242980957
7348.000000000361,10.958964347839355,1.2916611433029175,0,10.144631385803223
7348.800000000361,10.596165657043457,1.2505306005477905,0,10.134663581848145
7349.600000000361,10.73672866821289,1.269948959350586,0,10.093955039978027
7350.400000000362,10.54769229888916,1.3145767450332642,0,10.032049179077148
7351.200000000362,10.927212715148926,1.281941533088684,0,9.963744163513184
7352.000000000362,9.014129638671875,1.215543270111084,0,9.89627742767334
7352.800000000362,11.51793384552002,1.2192034721374512,0,9.831412315368652
7353.600000000362,10.713753700256348,1.2389607429504395,0,9.774356842041016
7354.4000000003625,9.790914535522461,1.2674717903137207,0,9.728135108947754
7355.200000000363,8.68188190460205,1.281498670578003,0,9.697449684143066
7356.000000000363,8.267601013183594,1.291587233543396,0,9.692901611328125
7356.800000000363,8.213616371154785,1.435561180114746,0,9.728839874267578
7357.600000000363,10.113082885742188,1.2910575866699219,0,9.822482109069824
7358.400000000363,8.727238655090332,1.2025322914123535,0,9.99306869506836
7359.200000000364,11.072504043579102,0.9472239017486572,0,10.257933616638184
7360.000000000364,10.332991600036621,0.7571681141853333,0,10.675642013549805
7360.800000000364,11.601627349853516,0.9176183938980103,0,11.283337593078613
7361.600000000364,8.900491714477539,1.1929054260253906,0,11.903972625732422
7362.400000000364,10.88628101348877,1.2580853700637817,0,12.385095596313477
7363.2000000003645,9.683549880981445,1.3141050338745117,0,12.566908836364746
7364.000000000365,11.102805137634277,1.3159583806991577,0,12.585124015808105
7364.800000000365,12.565725326538086,1.2462360858917236,0,12.540310859680176
7365.600000000365,11.598833084106445,1.1740156412124634,0,12.19848918914795
7366.400000000365,10.385046005249023,1.1903995275497437,0,11.611173629760742
7367.200000000365,9.111785888671875,1.2521337270736694,0,11.033665657043457
7368.000000000366,9.92138957977295,1.2008304595947266,0,10.580622673034668
7368.800000000366,9.096623420715332,1.3133296966552734,0,10.266464233398438
7369.600000000366,10.710023880004883,0.8090481162071228,0,10.073508262634277
7370.400000000366,10.666860580444336,0.47529372572898865,0,9.942460060119629
7371.200000000366,9.305395126342773,0.5594078898429871,0,9.850225448608398
7372.0000000003665,9.938094139099121,0.6591010093688965,0,9.809152603149414
7372.800000000367,11.058717727661133,1.1643531322479248,0,9.783892631530762
7373.600000000367,10.244413375854492,1.2521346807479858,0,9.770133972167969
7374.400000000367,10.354113578796387,1.255476951599121,0,9.766510009765625
7375.200000000367,9.605297088623047,1.2400182485580444,0,9.769554138183594
7376.000000000367,10.194096565246582,1.1683863401412964,0,9.781452178955078
7376.800000000368,11.913800239562988,1.1746697425842285,0,9.801870346069336
7377.600000000368,8.758064270019531,1.2454346418380737,0,9.830284118652344
7378.400000000368,8.970148086547852,1.3236099481582642,0,9.865557670593262
7379.200000000368,10.084308624267578,1.1997956037521362,0,9.906512260437012
7380.000000000368,11.398438453674316,1.280514121055603,0,9.951175689697266
7380.8000000003685,9.786314964294434,1.1988587379455566,0,10.000213623046875
7381.600000000369,11.092223167419434,1.177557349205017,0,10.057890892028809
7382.400000000369,11.103246688842773,1.2504287958145142,0,10.129473686218262
7383.200000000369,10.208154678344727,1.2217345237731934,0,10.221622467041016
7384.000000000369,10.50293254852295,1.1990082263946533,0,10.331762313842773
7384.800000000369,12.333579063415527,1.125301718711853,0,10.435314178466797
7385.60000000037,11.65951156616211,1.1592464447021484,0,10.482282638549805
7386.40000000037,12.517692565917969,1.1538792848587036,0,10.466758728027344
7387.20000000037,13.835457801818848,1.268459439277649,0,10.474987983703613
7388.00000000037,10.01863956451416,1.240498661994934,0,10.532516479492188
7388.80000000037,11.71569538116455,1.18836510181427,0,10.54870891571045
7389.6000000003705,12.567018508911133,1.295526146888733,0,10.48834228515625
7390.400000000371,11.02617359161377,1.2160232067108154,0,10.395516395568848
7391.200000000371,11.9866361618042,1.2579652070999146,0,10.308547973632812
7392.000000000371,11.196070671081543,1.1622886657714844,0,10.237936973571777
7392.800000000371,10.437176704406738,0.9738054871559143,0,10.183490753173828
7393.600000000371,10.250353813171387,0.9393622279167175,0,10.12984848022461
7394.400000000372,11.977937698364258,0.9897989630699158,0,10.07919692993164
7395.200000000372,11.498602867126465,1.212235927581787,0,10.036044120788574
7396.000000000372,10.009230613708496,1.3125958442687988,0,9.996269226074219
7396.800000000372,10.263976097106934,1.1942349672317505,0,9.965399742126465
7397.600000000372,10.539166450500488,1.2742371559143066,0,9.947026252746582
7398.4000000003725,9.2642183303833,1.2505741119384766,0,9.943570137023926
7399.200000000373,9.356406211853027,1.3316261768341064,0,9.954511642456055
7400.000000000373,10.286480903625488,1.2602308988571167,0,9.978121757507324
7400.800000000373,9.231985092163086,1.2452712059020996,0,10.010982513427734
7401.600000000373,9.304771423339844,1.2406859397888184,0,10.04919147491455
7402.400000000373,7.961075782775879,0.9126936793327332,0,10.086594581604004
7403.200000000374,9.403637886047363,0.6432645320892334,0,10.122506141662598
7404.000000000374,10.79304027557373,0.744225800037384,0,10.160935401916504
7404.800000000374,10.19961929321289,1.1038594245910645,0,10.190710067749023
7405.600000000374,9.190629959106445,1.239125370979309,0,10.212394714355469
7406.400000000374,11.19788646697998,1.2110118865966797,0,10.230718612670898
7407.2000000003745,10.210761070251465,1.330757975578308,0,10.243230819702148
7408.000000000375,9.847566604614258,1.3712111711502075,0,10.247262954711914
7408.800000000375,10.627758026123047,1.3139344453811646,0,10.242705345153809
7409.600000000375,8.763598442077637,1.309787631034851,0,10.23144245147705
7410.400000000375,10.035255432128906,1.331236720085144,0,10.214461326599121
7411.200000000375,11.419317245483398,1.2637778520584106,0,10.193806648254395
7412.000000000376,9.892197608947754,1.2952028512954712,0,10.172694206237793
7412.800000000376,9.16707992553711,1.323616623878479,0,10.15392780303955
7413.600000000376,8.35599136352539,1.2622921466827393,0,10.139466285705566
7414.400000000376,9.66816520690918,1.3285584449768066,0,10.133015632629395
7415.200000000376,9.09573745727539,1.2327648401260376,0,10.135679244995117
7416.0000000003765,9.768956184387207,1.341368556022644,0,10.145877838134766
7416.800000000377,9.566516876220703,1.3100085258483887,0,10.162681579589844
7417.600000000377,10.295988082885742,1.2890853881835938,0,10.1848726272583
7418.400000000377,13.018709182739258,1.2091273069381714,0,10.209954261779785
7419.200000000377,10.207392692565918,1.2729249000549316,0,10.23587703704834
7420.000000000377,9.816239356994629,1.2249466180801392,0,10.261366844177246
7420.800000000378,8.7794189453125,1.325143575668335,0,10.285249710083008
7421.600000000378,8.982515335083008,1.334762454032898,0,10.306845664978027
7422.400000000378,11.940305709838867,1.1918866634368896,0,10.32514476776123
7423.200000000378,9.698929786682129,1.236153483390808,0,10.340450286865234
7424.000000000378,9.90863037109375,1.328474998474121,0,10.352035522460938
7424.8000000003785,10.415769577026367,1.2597087621688843,0,10.360331535339355
7425.600000000379,10.192373275756836,1.2912968397140503,0,10.36510944366455
7426.400000000379,10.835660934448242,1.2552591562271118,0,10.366337776184082
7427.200000000379,10.041332244873047,1.202689528465271,0,10.364055633544922
7428.000000000379,10.515704154968262,1.2852951288223267,0,10.35803508758545
7428.800000000379,8.749127388000488,1.2887296676635742,0,10.348078727722168
7429.60000000038,9.579193115234375,1.3105814456939697,0,10.335306167602539
7430.40000000038,9.069360733032227,1.1991996765136719,0,10.31894588470459
7431.20000000038,11.443541526794434,1.101015567779541,0,10.298596382141113
7432.00000000038,10.004667282104492,1.119871973991394,0,10.279460906982422
7432.80000000038,10.282685279846191,1.1966768503189087,0,10.257678985595703
7433.6000000003805,11.78714656829834,1.260484218597412,0,10.238096237182617
7434.400000000381,8.683966636657715,1.260740876197815,0,10.219745635986328
7435.200000000381,10.443354606628418,1.2479045391082764,0,10.201801300048828
7436.000000000381,11.193236351013184,1.2863099575042725,0,10.183143615722656
7436.800000000381,9.642740249633789,1.305174708366394,0,10.162949562072754
7437.600000000381,10.922722816467285,1.2169952392578125,0,10.139870643615723
7438.400000000382,10.957784652709961,1.1302833557128906,0,10.117705345153809
7439.200000000382,8.859858512878418,1.004547119140625,0,10.094583511352539
7440.000000000382,11.700323104858398,0.8720389604568481,0,10.064276695251465
7440.800000000382,10.510805130004883,1.0349769592285156,0,10.041848182678223
7441.600000000382,9.835360527038574,1.2347420454025269,0,10.023904800415039
7442.4000000003825,9.65071964263916,1.366442084312439,0,10.01225471496582
7443.200000000383,10.971946716308594,1.3313465118408203,0,10.010640144348145
7444.000000000383,12.245733261108398,1.3005173206329346,0,10.018256187438965
7444.800000000383,9.341686248779297,1.3326828479766846,0,10.03323745727539
7445.600000000383,10.92252254486084,1.3390735387802124,0,10.052955627441406
7446.400000000383,9.960908889770508,1.323360800743103,0,10.074356079101562
7447.200000000384,9.119659423828125,1.2521835565567017,0,10.094266891479492
7448.000000000384,8.869292259216309,1.343948483467102,0,10.110567092895508
7448.800000000384,10.946429252624512,1.2643903493881226,0,10.122007369995117
7449.600000000384,9.834634780883789,1.2573858499526978,0,10.12861442565918
7450.400000000384,9.418286323547363,1.3191863298416138,0,10.131019592285156
7451.2000000003845,9.428664207458496,1.371457815170288,0,10.129645347595215
7452.000000000385,9.743460655212402,1.2878903150558472,0,10.126039505004883
7452.800000000385,10.078437805175781,1.3366364240646362,0,10.121500968933105
7453.600000000385,8.510043144226074,1.2732552289962769,0,10.117486000061035
7454.400000000385,9.532439231872559,1.3004982471466064,0,10.115594863891602
7455.200000000385,9.77871036529541,1.2969081401824951,0,10.116920471191406
7456.000000000386,10.382258415222168,1.2703776359558105,0,10.12185001373291
7456.800000000386,9.271681785583496,1.2911263704299927,0,10.1303129196167
7457.600000000386,8.94451904296875,1.229323148727417,0,10.14165210723877
7458.400000000386,10.874805450439453,1.328582525253296,0,10.154565811157227
7459.200000000386,8.789477348327637,1.1709184646606445,0,10.167811393737793
7460.0000000003865,9.17276668548584,1.2865558862686157,0,10.180411338806152
7460.800000000387,8.798110008239746,1.3281047344207764,0,10.191402435302734
7461.600000000387,8.714218139648438,1.351950764656067,0,10.1996488571167
7462.400000000387,10.273970603942871,1.2794052362442017,0,10.204707145690918
7463.200000000387,10.862751960754395,1.314146637916565,0,10.206690788269043
7464.000000000387,10.454026222229004,1.1620514392852783,0,10.205425262451172
7464.800000000388,9.37609577178955,1.216065526008606,0,10.201849937438965
7465.600000000388,9.314605712890625,1.151299238204956,0,10.196221351623535
7466.400000000388,8.583417892456055,1.1354994773864746,0,10.189350128173828
7467.200000000388,9.614477157592773,1.120463490486145,0,10.182108879089355
7468.000000000388,10.211373329162598,1.086916446685791,0,10.170223236083984
7468.8000000003885,9.919770240783691,1.1146721839904785,0,10.155163764953613
7469.600000000389,10.37285327911377,1.2566728591918945,0,10.13472843170166
7470.400000000389,10.882640838623047,1.2994043827056885,0,10.109053611755371
7471.200000000389,10.684758186340332,1.1250110864639282,0,10.079216957092285
7472.000000000389,10.6505765914917,1.183167815208435,0,10.04465389251709
7472.800000000389,8.734138488769531,1.0701183080673218,0,10.004646301269531
7473.60000000039,11.880159378051758,1.0922716856002808,0,9.96467113494873
7474.40000000039,10.766644477844238,0.9695153832435608,0,9.928573608398438
7475.20000000039,9.988798141479492,0.8587945103645325,0,9.89299488067627
7476.00000000039,10.767073631286621,1.0167980194091797,0,9.865997314453125
7476.80000000039,11.040950775146484,1.1981263160705566,0,9.848167419433594
7477.6000000003905,9.993040084838867,1.2989606857299805,0,9.841158866882324
7478.400000000391,10.695611000061035,1.2923755645751953,0,9.847410202026367
7479.200000000391,11.604345321655273,1.2010149955749512,0,9.863450050354004
7480.000000000391,10.228181838989258,1.0865401029586792,0,9.890504837036133
7480.800000000391,9.80526351928711,0.9262968301773071,0,9.922301292419434
7481.600000000391,9.963057518005371,0.9473633170127869,0,9.958528518676758
7482.400000000392,10.694268226623535,1.1119248867034912,0,9.997861862182617
7483.200000000392,9.10696029663086,1.1300816535949707,0,10.030778884887695
7484.000000000392,11.15596866607666,0.9975038170814514,0,10.061689376831055
7484.800000000392,10.571520805358887,0.7941880822181702,0,10.086936950683594
7485.600000000392,10.084831237792969,0.851343035697937,0,10.106502532958984
7486.4000000003925,10.419405937194824,1.1017122268676758,0,10.113992691040039
7487.200000000393,11.861113548278809,1.165439486503601,0,10.1109619140625
7488.000000000393,9.399845123291016,1.367264986038208,0,10.102150917053223
7488.800000000393,8.775991439819336,1.2855331897735596,0,10.085844039916992
7489.600000000393,10.312701225280762,1.3360447883605957,0,10.064619064331055
7490.400000000393,13.321139335632324,1.2786924839019775,0,10.041587829589844
7491.200000000394,7.882147789001465,1.2137675285339355,0,10.019244194030762
7492.000000000394,9.4177827835083,1.291020393371582,0,9.999283790588379
7492.800000000394,8.877420425415039,1.3195044994354248,0,9.983394622802734
7493.600000000394,9.514739990234375,1.3361787796020508,0,9.977080345153809
7494.400000000394,7.246852397918701,1.1170647144317627,0,9.980026245117188
7495.2000000003945,10.782057762145996,1.0674866437911987,0,9.987693786621094
7496.000000000395,9.286114692687988,1.194390058517456,0,10.001672744750977
7496.800000000395,9.687358856201172,1.2521718740463257,0,10.015460014343262
7497.600000000395,9.461177825927734,1.239230990409851,0,10.032391548156738
7498.400000000395,10.03239917755127,1.246572732925415,0,10.050984382629395
7499.200000000395,9.821739196777344,1.229565978050232,0,10.067246437072754
7500.000000000396,8.278887748718262,1.3405226469039917,0,10.081541061401367
7500.800000000396,9.82430362701416,1.2844667434692383,0,10.092784881591797
7501.600000000396,9.99111270904541,1.266542911529541,0,10.101675033569336
7502.400000000396,9.500764846801758,1.382944107055664,0,10.108695030212402
7503.200000000396,9.269733428955078,1.3065669536590576,0,10.11362075805664
7504.0000000003965,11.018716812133789,1.1271803379058838,0,10.11758804321289
7504.800000000397,9.14244556427002,1.2774099111557007,0,10.120136260986328
7505.600000000397,10.6768217086792,1.321967363357544,0,10.121212005615234
7506.400000000397,10.43132209777832,1.2836960554122925,0,10.120475769042969
7507.200000000397,9.339694023132324,1.2801471948623657,0,10.117024421691895
7508.000000000397,8.821394920349121,1.2331513166427612,0,10.111103057861328
7508.800000000398,9.251372337341309,1.2853463888168335,0,10.102127075195312
7509.600000000398,9.076581954956055,1.2090708017349243,0,10.090741157531738
7510.400000000398,10.33979320526123,1.190032958984375,0,10.077644348144531
7511.200000000398,10.085078239440918,1.156497597694397,0,10.06350326538086
7512.000000000398,8.00560188293457,1.1887043714523315,0,10.049652099609375
7512.8000000003985,10.033225059509277,1.2903742790222168,0,10.036953926086426
7513.600000000399,9.0660400390625,1.2451895475387573,0,10.026124954223633
7514.400000000399,10.101909637451172,1.1035676002502441,0,10.017809867858887
7515.200000000399,10.598092079162598,1.1679679155349731,0,10.011924743652344
7516.000000000399,9.058006286621094,1.2697865962982178,0,10.004919052124023
7516.800000000399,9.38017463684082,1.1670247316360474,0,10.008331298828125
7517.6000000004,10.681008338928223,1.1721831560134888,0,9.99832820892334
7518.4000000004,9.389649391174316,1.1044368743896484,0,10.020275115966797
7519.2000000004,8.512747764587402,1.127911925315857,0,10.022635459899902
7520.0000000004,8.8978853225708,1.2392874956130981,0,9.9326753616333
7520.8000000004,9.609832763671875,1.3772319555282593,0,9.918182373046875
7521.6000000004005,9.432191848754883,1.290752649307251,0,9.961623191833496
7522.400000000401,9.786469459533691,1.251114845275879,0,9.932415008544922
7523.200000000401,9.663840293884277,1.1667351722717285,0,9.902175903320312
7524.000000000401,8.204113960266113,1.0056308507919312,0,9.894881248474121
7524.800000000401,9.980732917785645,0.6739870309829712,0,9.879547119140625
7525.600000000401,9.21080493927002,0.48187705874443054,0,9.831291198730469
7526.400000000402,10.935842514038086,0.6649715304374695,0,9.824869155883789
7527.200000000402,10.441556930541992,1.0453158617019653,0,9.809128761291504
7528.000000000402,8.556870460510254,1.303577184677124,0,9.791333198547363
7528.800000000402,8.683695793151855,1.3635034561157227,0,9.776676177978516
7529.600000000402,9.306487083435059,1.249856948852539,0,9.739627838134766
7530.4000000004025,8.02507495880127,1.1750597953796387,0,9.758111000061035
7531.200000000403,11.146319389343262,1.0381282567977905,0,9.784000396728516
7532.000000000403,8.522249221801758,0.9196524620056152,0,9.778512001037598
7532.800000000403,10.76962947845459,0.963492751121521,0,9.849915504455566
7533.600000000403,7.964358329772949,1.154829740524292,0,9.896289825439453
7534.400000000403,11.38611125946045,1.2429279088974,0,9.862730979919434
7535.200000000404,10.955071449279785,1.2835023403167725,0,9.760939598083496
7536.000000000404,10.992712020874023,1.2787123918533325,0,9.711176872253418
7536.800000000404,11.743465423583984,1.2642924785614014,0,9.75943374633789
7537.600000000404,11.349347114562988,1.238839864730835,0,9.875621795654297
7538.400000000404,11.86679458618164,1.2138460874557495,0,9.968194007873535
7539.2000000004045,9.688223838806152,1.3160043954849243,0,9.984649658203125
7540.000000000405,9.703493118286133,1.359837532043457,0,9.974122047424316
7540.800000000405,10.313993453979492,1.3022676706314087,0,9.933262825012207
7541.600000000405,10.842833518981934,1.2013070583343506,0,9.906116485595703
7542.400000000405,9.473408699035645,1.1761329174041748,0,9.895841598510742
7543.200000000405,11.893062591552734,1.2209001779556274,0,9.880837440490723
7544.000000000406,9.43801212310791,1.3250324726104736,0,9.870559692382812
7544.800000000406,9.577776908874512,1.333500623703003,0,9.88808536529541
7545.600000000406,10.836153984069824,1.316373348236084,0,9.90958309173584
7546.400000000406,9.465253829956055,1.4239883422851562,0,9.922452926635742
7547.200000000406,9.344246864318848,1.2802178859710693,0,9.955757141113281
7548.0000000004065,9.439193725585938,1.3704549074172974,0,10.007668495178223
7548.800000000407,11.003512382507324,1.3585543632507324,0,10.046147346496582
7549.600000000407,12.372201919555664,1.350426435470581,0,10.0641450881958
7550.400000000407,11.776690483093262,1.2825037240982056,0,10.06493854522705
7551.200000000407,12.242913246154785,1.379827618598938,0,10.024203300476074
7552.000000000407,10.318140029907227,1.3564369678497314,0,9.96028995513916
7552.800000000408,11.157177925109863,1.2724878787994385,0,9.992652893066406
7553.600000000408,11.231168746948242,1.2894136905670166,0,10.070280075073242
7554.400000000408,10.910260200500488,1.3410768508911133,0,10.11269760131836
7555.200000000408,12.081113815307617,1.3847403526306152,0,10.127840995788574
7556.000000000408,10.345633506774902,1.356166124343872,0,10.099922180175781
7556.8000000004085,10.642110824584961,1.3178398609161377,0,10.05726146697998
7557.600000000409,10.544046401977539,1.3307262659072876,0,10.007009506225586
7558.400000000409,8.082860946655273,1.1173804998397827,0,9.987935066223145
7559.200000000409,11.433189392089844,0.9853044748306274,0,9.964259147644043
7560.000000000409,9.313794136047363,1.2286708354949951,0,9.938331604003906
7560.800000000409,8.702210426330566,1.3050947189331055,0,9.953055381774902
7561.60000000041,10.06502914428711,1.3373076915740967,0,9.915400505065918
7562.40000000041,8.324227333068848,1.4707658290863037,0,9.890050888061523
7563.20000000041,9.196473121643066,1.42362642288208,0,9.901275634765625
7564.00000000041,8.861522674560547,1.5578430891036987,0,9.86726188659668
7564.80000000041,9.131155967712402,1.440364122390747,0,9.861590385437012
7565.600000000411,9.145855903625488,1.4634935855865479,0,9.858909606933594
7566.400000000411,9.058065414428711,1.4506251811981201,0,9.864194869995117
7567.200000000411,10.097930908203125,1.3661224842071533,0,9.840234756469727
7568.000000000411,10.340054512023926,1.4179692268371582,0,9.818580627441406
7568.800000000411,10.279343605041504,1.375488519668579,0,9.836978912353516
7569.6000000004115,9.015554428100586,1.3979573249816895,0,9.81413745880127
7570.400000000412,8.659964561462402,1.380664587020874,0,9.792610168457031
7571.200000000412,9.507301330566406,1.361315131187439,0,9.80931568145752
7572.000000000412,10.306550025939941,1.0072007179260254,0,9.79816722869873
7572.800000000412,9.459049224853516,0.8152301907539368,0,9.751982688903809
7573.600000000412,8.902914047241211,0.6290451288223267,0,9.767725944519043
7574.400000000413,10.590417861938477,0.9538085460662842,0,9.798993110656738
7575.200000000413,9.081517219543457,1.2916247844696045,0,9.782901763916016
7576.000000000413,10.663959503173828,1.326890230178833,0,9.787915229797363
7576.800000000413,9.846144676208496,1.441819667816162,0,9.799330711364746
7577.600000000413,9.911840438842773,1.3376171588897705,0,9.83668327331543
7578.4000000004135,10.006669044494629,1.4534294605255127,0,9.87644100189209
7579.200000000414,9.023072242736816,1.4335498809814453,0,9.875699043273926
7580.000000000414,10.106210708618164,1.4327985048294067,0,9.886977195739746
7580.800000000414,8.834656715393066,1.441209077835083,0,9.936002731323242
7581.600000000414,11.362946510314941,1.466666340827942,0,9.96998119354248
7582.400000000414,10.875937461853027,1.4218918085098267,0,9.963468551635742
7583.200000000415,10.42978286743164,1.4277863502502441,0,9.954108238220215
7584.000000000415,10.78017520904541,1.5594730377197266,0,9.957685470581055
7584.800000000415,10.954606056213379,1.4599709510803223,0,9.962969779968262
7585.600000000415,10.88431167602539,1.4565186500549316,0,9.94133186340332
7586.400000000415,11.565311431884766,1.3424835205078125,0,9.910224914550781
7587.2000000004155,8.033284187316895,1.1288031339645386,0,9.882427215576172
7588.000000000416,9.646844863891602,1.072418212890625,0,9.840032577514648
7588.800000000416,8.987518310546875,1.247802972793579,0,9.816752433776855
7589.600000000416,10.071388244628906,1.463087558746338,0,9.776225090026855
7590.400000000416,10.121908187866211,1.5899758338928223,0,9.7527437210083
7591.200000000416,10.66882038116455,1.7050422430038452,0,9.751044273376465
7592.000000000417,9.292322158813477,1.5605792999267578,0,9.71671199798584
7592.800000000417,9.297833442687988,1.5174633264541626,0,9.686738014221191
7593.600000000417,9.008927345275879,1.5319852828979492,0,9.723660469055176
7594.400000000417,8.712139129638672,1.4632289409637451,0,9.746204376220703
7595.200000000417,11.265999794006348,1.054030179977417,0,9.73934268951416
7596.0000000004175,12.921048164367676,0.5760893821716309,0,9.760908126831055
7596.800000000418,9.242135047912598,0.4004741609096527,0,9.812379837036133
7597.600000000418,8.799906730651855,0.2960904836654663,0,9.805398941040039
7598.400000000418,10.042448997497559,0.31585854291915894,0,9.838659286499023
7599.200000000418,8.60395622253418,0.28288722038269043,0,9.89025592803955
7600.000000000418,4.460341453552246,0.23087084293365479,0,9.904152870178223
7600.800000000419,8.914949417114258,0.1914539337158203,0,10.013789176940918
7601.600000000419,8.062101364135742,0.18476304411888123,0,9.983169555664062
7602.400000000419,16.112857818603516,0.17940938472747803,0,9.938050270080566
7603.200000000419,8.875887870788574,0.14149430394172668,0,10.064119338989258
7604.000000000419,6.827856540679932,0.13246013224124908,0,10.058942794799805
7604.8000000004195,10.845101356506348,0.14230239391326904,0,10.063580513000488
7605.60000000042,14.395294189453125,0.10926714539527893,0,10.009040832519531
7606.40000000042,11.032951354980469,0.1368110477924347,0,9.981002807617188
7607.20000000042,11.120421409606934,0.13163913786411285,0,10.051803588867188
7608.00000000042,4.139242172241211,0.1419098824262619,0,9.985174179077148
7608.80000000042,7.017666339874268,0.16925528645515442,0,9.944121360778809
7609.600000000421,12.024904251098633,0.20030896365642548,0,9.973855018615723
7610.400000000421,8.479769706726074,0.2294865846633911,0,9.926511764526367
7611.200000000421,11.234009742736816,0.17223991453647614,0,9.855901718139648
7612.000000000421,11.873419761657715,0.2576712369918823,0,9.851150512695312
7612.800000000421,10.12535572052002,0.41680678725242615,0,9.849419593811035
7613.6000000004215,8.169143676757812,0.3030601143836975,0,9.800090789794922
7614.400000000422,10.334098815917969,0.34703394770622253,0,9.74803638458252
7615.200000000422,9.470931053161621,0.6243374943733215,0,9.794465065002441
7616.000000000422,11.70836353302002,0.7246756553649902,0,9.85595703125
7616.800000000422,11.915597915649414,0.5819735527038574,0,9.776555061340332
7617.600000000422,9.293723106384277,0.7453845739364624,0,9.749117851257324
7618.400000000423,11.858953475952148,1.1199023723602295,0,9.788738250732422
7619.200000000423,8.185164451599121,1.5102077722549438,0,9.872367858886719
7620.000000000423,10.489928245544434,1.8274571895599365,0,9.80737018585205
7620.800000000023,10.085428237915039,1.1717714071273804,0,9.79052448272705
7621.600000000023,7.748178958892822,1.0731756687164307,0,9.702239036560059
7622.400000000023,7.743685722351074,0.7557998895645142,0,9.777584075927734
7623.2000000000235,11.162007331848145,0.7858303189277649,0,9.749788284301758
7624.000000000024,10.907846450805664,0.875820517539978,0,9.758256912231445
7624.800000000024,11.554630279541016,0.4824579954147339,0,9.744527816772461
7625.600000000024,9.03786563873291,0.37856560945510864,0,9.73705768585205
7626.400000000024,10.765847206115723,0.47178274393081665,0,9.733756065368652
7627.200000000024,7.307490348815918,0.9344531297683716,0,9.730171203613281
7628.000000000025,10.017434120178223,0.6606855392456055,0,9.727083206176758
7628.800000000025,12.728181838989258,0.22196701169013977,0,9.725776672363281
7629.600000000025,13.106708526611328,0.1946548968553543,0,9.728755950927734
7630.400000000025,12.239702224731445,0.3954453766345978,0,9.727438926696777
7631.200000000025,9.5576753616333,0.824664831161499,0,9.735727310180664
7632.0000000000255,9.235248565673828,0.6539285182952881,0,9.74213695526123
7632.800000000026,11.634485244750977,0.27340564131736755,0,9.737069129943848
7633.600000000026,11.013032913208008,0.3039604127407074,0,9.739381790161133
7634.400000000026,9.556940078735352,0.7780773639678955,0,9.740274429321289
7635.200000000026,10.347848892211914,1.2707278728485107,0,9.741257667541504
7636.000000000026,10.307923316955566,1.014816164970398,0,9.74645709991455
7636.800000000027,10.397194862365723,0.43747028708457947,0,9.750998497009277
7637.600000000027,10.881567001342773,0.26287776231765747,0,9.756009101867676
7638.400000000027,12.162644386291504,0.785813570022583,0,9.764647483825684
7639.200000000027,9.432051658630371,1.4234254360198975,0,9.772798538208008
7640.000000000027,8.185493469238281,1.4498428106307983,0,9.78125
7640.8000000000275,10.222577095031738,0.6296250224113464,0,9.7933349609375
7641.600000000028,10.582141876220703,0.3743698298931122,0,9.799695014953613
7642.400000000028,12.220431327819824,0.4562681019306183,0,9.808786392211914
7643.200000000028,9.803404808044434,1.3019020557403564,0,9.815080642700195
7644.000000000028,9.981552124023438,1.7934733629226685,0,9.81489372253418
7644.800000000028,11.166723251342773,1.3665783405303955,0,9.818922996520996
7645.600000000029,9.710716247558594,0.7523438930511475,0,9.82229995727539
7646.400000000029,9.880390167236328,0.43671631813049316,0,9.822810173034668
7647.200000000029,9.822097778320312,0.7130475640296936,0,9.82613754272461
7648.000000000029,10.00227165222168,1.4767297506332397,0,9.830548286437988
7648.800000000029,9.096501350402832,1.7756720781326294,0,9.834178924560547
7649.6000000000295,9.597743034362793,1.5322409868240356,0,9.841534614562988
7650.40000000003,10.9473237991333,0.8533468246459961,0,9.849968910217285
7651.20000000003,10.938592910766602,0.5529542565345764,0,9.857714653015137
7652.00000000003,7.5790557861328125,0.8780994415283203,0,9.869443893432617
7652.80000000003,10.6615629196167,1.4239319562911987,0,9.88029956817627
7653.60000000003,9.473278999328613,1.858249306678772,0,9.889448165893555
7654.400000000031,9.495447158813477,1.5388391017913818,0,9.901927947998047
7655.200000000031,10.216362953186035,1.01632821559906,0,9.913765907287598
7656.000000000031,10.887483596801758,0.7035147547721863,0,9.92667007446289
7656.800000000031,11.11290454864502,0.9049784541130066,0,9.933625221252441
7657.600000000031,11.255914688110352,1.4445019960403442,0,9.93741512298584
7658.4000000000315,10.808980941772461,1.8967609405517578,0,9.940210342407227
7659.200000000032,10.412965774536133,1.9374750852584839,0,9.939505577087402
7660.000000000032,8.33737850189209,1.858972430229187,0,9.93857479095459
7660.800000000032,8.513273239135742,1.184585452079773,0,9.937355041503906
7661.600000000032,10.328531265258789,0.9820665717124939,0,9.937830924987793
7662.400000000032,9.911526679992676,1.043815016746521,0,9.942623138427734
7663.200000000033,10.27344036102295,1.449171781539917,0,9.941447257995605
7664.000000000033,8.660743713378906,1.3797699213027954,0,9.941306114196777
7664.800000000033,10.206642150878906,1.3580766916275024,0,9.947474479675293
7665.600000000033,8.85439682006836,1.4938148260116577,0,9.953412055969238
7666.400000000033,8.858914375305176,1.1922543048858643,0,9.958675384521484
7667.2000000000335,10.075000762939453,1.1174278259277344,0,9.960627555847168
7668.000000000034,10.343875885009766,1.3559658527374268,0,9.959256172180176
7668.800000000034,10.638912200927734,1.6486904621124268,0,9.953240394592285
7669.600000000034,11.362076759338379,1.7399084568023682,0,9.942450523376465
7670.400000000034,9.802120208740234,1.7518075704574585,0,9.927335739135742
7671.200000000034,9.782537460327148,1.6285935640335083,0,9.907975196838379
7672.000000000035,8.712667465209961,1.435578465461731,0,9.882183074951172
7672.800000000035,9.7785005569458,1.154636263847351,0,9.851978302001953
7673.600000000035,10.29527759552002,1.3424423933029175,0,9.821625709533691
7674.400000000035,9.51272964477539,1.6522830724716187,0,9.791168212890625
7675.200000000035,9.960607528686523,1.7961845397949219,0,9.763555526733398
7676.0000000000355,10.109251976013184,1.7941254377365112,0,9.743124961853027
7676.800000000036,10.388339042663574,1.7690870761871338,0,9.73242473602295
7677.600000000036,8.962530136108398,1.619056224822998,0,9.731873512268066
7678.400000000036,9.482964515686035,1.434449553489685,0,9.738737106323242
7679.200000000036,9.921724319458008,1.485316276550293,0,9.752756118774414
7680.000000000036,8.89574146270752,1.7246626615524292,0,9.772730827331543
7680.800000000037,9.227181434631348,1.78872549533844,0,9.793291091918945
7681.600000000037,10.667163848876953,1.7213510274887085,0,9.81238079071045
7682.400000000037,10.240290641784668,1.757055401802063,0,9.828033447265625
7683.200000000037,8.953041076660156,1.7132567167282104,0,9.840510368347168
7684.000000000037,10.911116600036621,1.6913905143737793,0,9.847929000854492
7684.8000000000375,9.52074146270752,1.4108824729919434,0,9.84726619720459
7685.600000000038,9.047513008117676,1.477136254310608,0,9.842628479003906
7686.400000000038,10.0220308303833,1.67716383934021,0,9.832928657531738
7687.200000000038,8.608564376831055,1.5264761447906494,0,9.818859100341797
7688.000000000038,8.814520835876465,1.6090502738952637,0,9.80180835723877
7688.800000000038,10.403488159179688,1.6422373056411743,0,9.782246589660645
7689.600000000039,10.726922988891602,1.591498613357544,0,9.763345718383789
7690.400000000039,9.405675888061523,1.5378235578536987,0,9.744914054870605
7691.200000000039,9.886850357055664,1.4522103071212769,0,9.727729797363281
7692.000000000039,11.275845527648926,1.5066561698913574,0,9.715055465698242
7692.800000000039,11.511852264404297,1.5167245864868164,0,9.706658363342285
7693.6000000000395,7.595584392547607,1.6669408082962036,0,9.704314231872559
7694.40000000004,8.878777503967285,1.5255565643310547,0,9.707952499389648
7695.20000000004,10.21260929107666,1.7003298997879028,0,9.716135025024414
7696.00000000004,8.61286449432373,1.8134936094284058,0,9.729418754577637
7696.80000000004,9.810795783996582,1.8334102630615234,0,9.744925498962402
7697.60000000004,10.820483207702637,1.6160495281219482,0,9.762481689453125
7698.400000000041,9.136194229125977,1.5739537477493286,0,9.783690452575684
7699.200000000041,10.564413070678711,1.52574622631073,0,9.809722900390625
7700.000000000041,9.411754608154297,1.5356465578079224,0,9.835210800170898
7700.800000000041,10.967247009277344,1.5529146194458008,0,9.858592987060547
7701.600000000041,10.22256088256836,1.460031270980835,0,9.886253356933594
7702.4000000000415,9.051918029785156,1.5641802549362183,0,9.912397384643555
7703.200000000042,10.407577514648438,1.599111557006836,0,9.933513641357422
7704.000000000042,9.618765830993652,1.7465332746505737,0,9.950904846191406
7704.800000000042,11.852648735046387,1.6826361417770386,0,9.964513778686523
7705.600000000042,7.827924728393555,1.7208218574523926,0,9.97386646270752
7706.400000000042,10.051148414611816,1.6522327661514282,0,9.978466987609863
7707.200000000043,10.451587677001953,1.8757202625274658,0,9.97801399230957
7708.000000000043,13.158686637878418,1.681372880935669,0,9.973465919494629
7708.800000000043,10.900871276855469,1.6816933155059814,0,9.967781066894531
7709.600000000043,10.192214012145996,1.790598750114441,0,9.960091590881348
7710.400000000043,10.527152061462402,1.8446930646896362,0,9.951457977294922
7711.2000000000435,11.682930946350098,1.6770015954971313,0,9.942489624023438
7712.000000000044,9.354151725769043,1.5840392112731934,0,9.936163902282715
7712.800000000044,10.313241958618164,0.8628725409507751,0,9.93264102935791
7713.600000000044,9.372883796691895,0.6602069735527039,0,9.923558235168457
7714.400000000044,12.311833381652832,0.5698879957199097,0,9.918028831481934
7715.200000000044,11.246651649475098,0.7104824781417847,0,9.91984748840332
7716.000000000045,8.433229446411133,1.1094573736190796,0,9.917048454284668
7716.800000000045,10.431036949157715,0.932235062122345,0,9.91281795501709
7717.600000000045,10.39174747467041,0.7218224406242371,0,9.90117073059082
7718.400000000045,11.762277603149414,0.5484179854393005,0,9.887958526611328
7719.200000000045,9.37589168548584,0.590985894203186,0,9.875144958496094
7720.0000000000455,9.790095329284668,0.9725056290626526,0,9.869102478027344
7720.800000000046,10.141172409057617,1.450228214263916,0,9.862972259521484
7721.600000000046,10.307586669921875,1.6015175580978394,0,9.855859756469727
7722.400000000046,9.346004486083984,1.6950182914733887,0,9.85518741607666
7723.200000000046,9.151211738586426,1.7484270334243774,0,9.85939884185791
7724.000000000046,9.294370651245117,1.7166905403137207,0,9.870343208312988
7724.800000000047,11.492419242858887,1.5153001546859741,0,9.886738777160645
7725.600000000047,10.665447235107422,1.3915064334869385,0,9.90503978729248
7726.400000000047,10.10779857635498,1.3528711795806885,0,9.925390243530273
7727.200000000047,11.962122917175293,1.3034319877624512,0,9.94638729095459
7728.000000000047,10.503335952758789,1.2738908529281616,0,9.969622611999512
7728.8000000000475,7.407639026641846,1.3403986692428589,0,9.991984367370605
7729.600000000048,10.0928955078125,1.5047776699066162,0,10.00717544555664
7730.400000000048,10.792810440063477,1.708460807800293,0,10.021578788757324
7731.200000000048,9.36760139465332,1.6526069641113281,0,10.033598899841309
7732.000000000048,10.506888389587402,1.7544395923614502,0,10.042862892150879
7732.800000000048,10.059155464172363,1.8080072402954102,0,10.049320220947266
7733.600000000049,9.580733299255371,1.8117982149124146,0,10.053540229797363
7734.400000000049,10.699522018432617,1.7018425464630127,0,10.05615520477295
7735.200000000049,10.00719928741455,1.7314411401748657,0,10.058341026306152
7736.000000000049,10.288415908813477,1.6120901107788086,0,10.058500289916992
7736.800000000049,10.281177520751953,1.4635310173034668,0,10.058794975280762
7737.6000000000495,8.696587562561035,1.6824663877487183,0,10.059797286987305
7738.40000000005,9.289377212524414,1.6824899911880493,0,10.060917854309082
7739.20000000005,10.187140464782715,1.7393418550491333,0,10.061830520629883
7740.00000000005,12.455069541931152,1.6648814678192139,0,10.062142372131348
7740.80000000005,10.014729499816895,1.720784306526184,0,10.062703132629395
7741.60000000005,9.266087532043457,1.7173360586166382,0,10.061793327331543
7742.400000000051,11.30184555053711,1.7071168422698975,0,10.060171127319336
7743.200000000051,9.700984001159668,1.6628719568252563,0,10.057515144348145
7744.000000000051,11.084415435791016,1.6799299716949463,0,10.053512573242188
7744.800000000051,11.626123428344727,1.8346846103668213,0,10.046217918395996
7745.600000000051,9.751893997192383,1.9415119886398315,0,10.036256790161133
7746.4000000000515,10.686209678649902,1.8512120246887207,0,10.025094032287598
7747.200000000052,9.551621437072754,1.7105530500411987,0,10.014100074768066
7748.000000000052,10.723960876464844,1.836974024772644,0,10.00344467163086
7748.800000000052,10.254899024963379,1.7993606328964233,0,9.992831230163574
7749.600000000052,11.71011734008789,1.6489883661270142,0,9.986035346984863
7750.400000000052,10.359768867492676,1.1803297996520996,0,9.980520248413086
7751.200000000053,11.110978126525879,0.5538676977157593,0,9.970794677734375
7752.000000000053,12.051750183105469,0.40159872174263,0,9.962376594543457
7752.800000000053,9.585613250732422,0.4330895245075226,0,9.958305358886719
7753.600000000053,9.862829208374023,0.7645120620727539,0,9.959351539611816
7754.400000000053,9.372259140014648,1.6007747650146484,0,9.95064640045166
7755.2000000000535,10.57784652709961,1.890702724456787,0,9.938262939453125
7756.000000000054,10.314376831054688,1.8029415607452393,0,9.926258087158203
7756.800000000054,8.70450496673584,1.8280093669891357,0,9.913496017456055
7757.600000000054,10.539436340332031,1.775504231452942,0,9.903311729431152
7758.400000000054,10.15184497833252,1.766019344329834,0,9.896218299865723
7759.200000000054,8.698529243469238,1.8469737768173218,0,9.894804000854492
7760.000000000055,9.21141242980957,1.5473967790603638,0,9.897378921508789
7760.800000000055,10.627731323242188,1.286575198173523,0,9.904019355773926
7761.600000000055,9.900050163269043,0.8716408610343933,0,9.911316871643066
7762.400000000055,10.72743034362793,1.1780301332473755,0,9.9280366897583
7763.200000000055,10.819413185119629,1.495431900024414,0,9.939117431640625
7764.0000000000555,9.684914588928223,1.8393906354904175,0,9.942972183227539
7764.800000000056,9.164105415344238,1.854659914970398,0,9.944911003112793
7765.600000000056,11.2427339553833,1.9364759922027588,0,9.94150161743164
7766.400000000056,9.202885627746582,1.9265516996383667,0,9.932601928710938
7767.200000000056,9.519376754760742,1.9359742403030396,0,9.91952896118164
7768.000000000056,9.499868392944336,1.8503334522247314,0,9.905264854431152
7768.800000000057,9.83755111694336,1.8939889669418335,0,9.891742706298828
7769.600000000057,9.995010375976562,1.8424384593963623,0,9.881163597106934
7770.400000000057,10.386749267578125,1.7512590885162354,0,9.875067710876465
7771.200000000057,9.060782432556152,1.8287748098373413,0,9.874276161193848
7772.000000000057,9.62639045715332,1.9586975574493408,0,9.878334045410156
7772.8000000000575,10.120957374572754,1.6324825286865234,0,9.885143280029297
7773.600000000058,9.854254722595215,1.6437476873397827,0,9.892539978027344
7774.400000000058,9.927270889282227,1.453976035118103,0,9.897974014282227
7775.200000000058,10.263940811157227,1.2667315006256104,0,9.899845123291016
7776.000000000058,10.748592376708984,1.3682861328125,0,9.903480529785156
7776.800000000058,9.719663619995117,1.6494722366333008,0,9.902023315429688
7777.600000000059,9.027189254760742,1.6910109519958496,0,9.899896621704102
7778.400000000059,9.863088607788086,1.8370096683502197,0,9.898751258850098
7779.200000000059,9.817066192626953,1.855088710784912,0,9.898030281066895
7780.000000000059,9.820472717285156,1.7608565092086792,0,9.899392127990723
7780.800000000059,10.749812126159668,1.3522312641143799,0,9.903358459472656
7781.6000000000595,10.241390228271484,1.184977412223816,0,9.907796859741211
7782.40000000006,9.885848999023438,1.134898066520691,0,9.913545608520508
7783.20000000006,9.80219554901123,1.4072282314300537,0,9.925085067749023
7784.00000000006,10.398402214050293,1.8172266483306885,0,9.930910110473633
7784.80000000006,8.264086723327637,2.044579267501831,0,9.932677268981934
7785.60000000006,8.456111907958984,2.2052323818206787,0,9.936291694641113
7786.400000000061,9.080831527709961,1.994567632675171,0,9.927240371704102
7787.200000000061,9.994756698608398,1.8913226127624512,0,9.92386531829834
7788.000000000061,9.781256675720215,1.8316619396209717,0,9.9238920211792
7788.800000000061,8.112662315368652,1.949679970741272,0,9.862188339233398
7789.600000000061,8.876374244689941,2.003788948059082,0,10.004301071166992
7790.4000000000615,9.36612319946289,2.1182475090026855,0,9.575190544128418
7791.200000000062,9.219135284423828,1.4031060934066772,0,10.386188507080078
7792.000000000062,19.040369033813477,0.028014179319143295,0,11.893075942993164
7792.800000000062,11.094963073730469,0.02735040709376335,0,12.510126113891602
7793.600000000062,9.404824256896973,1.087878942489624,0,11.013774871826172
7794.400000000062,5.827041149139404,0.770820677280426,0,9.678190231323242
7795.200000000063,9.229836463928223,0.4068736135959625,0,10.021811485290527
7796.000000000063,8.90402603149414,0.49296441674232483,0,9.79343318939209
7796.800000000063,10.66756820678711,0.4209434986114502,0,9.874895095825195
7797.600000000063,9.515202522277832,1.4892395734786987,0,9.866544723510742
7798.400000000063,9.044979095458984,1.9309251308441162,0,9.863301277160645
7799.2000000000635,9.929143905639648,1.883405327796936,0,9.8728609085083
7800.000000000064,8.828907012939453,1.9959853887557983,0,9.873263359069824
7800.800000000064,10.836490631103516,1.9130483865737915,0,9.881876945495605
7801.600000000064,8.817197799682617,1.9662045240402222,0,9.889771461486816
7802.400000000064,9.628506660461426,1.8903772830963135,0,9.901164054870605
7803.200000000064,12.401579856872559,1.7723277807235718,0,9.914649963378906
7804.000000000065,10.508997917175293,1.996691107749939,0,9.928556442260742
7804.800000000065,11.747519493103027,1.8281127214431763,0,9.94398021697998
7805.600000000065,10.437199592590332,1.7396596670150757,0,9.958914756774902
7806.400000000065,9.890604019165039,1.7533124685287476,0,9.973673820495605
7807.200000000065,10.742454528808594,1.8940038681030273,0,9.986875534057617
7808.0000000000655,9.139791488647461,1.8501369953155518,0,9.997157096862793
7808.800000000066,8.919351577758789,1.4018577337265015,0,10.005411148071289
7809.600000000066,10.124337196350098,1.2018613815307617,0,10.012845993041992
7810.400000000066,9.30368423461914,0.9679398536682129,0,10.016436576843262
7811.200000000066,10.106990814208984,1.2683250904083252,0,10.026863098144531
7812.000000000066,10.170805931091309,1.5557301044464111,0,10.028080940246582
7812.800000000067,9.509626388549805,1.8361880779266357,0,10.029485702514648
7813.600000000067,10.525031089782715,1.6430472135543823,0,10.028889656066895
7814.400000000067,11.087017059326172,1.7650525569915771,0,10.026506423950195
7815.200000000067,9.718969345092773,1.77186119556427,0,10.023516654968262
7816.000000000067,10.380292892456055,1.7894903421401978,0,10.019660949707031
7816.8000000000675,9.433008193969727,1.8562532663345337,0,10.014188766479492
7817.600000000068,9.077651023864746,1.8718534708023071,0,10.007713317871094
7818.400000000068,9.12983512878418,1.855852723121643,0,10.000166893005371
7819.200000000068,9.535030364990234,1.8806731700897217,0,9.991488456726074
7820.000000000068,9.017409324645996,1.8905858993530273,0,9.979044914245605
7820.800000000068,9.972378730773926,1.712735891342163,0,9.964520454406738
7821.600000000069,11.110342979431152,1.0638837814331055,0,9.950149536132812
7822.400000000069,10.491226196289062,0.4903258681297302,0,9.927318572998047
7823.200000000069,10.135315895080566,0.45879197120666504,0,9.899883270263672
7824.000000000069,10.541654586791992,0.5178231000900269,0,9.878703117370605
7824.800000000069,10.27297306060791,1.33122980594635,0,9.856513023376465
7825.6000000000695,11.160955429077148,1.8262168169021606,0,9.822787284851074
7826.40000000007,9.945307731628418,1.880360722541809,0,9.787762641906738
7827.20000000007,12.130897521972656,1.7808325290679932,0,9.752094268798828
7828.00000000007,10.248559951782227,2.0069687366485596,0,9.71847152709961
7828.80000000007,9.430788040161133,1.9533326625823975,0,9.691561698913574
7829.60000000007,11.437858581542969,1.7323049306869507,0,9.67463207244873
7830.400000000071,9.699508666992188,1.946586012840271,0,9.670029640197754
7831.200000000071,10.188307762145996,1.9005390405654907,0,9.680286407470703
7832.000000000071,9.684207916259766,1.9972647428512573,0,9.701641082763672
7832.800000000071,10.190150260925293,1.893634557723999,0,9.733036041259766
7833.600000000071,9.969260215759277,1.9376834630966187,0,9.772400856018066
7834.4000000000715,9.035795211791992,1.8261656761169434,0,9.826051712036133
7835.200000000072,10.013365745544434,1.8223602771759033,0,9.872335433959961
7836.000000000072,11.627713203430176,1.6872113943099976,0,9.90095043182373
7836.800000000072,9.937772750854492,1.8676540851593018,0,9.932380676269531
7837.600000000072,9.06825065612793,1.903135061264038,0,9.9540433883667
7838.400000000072,11.925898551940918,1.8295832872390747,0,9.975019454956055
7839.200000000073,10.316582679748535,1.9337228536605835,0,9.978073120117188
7840.000000000073,9.839720726013184,1.939052700996399,0,9.97585391998291
7840.800000000073,10.312207221984863,1.8999723196029663,0,9.972010612487793
7841.600000000073,9.881219863891602,1.5397233963012695,0,9.968757629394531
7842.400000000073,10.0843505859375,1.1828476190567017,0,9.959925651550293
7843.2000000000735,8.741877555847168,1.1385743618011475,0,9.949942588806152
7844.000000000074,9.044778823852539,1.5436421632766724,0,9.945271492004395
7844.800000000074,8.630817413330078,1.8820648193359375,0,9.938140869140625
7845.600000000074,9.346687316894531,1.9550970792770386,0,9.927050590515137
7846.400000000074,10.247554779052734,2.015639066696167,0,9.916497230529785
7847.200000000074,9.452908515930176,2.1104884147644043,0,9.903425216674805
7848.000000000075,9.520642280578613,2.077968120574951,0,9.887129783630371
7848.800000000075,11.080341339111328,1.88717782497406,0,9.869839668273926
7849.600000000075,9.517853736877441,1.8115344047546387,0,9.852142333984375
7850.400000000075,10.452672004699707,1.7068164348602295,0,9.831501960754395
7851.200000000075,10.179821968078613,1.6063640117645264,0,9.810712814331055
7852.0000000000755,9.272317886352539,1.5781949758529663,0,9.789674758911133
7852.800000000076,11.362692832946777,1.42132568359375,0,9.77145004272461
7853.600000000076,11.371378898620605,0.8648692965507507,0,9.756153106689453
7854.400000000076,11.194941520690918,0.512130081653595,0,9.734668731689453
7855.200000000076,10.377792358398438,0.5414271354675293,0,9.716619491577148
7856.000000000076,10.784247398376465,0.5397375226020813,0,9.712004661560059
7856.800000000077,8.567657470703125,1.4123340845108032,0,9.707630157470703
7857.600000000077,7.689646244049072,2.034099817276001,0,9.701614379882812
7858.400000000077,12.010360717773438,1.8810384273529053,0,9.698958396911621
7859.200000000077,10.572284698486328,1.5641727447509766,0,9.69668960571289
7860.000000000077,8.819645881652832,1.5938390493392944,0,9.69533920288086
7860.8000000000775,10.449729919433594,1.344014286994934,0,9.696866035461426
7861.600000000078,9.933650016784668,0.7487277984619141,0,9.70009708404541
7862.400000000078,8.860383987426758,0.8284245133399963,0,9.705399513244629
7863.200000000078,10.180499076843262,0.724796712398529,0,9.715951919555664
7864.000000000078,9.233030319213867,1.5960692167282104,0,9.72566032409668
7864.800000000078,10.07209300994873,2.092787742614746,0,9.731596946716309
7865.600000000079,9.221384048461914,2.0562710762023926,0,9.736185073852539
7866.400000000079,8.862653732299805,1.9813560247421265,0,9.739106178283691
7867.200000000079,9.79072380065918,2.113898515701294,0,9.740043640136719
7868.000000000079,10.367255210876465,1.7525583505630493,0,9.740796089172363
7868.800000000079,11.197226524353027,1.4624814987182617,0,9.737228393554688
7869.6000000000795,10.053791046142578,1.395460844039917,0,9.730834007263184
7870.40000000008,9.601752281188965,1.5090575218200684,0,9.724630355834961
7871.20000000008,9.843498229980469,0.8834500908851624,0,9.719117164611816
7872.00000000008,9.55483341217041,0.6687707901000977,0,9.71677017211914
7872.80000000008,9.644269943237305,0.6867771148681641,0,9.717063903808594
7873.60000000008,9.662337303161621,0.8133285045623779,0,9.731317520141602
7874.400000000081,9.901844024658203,1.8138014078140259,0,9.739517211914062
7875.200000000081,8.756945610046387,2.1195924282073975,0,9.743938446044922
7876.000000000081,9.266181945800781,2.210789918899536,0,9.752558708190918
7876.800000000081,10.292098045349121,2.097752571105957,0,9.756814956665039
7877.600000000081,10.778223991394043,2.112046241760254,0,9.755105972290039
7878.4000000000815,10.045770645141602,1.8897467851638794,0,9.748320579528809
7879.200000000082,9.317350387573242,1.7241532802581787,0,9.73873233795166
7880.000000000082,9.627119064331055,1.3092149496078491,0,9.722949028015137
7880.800000000082,9.428010940551758,1.3742892742156982,0,9.710350036621094
7881.600000000082,9.034663200378418,1.551721453666687,0,9.70154857635498
7882.400000000082,10.69970989227295,1.3384294509887695,0,9.696892738342285
7883.200000000083,9.128621101379395,1.3359498977661133,0,9.694314956665039
7884.000000000083,9.830488204956055,1.374536156654358,0,9.696186065673828
7884.800000000083,9.625171661376953,1.791359305381775,0,9.70167350769043
7885.600000000083,8.264166831970215,2.025660991668701,0,9.709123611450195
7886.400000000083,9.681673049926758,1.9390509128570557,0,9.720937728881836
7887.2000000000835,10.352702140808105,1.8511098623275757,0,9.735920906066895
7888.000000000084,11.383925437927246,1.8246411085128784,0,9.753192901611328
7888.800000000084,10.062495231628418,1.7777544260025024,0,9.772550582885742
7889.600000000084,8.873161315917969,1.704565405845642,0,9.792464256286621
7890.400000000084,11.343039512634277,1.2569478750228882,0,9.811131477355957
7891.200000000084,9.678502082824707,0.9095326662063599,0,9.827354431152344
7892.000000000085,12.983854293823242,0.8141553997993469,0,9.844806671142578
7892.800000000085,8.813605308532715,1.2830663919448853,0,9.863858222961426
7893.600000000085,9.358240127563477,1.7202130556106567,0,9.874485969543457
7894.400000000085,11.133965492248535,1.7642900943756104,0,9.881990432739258
7895.200000000085,9.267443656921387,1.9076002836227417,0,9.89153003692627
7896.0000000000855,10.93979549407959,1.8829224109649658,0,9.901653289794922
7896.800000000086,9.863931655883789,1.9916666746139526,0,9.914017677307129
7897.600000000086,10.3717679977417,1.8008018732070923,0,9.931194305419922
7898.400000000086,8.387578010559082,2.1182920932769775,0,9.954257011413574
7899.200000000086,10.5039644241333,1.8905829191207886,0,9.98226261138916
7900.000000000086,9.090437889099121,1.9424978494644165,0,10.012655258178711
7900.800000000087,9.429708480834961,1.9997299909591675,0,10.043335914611816
7901.600000000087,9.44066333770752,2.074639320373535,0,10.070977210998535
7902.400000000087,11.022026062011719,2.071655750274658,0,10.093751907348633
7903.200000000087,10.674790382385254,2.0566232204437256,0,10.111356735229492
7904.000000000087,9.503592491149902,1.9824631214141846,0,10.122978210449219
7904.8000000000875,12.260832786560059,1.7910524606704712,0,10.130134582519531
7905.600000000088,10.044794082641602,1.90292489528656,0,10.132128715515137
7906.400000000088,11.346976280212402,1.8318439722061157,0,10.128633499145508
7907.200000000088,10.789670944213867,1.9675638675689697,0,10.1191987991333
7908.000000000088,9.821683883666992,1.9535282850265503,0,10.103108406066895
7908.800000000088,11.559707641601562,1.9127650260925293,0,10.078351020812988
7909.600000000089,9.6402006149292,2.048151969909668,0,10.04630184173584
7910.400000000089,8.710803031921387,2.0243780612945557,0,10.00857162475586
7911.200000000089,9.73762035369873,1.9605170488357544,0,9.964646339416504
7912.000000000089,8.343086242675781,1.8024688959121704,0,9.91744613647461
7912.800000000089,9.414958000183105,1.667429804801941,0,9.8685884475708
7913.6000000000895,8.454776763916016,1.057475209236145,0,9.818729400634766
7914.40000000009,8.71523666381836,0.38958069682121277,0,9.77088451385498
7915.20000000009,7.277026176452637,0.3217763602733612,0,9.721181869506836
7916.00000000009,10.676517486572266,0.35225909948349,0,9.684125900268555
7916.80000000009,10.857616424560547,0.8299119472503662,0,9.66024112701416
7917.60000000009,9.705617904663086,1.8413712978363037,0,9.638716697692871
7918.400000000091,10.266325950622559,2.122736692428589,0,9.614713668823242
7919.200000000091,9.132172584533691,1.9400335550308228,0,9.594712257385254
7920.000000000091,9.311281204223633,1.8004192113876343,0,9.575334548950195
7920.800000000091,9.205626487731934,1.6294506788253784,0,9.560907363891602
7921.600000000091,10.562094688415527,1.0371551513671875,0,9.549642562866211
7922.4000000000915,9.746437072753906,0.7514894604682922,0,9.538496017456055
7923.200000000092,9.593829154968262,0.8200589418411255,0,9.534555435180664
7924.000000000092,9.421420097351074,1.150190830230713,0,9.539873123168945
7924.800000000092,8.939970016479492,1.7113968133926392,0,9.542187690734863
7925.600000000092,9.700874328613281,2.052032232284546,0,9.542608261108398
7926.400000000092,9.186232566833496,2.029447317123413,0,9.541313171386719
7927.200000000093,9.792238235473633,2.105151653289795,0,9.535887718200684
7928.000000000093,10.356711387634277,2.1688339710235596,0,9.52982234954834
7928.800000000093,9.099766731262207,2.0519332885742188,0,9.524406433105469
7929.600000000093,10.473196983337402,1.846935510635376,0,9.520269393920898
7930.400000000093,8.969141960144043,1.9842866659164429,0,9.518865585327148
7931.2000000000935,9.543477058410645,1.7278610467910767,0,9.521980285644531
7932.000000000094,8.808756828308105,1.417891025543213,0,9.531339645385742
7932.800000000094,8.229530334472656,1.1078375577926636,0,9.548916816711426
7933.600000000094,10.671662330627441,1.1009447574615479,0,9.577034950256348
7934.400000000094,9.968361854553223,1.5840290784835815,0,9.606287002563477
7935.200000000094,9.877960205078125,1.7519994974136353,0,9.633652687072754
7936.000000000095,9.54649543762207,2.0107924938201904,0,9.65896224975586
7936.800000000095,9.778830528259277,1.9024115800857544,0,9.682604789733887
7937.600000000095,7.558706283569336,2.304272174835205,0,9.703008651733398
7938.400000000095,10.769065856933594,2.1880931854248047,0,9.719508171081543
7939.200000000095,9.398994445800781,2.162003755569458,0,9.731249809265137
7940.0000000000955,8.593863487243652,2.156656503677368,0,9.737748146057129
7940.800000000096,8.781553268432617,2.0963754653930664,0,9.738609313964844
7941.600000000096,10.845473289489746,2.1130154132843018,0,9.733305931091309
7942.400000000096,9.590964317321777,2.213226556777954,0,9.72059154510498
7943.200000000096,10.896721839904785,2.0191259384155273,0,9.70053482055664
7944.000000000096,9.017247200012207,2.169384717941284,0,9.672785758972168
7944.800000000097,10.198946952819824,2.0373754501342773,0,9.637703895568848
7945.600000000097,9.092047691345215,2.0183064937591553,0,9.59700870513916
7946.400000000097,9.769014358520508,2.0598695278167725,0,9.552464485168457
7947.200000000097,8.940670013427734,1.9509570598602295,0,9.506490707397461
7948.000000000097,7.77150297164917,1.8601629734039307,0,9.46204948425293
7948.8000000000975,9.359044075012207,1.9464420080184937,0,9.421297073364258
7949.600000000098,9.037412643432617,1.7350596189498901,0,9.389994621276855
7950.400000000098,10.14714527130127,1.228856086730957,0,9.358586311340332
7951.200000000098,8.931761741638184,1.184609293937683,0,9.32978343963623
7952.000000000098,10.0100679397583,1.5133873224258423,0,9.316636085510254
7952.800000000098,8.769942283630371,1.8714406490325928,0,9.305168151855469
7953.600000000099,9.02985668182373,2.0503084659576416,0,9.297433853149414
7954.400000000099,10.323083877563477,2.0680174827575684,0,9.293932914733887
7955.200000000099,8.070792198181152,1.9664217233657837,0,9.294968605041504
7956.000000000099,9.196517944335938,2.3063504695892334,0,9.299636840820312
7956.800000000099,8.170476913452148,2.279834270477295,0,9.309926986694336
7957.6000000000995,8.90889835357666,2.182657241821289,0,9.323454856872559
7958.4000000001,8.379043579101562,2.125093460083008,0,9.338297843933105
7959.2000000001,8.892759323120117,2.079263210296631,0,9.352816581726074
7960.0000000001,7.88055419921875,2.2151381969451904,0,9.366057395935059
7960.8000000001,8.382987976074219,2.2411718368530273,0,9.378997802734375
7961.6000000001,10.668681144714355,2.067974805831909,0,9.390912055969238
7962.400000000101,8.892110824584961,2.0655722618103027,0,9.400670051574707
7963.200000000101,9.342329978942871,1.9930146932601929,0,9.407172203063965
7964.000000000101,9.776520729064941,1.9506601095199585,0,9.411571502685547
7964.800000000101,10.98818302154541,1.1859558820724487,0,9.414323806762695
7965.600000000101,9.372086524963379,0.48473578691482544,0,9.409100532531738
7966.4000000001015,12.430439949035645,0.4165651500225067,0,9.400409698486328
7967.200000000102,10.619134902954102,0.5740146636962891,0,9.402867317199707
7968.000000000102,9.546558380126953,1.3589730262756348,0,9.400935173034668
7968.800000000102,9.335344314575195,1.919293999671936,0,9.39331340789795
7969.600000000102,11.601187705993652,1.7462384700775146,0,9.385868072509766
7970.400000000102,9.498336791992188,2.0178768634796143,0,9.377991676330566
7971.200000000103,9.393667221069336,2.1749706268310547,0,9.368617057800293
7972.000000000103,8.039936065673828,2.105313301086426,0,9.35825252532959
7972.800000000103,8.91738224029541,2.1425082683563232,0,9.346529006958008
7973.600000000103,9.113860130310059,2.0302844047546387,0,9.333965301513672
7974.400000000103,8.557141304016113,2.1061813831329346,0,9.319777488708496
7975.2000000001035,9.1449556350708,2.2667627334594727,0,9.30410385131836
7976.000000000104,7.675073623657227,2.0868382453918457,0,9.288394927978516
7976.800000000104,10.378288269042969,2.097303867340088,0,9.273788452148438
7977.600000000104,9.596207618713379,2.0069284439086914,0,9.261549949645996
7978.400000000104,8.225533485412598,1.7785608768463135,0,9.25046157836914
7979.200000000104,9.02503776550293,1.6155625581741333,0,9.240874290466309
7980.000000000105,9.559749603271484,1.4500547647476196,0,9.23536205291748
7980.800000000105,8.580851554870605,1.1254013776779175,0,9.233908653259277
7981.600000000105,10.845483779907227,0.9742408990859985,0,9.23745346069336
7982.400000000105,9.273143768310547,1.3761327266693115,0,9.250052452087402
7983.200000000105,8.98819351196289,1.7091141939163208,0,9.258124351501465
7984.0000000001055,10.085787773132324,2.194262742996216,0,9.262590408325195
7984.800000000106,9.86949634552002,2.1907498836517334,0,9.268895149230957
7985.600000000106,8.857111930847168,2.302036762237549,0,9.273028373718262
7986.400000000106,9.58554744720459,2.33784556388855,0,9.274418830871582
7987.200000000106,10.89625072479248,2.186587333679199,0,9.272562026977539
7988.000000000106,9.903926849365234,2.1457056999206543,0,9.2677640914917
7988.800000000107,8.684741973876953,2.127676010131836,0,9.259871482849121
7989.600000000107,8.629053115844727,2.2019362449645996,0,9.250225067138672
7990.400000000107,8.616572380065918,2.2627463340759277,0,9.238995552062988
7991.200000000107,9.205846786499023,2.1790127754211426,0,9.227039337158203
7992.000000000107,8.47379207611084,2.0034399032592773,0,9.212723731994629
7992.8000000001075,8.473648071289062,2.000436305999756,0,9.19953441619873
7993.600000000108,8.957645416259766,0.9507057070732117,0,9.185314178466797
7994.400000000108,8.416340827941895,0.47598525881767273,0,9.158944129943848
7995.200000000108,7.850296974182129,0.44426730275154114,0,9.127683639526367
7996.000000000108,9.3744478225708,0.5284631252288818,0,9.104838371276855
7996.800000000108,9.164834022521973,1.3334577083587646,0,9.087018966674805
7997.600000000109,8.8097562789917,2.1045687198638916,0,9.064059257507324
7998.400000000109,9.434928894042969,1.9826977252960205,0,9.040786743164062
7999.200000000109,7.858262062072754,2.1081879138946533,0,9.020639419555664
8000.000000000109,9.155073165893555,2.1414742469787598,0,9.00479793548584
8000.800000000109,7.460610389709473,2.244788408279419,0,8.99664306640625
8001.6000000001095,7.449812889099121,2.3621129989624023,0,8.997159957885742
8002.40000000011,10.702397346496582,2.100283622741699,0,9.006446838378906
8003.20000000011,8.048376083374023,2.1795151233673096,0,9.022698402404785
8004.00000000011,9.787118911743164,2.2091524600982666,0,9.044820785522461
8004.80000000011,7.6699676513671875,2.3517842292785645,0,9.069567680358887
8005.60000000011,8.292468070983887,2.2202439308166504,0,9.093091011047363
8006.400000000111,8.096391677856445,2.264119863510132,0,9.112771987915039
8007.200000000111,9.143798828125,2.282789945602417,0,9.128020286560059
8008.000000000111,9.807799339294434,2.2295467853546143,0,9.13818359375
8008.800000000111,8.880430221557617,2.1115424633026123,0,9.14227294921875
8009.600000000111,10.140100479125977,2.2445595264434814,0,9.140810012817383
8010.4000000001115,8.888232231140137,2.094547748565674,0,9.136251449584961
8011.200000000112,9.241806030273438,2.318221092224121,0,9.13041877746582
8012.000000000112,9.44555950164795,2.3316352367401123,0,9.123655319213867
8012.800000000112,8.816313743591309,2.2246947288513184,0,9.115874290466309
8013.600000000112,10.09539794921875,2.126081705093384,0,9.107084274291992
8014.400000000112,8.201765060424805,1.7586870193481445,0,9.097352981567383
8015.200000000113,10.005753517150879,1.2599050998687744,0,9.08200454711914
8016.000000000113,8.603421211242676,1.13981294631958,0,9.062332153320312
8016.800000000113,9.957169532775879,1.6177597045898438,0,9.047374725341797
8017.600000000113,9.080418586730957,2.0277740955352783,0,9.030780792236328
8018.400000000113,7.796303749084473,1.9957332611083984,0,9.016180038452148
8019.2000000001135,8.575373649597168,2.1919455528259277,0,9.004617691040039
8020.000000000114,7.61572790145874,2.0897586345672607,0,8.998588562011719
8020.800000000114,9.638257026672363,2.0141170024871826,0,8.999478340148926
8021.600000000114,8.992000579833984,1.9587050676345825,0,9.00843620300293
8022.400000000114,9.074502944946289,2.0626957416534424,0,9.025714874267578
8023.200000000114,8.743252754211426,2.1481120586395264,0,9.048060417175293
8024.000000000115,9.709757804870605,2.1867740154266357,0,9.071453094482422
8024.800000000115,8.244032859802246,2.2172110080718994,0,9.094023704528809
8025.600000000115,10.018994331359863,1.655377745628357,0,9.11555004119873
8026.400000000115,8.131261825561523,0.9297906160354614,0,9.13068675994873
8027.200000000115,8.88098430633545,0.6765750050544739,0,9.13973617553711
8028.0000000001155,9.779458045959473,0.7360036373138428,0,9.15312671661377
8028.800000000116,8.9828519821167,1.1129746437072754,0,9.166390419006348
8029.600000000116,8.814041137695312,1.6650614738464355,0,9.17359447479248
8030.400000000116,8.846104621887207,1.9385144710540771,0,9.177946090698242
8031.200000000116,8.72634506225586,1.9978126287460327,0,9.179191589355469
8032.000000000116,8.769847869873047,2.1666159629821777,0,9.175578117370605
8032.800000000117,8.256688117980957,2.122981309890747,0,9.168371200561523
8033.600000000117,9.386482238769531,2.1412482261657715,0,9.158064842224121
8034.400000000117,9.48482608795166,2.1913955211639404,0,9.145913124084473
8035.200000000117,9.521583557128906,2.19146990776062,0,9.13165283203125
8036.000000000117,8.692060470581055,2.1810011863708496,0,9.116547584533691
8036.8000000001175,8.225140571594238,2.2492427825927734,0,9.103065490722656
8037.600000000118,8.968143463134766,2.1496498584747314,0,9.093371391296387
8038.400000000118,8.746469497680664,2.1444625854492188,0,9.089974403381348
8039.200000000118,9.305415153503418,2.307124614715576,0,9.09456729888916
8040.000000000118,8.279446601867676,2.415985107421875,0,9.107076644897461
8040.800000000118,9.101213455200195,2.2947144508361816,0,9.12719440460205
8041.600000000119,9.204894065856934,2.1771862506866455,0,9.15347671508789
8042.400000000119,8.713096618652344,2.2530057430267334,0,9.18362808227539
8043.200000000119,8.9367094039917,2.2036404609680176,0,9.214808464050293
8044.000000000119,9.98238468170166,1.9834508895874023,0,9.244171142578125
8044.800000000119,8.947178840637207,2.0225095748901367,0,9.270986557006836
8045.6000000001195,8.476853370666504,2.1994383335113525,0,9.293183326721191
8046.40000000012,7.992401599884033,2.1577398777008057,0,9.309806823730469
8047.20000000012,9.746683120727539,2.2049720287323,0,9.320890426635742
8048.00000000012,10.128279685974121,2.3313419818878174,0,9.325654983520508
8048.80000000012,9.214923858642578,2.2622833251953125,0,9.32390022277832
8049.60000000012,9.515763282775879,2.1891469955444336,0,9.316499710083008
8050.400000000121,10.12462043762207,2.2008824348449707,0,9.303789138793945
8051.200000000121,9.661258697509766,2.0387048721313477,0,9.28586196899414
8052.000000000121,7.986810207366943,2.0278379917144775,0,9.264805793762207
8052.800000000121,9.663246154785156,1.5975220203399658,0,9.241679191589355
8053.600000000121,7.833678245544434,1.5812883377075195,0,9.21398639678955
8054.4000000001215,8.641812324523926,1.786942481994629,0,9.191152572631836
8055.200000000122,8.534906387329102,1.84255051612854,0,9.166156768798828
8056.000000000122,10.390167236328125,2.2159180641174316,0,9.143129348754883
8056.800000000122,8.265922546386719,2.3510067462921143,0,9.12441349029541
8057.600000000122,8.276987075805664,2.2641758918762207,0,9.106546401977539
8058.400000000122,8.628399848937988,2.092280387878418,0,9.092341423034668
8059.200000000123,9.713706970214844,2.1496775150299072,0,9.080506324768066
8060.000000000123,9.141348838806152,2.391631841659546,0,9.066935539245605
8060.800000000123,8.60203742980957,2.322594404220581,0,9.051024436950684
8061.600000000123,9.468963623046875,2.1137235164642334,0,9.032739639282227
8062.400000000123,9.546497344970703,1.733737826347351,0,9.013198852539062
8063.2000000001235,8.961665153503418,1.1395021677017212,0,8.987405776977539
8064.000000000124,9.130764961242676,1.0279839038848877,0,8.959556579589844
8064.800000000124,9.037968635559082,1.3144359588623047,0,8.94282341003418
8065.600000000124,9.414294242858887,1.9273980855941772,0,8.934425354003906
8066.400000000124,7.597257137298584,2.328700542449951,0,8.92974853515625
8067.200000000124,8.8858642578125,2.2599904537200928,0,8.93348503112793
8068.000000000125,9.701014518737793,2.125286340713501,0,8.944795608520508
8068.800000000125,9.162066459655762,2.3311612606048584,0,8.961575508117676
8069.600000000125,8.538384437561035,2.3713724613189697,0,8.982484817504883
8070.400000000125,7.739074230194092,2.3510870933532715,0,9.006701469421387
8071.200000000125,9.01989459991455,2.2871453762054443,0,9.031576156616211
8072.0000000001255,10.04012393951416,2.25470232963562,0,9.055749893188477
8072.800000000126,9.075749397277832,2.2283084392547607,0,9.078779220581055
8073.600000000126,9.183801651000977,2.1337218284606934,0,9.099909782409668
8074.400000000126,9.19196605682373,2.3785319328308105,0,9.119364738464355
8075.200000000126,10.019222259521484,2.239370584487915,0,9.136137008666992
8076.000000000126,9.75985050201416,2.1189794540405273,0,9.150566101074219
8076.800000000127,8.566441535949707,2.177715539932251,0,9.16262149810791
8077.600000000127,8.236881256103516,2.200026512145996,0,9.172118186950684
8078.400000000127,8.233694076538086,2.3065407276153564,0,9.178302764892578
8079.200000000127,9.745881080627441,2.094717264175415,0,9.181023597717285
8080.000000000127,9.450430870056152,2.1673786640167236,0,9.180941581726074
8080.8000000001275,8.062725067138672,2.2332887649536133,0,9.1766996383667
8081.600000000128,9.863242149353027,2.1463541984558105,0,9.168082237243652
8082.400000000128,8.53056812286377,2.332599639892578,0,9.155596733093262
8083.200000000128,9.094566345214844,2.3323311805725098,0,9.139208793640137
8084.000000000128,9.208638191223145,2.3380849361419678,0,9.11948299407959
8084.800000000128,8.518335342407227,2.260270833969116,0,9.098673820495605
8085.600000000129,8.846558570861816,2.177403688430786,0,9.079998016357422
8086.400000000129,8.219198226928711,2.106369972229004,0,9.065971374511719
8087.200000000129,9.585306167602539,2.022915840148926,0,9.059870719909668
8088.000000000129,8.45322036743164,2.387470245361328,0,9.063067436218262
8088.800000000129,8.593934059143066,2.371488332748413,0,9.075878143310547
8089.6000000001295,9.347685813903809,2.2712817192077637,0,9.096600532531738
8090.40000000013,8.841124534606934,2.125365972518921,0,9.123027801513672
8091.20000000013,7.726571083068848,2.2259316444396973,0,9.152313232421875
8092.00000000013,8.857011795043945,2.2510101795196533,0,9.182730674743652
8092.80000000013,8.63846206665039,2.2093052864074707,0,9.212265968322754
8093.60000000013,9.405922889709473,2.064311981201172,0,9.239015579223633
8094.400000000131,8.403033256530762,2.1209769248962402,0,9.264195442199707
8095.200000000131,10.958415031433105,1.8704286813735962,0,9.284786224365234
8096.000000000131,9.008234977722168,1.803576946258545,0,9.304667472839355
8096.800000000131,8.858136177062988,2.036095380783081,0,9.319080352783203
8097.600000000131,10.73310661315918,2.178126096725464,0,9.329038619995117
8098.4000000001315,8.648468971252441,2.1705610752105713,0,9.334924697875977
8099.200000000132,9.943753242492676,1.9698868989944458,0,9.336075782775879
8100.000000000132,9.268779754638672,2.12274432182312,0,9.334147453308105
8100.800000000132,9.942018508911133,2.1294925212860107,0,9.329662322998047
8101.600000000132,8.576557159423828,2.139188766479492,0,9.324393272399902
8102.400000000132,9.218301773071289,2.089304208755493,0,9.319718360900879
8103.200000000133,9.061031341552734,1.827111005783081,0,9.317774772644043
8104.000000000133,9.170985221862793,1.6200896501541138,0,9.319653511047363
8104.800000000133,9.026350975036621,1.6173118352890015,0,9.327110290527344
8105.600000000133,10.16699504852295,1.991091251373291,0,9.343426704406738
8106.400000000133,8.621625900268555,2.1777901649475098,0,9.360787391662598
8107.2000000001335,8.165873527526855,2.201017141342163,0,9.381977081298828
8108.000000000134,9.36034870147705,2.217979669570923,0,9.406126022338867
8108.800000000134,8.124271392822266,2.249692678451538,0,9.430691719055176
8109.600000000134,9.516054153442383,2.1474313735961914,0,9.454535484313965
8110.400000000134,8.779963493347168,2.1862480640411377,0,9.476298332214355
8111.200000000134,11.081222534179688,2.060415506362915,0,9.495613098144531
8112.000000000135,9.801414489746094,2.1031336784362793,0,9.511832237243652
8112.800000000135,9.802912712097168,2.2590677738189697,0,9.524395942687988
8113.600000000135,7.8241353034973145,2.303908109664917,0,9.532814979553223
8114.400000000135,9.04305362701416,2.1774630546569824,0,9.537262916564941
8115.200000000135,9.604142189025879,2.2831225395202637,0,9.538110733032227
8116.0000000001355,8.911648750305176,2.3014378547668457,0,9.535664558410645
8116.800000000136,9.538702011108398,2.283533811569214,0,9.531275749206543
8117.600000000136,7.620052814483643,2.450599431991577,0,9.524983406066895
8118.400000000136,8.995059967041016,2.3224754333496094,0,9.520005226135254
8119.200000000136,10.483344078063965,2.1432580947875977,0,9.515210151672363
8120.000000000136,9.777019500732422,2.3127965927124023,0,9.511396408081055
8120.800000000137,8.509973526000977,2.3767282962799072,0,9.509599685668945
8121.600000000137,8.943748474121094,2.236595869064331,0,9.508679389953613
8122.400000000137,8.726524353027344,2.2871439456939697,0,9.508264541625977
8123.200000000137,10.21303939819336,2.150350332260132,0,9.50769329071045
8124.000000000137,8.75924301147461,2.100034236907959,0,9.50615406036377
8124.8000000001375,9.550460815429688,2.250220537185669,0,9.503201484680176
8125.600000000138,8.622246742248535,2.2512407302856445,0,9.49869441986084
8126.400000000138,9.642271995544434,2.173031806945801,0,9.493364334106445
8127.200000000138,8.578282356262207,2.1787376403808594,0,9.48788070678711
8128.000000000138,10.33834457397461,2.227999210357666,0,9.482298851013184
8128.800000000138,10.117173194885254,2.109814167022705,0,9.478304862976074
8129.600000000139,9.271050453186035,2.1231777667999268,0,9.47591781616211
8130.400000000139,8.347312927246094,2.343707799911499,0,9.474782943725586
8131.200000000139,9.642573356628418,2.342710256576538,0,9.473976135253906
8132.000000000139,8.950569152832031,2.0299668312072754,0,9.471446990966797
8132.800000000139,9.611408233642578,1.9170818328857422,0,9.466544151306152
8133.6000000001395,8.687993049621582,2.2764484882354736,0,9.459407806396484
8134.40000000014,8.933120727539062,2.194972515106201,0,9.450427055358887
8135.20000000014,8.605752944946289,1.9315292835235596,0,9.440317153930664
8136.00000000014,8.843928337097168,2.0868639945983887,0,9.432080268859863
8136.80000000014,10.563225746154785,1.9926971197128296,0,9.425889015197754
8137.60000000014,10.128226280212402,1.9767425060272217,0,9.423090934753418
8138.400000000141,10.743633270263672,1.9957908391952515,0,9.424112319946289
8139.200000000141,8.775163650512695,2.0854148864746094,0,9.427367210388184
8140.000000000141,9.273204803466797,2.078324317932129,0,9.432904243469238
8140.800000000141,8.298412322998047,1.9377498626708984,0,9.438265800476074
8141.600000000141,9.406535148620605,1.933095097541809,0,9.443641662597656
8142.4000000001415,7.359572410583496,2.0328166484832764,0,9.446428298950195
8143.200000000142,8.853267669677734,1.9702742099761963,0,9.444070816040039
8144.000000000142,8.647805213928223,2.143662214279175,0,9.439932823181152
8144.800000000142,9.20805549621582,2.193087339401245,0,9.433358192443848
8145.600000000142,8.262613296508789,2.289738655090332,0,9.426238059997559
8146.400000000142,9.407356262207031,2.304577589035034,0,9.42048454284668
8147.200000000143,9.568414688110352,2.0566890239715576,0,9.417292594909668
8148.000000000143,9.311469078063965,1.8731567859649658,0,9.418167114257812
8148.800000000143,11.067363739013672,1.7548935413360596,0,9.424105644226074
8149.600000000143,8.645153999328613,1.986833930015564,0,9.435927391052246
8150.400000000143,10.58194351196289,1.783820629119873,0,9.448986053466797
8151.2000000001435,8.343798637390137,2.1098597049713135,0,9.46267318725586
8152.000000000144,8.817140579223633,2.3792049884796143,0,9.477327346801758
8152.800000000144,8.582438468933105,2.310741662979126,0,9.492612838745117
8153.600000000144,10.106315612792969,2.25459361076355,0,9.506159782409668
8154.400000000144,8.610618591308594,2.0441548824310303,0,9.517829895019531
8155.200000000144,8.309223175048828,1.980770230293274,0,9.526570320129395
8156.000000000145,9.977267265319824,1.7938114404678345,0,9.532724380493164
8156.800000000145,8.281381607055664,1.9701762199401855,0,9.535733222961426
8157.600000000145,9.32378101348877,2.2317581176757812,0,9.53727912902832
8158.400000000145,10.255212783813477,2.2844913005828857,0,9.534773826599121
8159.200000000145,9.460180282592773,2.1728973388671875,0,9.531767845153809
8160.0000000001455,9.654521942138672,1.9408409595489502,0,9.526886940002441
8160.800000000146,8.746811866760254,2.3035471439361572,0,9.522398948669434
8161.600000000146,9.390732765197754,2.3347692489624023,0,9.516582489013672
8162.400000000146,9.669108390808105,2.008983850479126,0,9.512547492980957
8163.200000000146,9.083113670349121,1.5308187007904053,0,9.503710746765137
8164.000000000146,9.225035667419434,1.4857674837112427,0,9.494298934936523
8164.800000000147,9.92488956451416,1.9686827659606934,0,9.484254837036133
8165.600000000147,9.1408052444458,1.889150857925415,0,9.470986366271973
8166.400000000147,8.686662673950195,1.6716312170028687,0,9.457226753234863
8167.200000000147,9.560050010681152,1.9220815896987915,0,9.441622734069824
8168.000000000147,9.147567749023438,2.364933490753174,0,9.42406940460205
8168.8000000001475,9.901453971862793,2.3642776012420654,0,9.406118392944336
8169.600000000148,9.340519905090332,2.1455130577087402,0,9.387724876403809
8170.400000000148,9.210528373718262,2.040478229522705,0,9.370682716369629
8171.200000000148,9.487319946289062,1.7116135358810425,0,9.354133605957031
8172.000000000148,8.96142864227295,1.7451709508895874,0,9.337740898132324
8172.800000000148,9.401718139648438,2.0691068172454834,0,9.325152397155762
8173.600000000149,9.139198303222656,2.443619728088379,0,9.312211990356445
8174.400000000149,9.327616691589355,2.272435426712036,0,9.296927452087402
8175.200000000149,10.429715156555176,2.3104686737060547,0,9.285836219787598
8176.000000000149,8.313421249389648,2.2997541427612305,0,9.273587226867676
8176.800000000149,8.91439437866211,2.249135732650757,0,9.255448341369629
8177.6000000001495,8.274338722229004,2.1183040142059326,0,9.241963386535645
8178.40000000015,10.092870712280273,1.6248778104782104,0,9.23034381866455
8179.20000000015,10.18423080444336,1.467772126197815,0,9.222495079040527
8180.00000000015,10.121614456176758,1.496308445930481,0,9.2213773727417
8180.80000000015,10.444185256958008,1.673041582107544,0,9.225133895874023
8181.60000000015,9.927556991577148,2.09916090965271,0,9.236207962036133
8182.400000000151,8.52369213104248,2.1229355335235596,0,9.255359649658203
8183.200000000151,9.67513370513916,1.8135960102081299,0,9.279889106750488
8184.000000000151,9.176924705505371,1.8510277271270752,0,9.309061050415039
8184.800000000151,8.61841869354248,1.9002336263656616,0,9.340229034423828
8185.600000000151,8.837512016296387,2.2359657287597656,0,9.371164321899414
8186.4000000001515,9.254448890686035,2.130795955657959,0,9.400979995727539
8187.200000000152,9.513669967651367,1.9143359661102295,0,9.428267478942871
8188.000000000152,10.486307144165039,1.8620656728744507,0,9.45151138305664
8188.800000000152,10.350309371948242,1.9360384941101074,0,9.469834327697754
8189.600000000152,8.43005657196045,1.9017114639282227,0,9.485154151916504
8190.400000000152,9.578573226928711,1.661316990852356,0,9.49687385559082
8191.200000000153,10.117280960083008,1.5010006427764893,0,9.507040977478027
8192.000000000153,9.452500343322754,1.8964219093322754,0,9.515049934387207
8192.800000000152,9.40079116821289,2.169651746749878,0,9.518881797790527
8193.600000000153,9.521502494812012,2.017096519470215,0,9.522509574890137
8194.400000000154,10.198246002197266,1.7556135654449463,0,9.521330833435059
8195.200000000154,10.650520324707031,1.6490001678466797,0,9.512458801269531
8196.000000000153,9.095064163208008,1.9069823026657104,0,9.504033088684082
8196.800000000154,8.705072402954102,1.9629299640655518,0,9.494317054748535
8197.600000000155,9.55207347869873,1.8404344320297241,0,9.481271743774414
8198.400000000154,9.799651145935059,1.8834415674209595,0,9.46883773803711
8199.200000000154,8.925788879394531,1.5542494058609009,0,9.460396766662598
8200.000000000155,9.749074935913086,1.721031904220581,0,9.454704284667969
8200.800000000156,9.014472007751465,1.8623104095458984,0,9.452664375305176
8201.600000000155,10.347051620483398,1.788798213005066,0,9.45543098449707
8202.400000000154,8.970460891723633,1.8825434446334839,0,9.461742401123047
8203.200000000155,10.284306526184082,2.222031831741333,0,9.47091007232666
8204.000000000156,10.334242820739746,2.131213426589966,0,9.483119010925293
8204.800000000156,9.712730407714844,2.1427996158599854,0,9.496638298034668
8205.600000000155,10.374226570129395,2.199469804763794,0,9.509967803955078
8206.400000000156,11.900826454162598,2.037464141845703,0,9.521367073059082
8207.200000000157,8.540796279907227,2.054978132247925,0,9.530009269714355
8208.000000000156,10.564395904541016,2.177124261856079,0,9.535164833068848
8208.800000000156,10.33279037475586,2.1781675815582275,0,9.537009239196777
8209.600000000157,9.6318941116333,2.1825056076049805,0,9.535662651062012
8210.400000000158,10.648865699768066,2.1898038387298584,0,9.532086372375488
8211.200000000157,9.445693969726562,2.231887102127075,0,9.527111053466797
8212.000000000156,10.329267501831055,2.1544148921966553,0,9.520736694335938
8212.800000000158,9.071782112121582,2.09326434135437,0,9.512568473815918
8213.600000000159,9.215065002441406,2.1227071285247803,0,9.503843307495117
8214.400000000158,9.378451347351074,2.1934292316436768,0,9.494693756103516
8215.200000000157,9.731331825256348,2.170814037322998,0,9.483724594116211
8216.000000000158,10.176997184753418,2.14811110496521,0,9.471738815307617
8216.80000000016,10.78192138671875,2.2789664268493652,0,9.459648132324219
8217.600000000159,10.917275428771973,2.2084779739379883,0,9.448039054870605
8218.400000000158,10.224955558776855,2.1688923835754395,0,9.438593864440918
8219.200000000159,9.922065734863281,1.8930355310440063,0,9.43297290802002
8220.00000000016,9.173317909240723,1.7984898090362549,0,9.430864334106445
8220.80000000016,9.035513877868652,2.294051170349121,0,9.4352445602417
8221.600000000159,9.74735164642334,2.3616995811462402,0,9.444713592529297
8222.40000000016,9.732564926147461,2.3099472522735596,0,9.458829879760742
8223.20000000016,9.898039817810059,2.006080150604248,0,9.47634506225586
8224.00000000016,10.650566101074219,2.1022579669952393,0,9.496014595031738
8224.80000000016,9.70499038696289,2.2585761547088623,0,9.516878128051758
8225.60000000016,9.815896987915039,1.9403916597366333,0,9.539780616760254
8226.400000000162,9.691557884216309,1.8631175756454468,0,9.56155014038086
8227.20000000016,9.907179832458496,1.9870128631591797,0,9.583637237548828
8228.00000000016,10.59498405456543,1.753218412399292,0,9.609930038452148
8228.800000000161,9.907240867614746,1.436774730682373,0,9.637700080871582
8229.600000000162,9.096392631530762,1.3788193464279175,0,9.662063598632812
8230.400000000162,8.360647201538086,1.2114076614379883,0,9.685624122619629
8231.20000000016,9.789698600769043,1.5966155529022217,0,9.708235740661621
8232.000000000162,9.045547485351562,1.7888494729995728,0,9.730207443237305
8232.800000000163,10.480010032653809,1.646466612815857,0,9.750906944274902
8233.600000000162,9.872444152832031,1.644906759262085,0,9.765820503234863
8234.400000000162,10.479541778564453,2.0637919902801514,0,9.776793479919434
8235.200000000163,10.428581237792969,2.092362642288208,0,9.783869743347168
8236.000000000164,9.091461181640625,2.062333583831787,0,9.786057472229004
8236.800000000163,9.762653350830078,2.2820465564727783,0,9.784236907958984
8237.600000000162,9.64727783203125,2.2178854942321777,0,9.777891159057617
8238.400000000163,10.751082420349121,2.299604654312134,0,9.768465995788574
8239.200000000164,8.856202125549316,2.0816471576690674,0,9.75690746307373
8240.000000000164,9.3069429397583,2.2331886291503906,0,9.74517822265625
8240.800000000163,10.19569206237793,2.172894239425659,0,9.733139991760254
8241.600000000164,10.177035331726074,2.087826728820801,0,9.722187995910645
8242.400000000165,10.01048469543457,2.2103688716888428,0,9.71237564086914
8243.200000000164,10.43104076385498,2.1365272998809814,0,9.702655792236328
8244.000000000164,8.990300178527832,2.1534290313720703,0,9.692584037780762
8244.800000000165,9.79040241241455,1.7310876846313477,0,9.679862022399902
8245.600000000166,7.701415538787842,1.933669924736023,0,9.666062355041504
8246.400000000165,9.647830963134766,2.0902657508850098,0,9.648144721984863
8247.200000000164,8.564477920532227,2.3136351108551025,0,9.627634048461914
8248.000000000166,8.838910102844238,2.243222713470459,0,9.605396270751953
8248.800000000167,9.608907699584961,2.3207144737243652,0,9.581494331359863
8249.600000000166,8.248644828796387,2.2128608226776123,0,9.556562423706055
8250.400000000165,9.042450904846191,2.0450222492218018,0,9.532073974609375
8251.200000000166,9.922321319580078,2.3247079849243164,0,9.510021209716797
8252.000000000167,9.388704299926758,2.206974744796753,0,9.489755630493164
8252.800000000167,8.89375114440918,2.2565784454345703,0,9.472923278808594
8253.600000000166,10.525527000427246,2.1769726276397705,0,9.461175918579102
8254.400000000167,10.252657890319824,2.156421184539795,0,9.454612731933594
8255.200000000168,9.66393756866455,2.3265109062194824,0,9.452526092529297
8256.000000000167,9.67682933807373,2.2149226665496826,0,9.453392028808594
8256.800000000167,9.73771858215332,2.2004926204681396,0,9.456867218017578
8257.600000000168,9.362113952636719,2.0794968605041504,0,9.460663795471191
8258.400000000169,10.134735107421875,1.8952019214630127,0,9.464611053466797
8259.200000000168,7.676826000213623,2.0797314643859863,0,9.468816757202148
8260.000000000167,10.406815528869629,2.2037580013275146,0,9.474403381347656
8260.800000000168,10.379107475280762,2.144366979598999,0,9.483467102050781
8261.60000000017,9.246789932250977,2.018267869949341,0,9.497963905334473
8262.400000000169,9.808135032653809,2.166497230529785,0,9.51774787902832
8263.200000000168,9.847539901733398,2.2359180450439453,0,9.543102264404297
8264.00000000017,10.26579475402832,2.2673628330230713,0,9.572884559631348
8264.80000000017,10.31233024597168,2.026134729385376,0,9.605883598327637
8265.60000000017,8.751274108886719,2.173078775405884,0,9.640093803405762
8266.400000000169,9.357101440429688,2.2666306495666504,0,9.673922538757324
8267.20000000017,8.969276428222656,2.455974817276001,0,9.706196784973145
8268.000000000171,10.078527450561523,2.373284101486206,0,9.736037254333496
8268.80000000017,9.507362365722656,2.429119348526001,0,9.763072967529297
8269.60000000017,8.411612510681152,2.3732047080993652,0,9.786506652832031
8270.40000000017,10.011940002441406,2.210214614868164,0,9.80694580078125
8271.200000000172,9.204264640808105,2.51180362701416,0,9.824563026428223
8272.000000000171,9.644414901733398,2.449042558670044,0,9.838138580322266
8272.80000000017,10.571014404296875,2.1466081142425537,0,9.84801197052002
8273.600000000171,9.340864181518555,2.0796754360198975,0,9.854818344116211
8274.400000000172,8.642807006835938,2.193133592605591,0,9.858414649963379
8275.200000000172,8.801185607910156,1.9923629760742188,0,9.858485221862793
8276.000000000171,8.904131889343262,1.9568097591400146,0,9.85497760772705
8276.800000000172,9.485738754272461,2.1176486015319824,0,9.847610473632812
8277.600000000173,9.24783706665039,2.041707754135132,0,9.835857391357422
8278.400000000172,11.327436447143555,1.7417269945144653,0,9.821135520935059
8279.200000000172,9.886631965637207,1.7022616863250732,0,9.80309772491455
8280.000000000173,9.828811645507812,1.3931620121002197,0,9.773054122924805
8280.800000000174,8.933165550231934,1.1450906991958618,0,9.740496635437012
8281.600000000173,9.004985809326172,1.25637686252594,0,9.70974063873291
8282.400000000172,10.311326026916504,0.8256036043167114,0,9.675500869750977
8283.200000000174,9.644220352172852,0.8153234124183655,0,9.631678581237793
8284.000000000175,7.885220050811768,0.6725360751152039,0,9.58726978302002
8284.800000000174,8.304475784301758,1.1981786489486694,0,9.549504280090332
8285.600000000173,9.895309448242188,2.084348201751709,0,9.515119552612305
8286.400000000174,10.25467300415039,2.1810948848724365,0,9.480121612548828
8287.200000000175,9.735095024108887,1.8575235605239868,0,9.450948715209961
8288.000000000175,10.01179313659668,1.4321873188018799,0,9.423357963562012
8288.800000000174,10.939579963684082,1.0412479639053345,0,9.403342247009277
8289.600000000175,8.851590156555176,0.4384692907333374,0,9.393320083618164
8290.400000000176,9.383110046386719,0.5027509331703186,0,9.395248413085938
8291.200000000175,8.473483085632324,0.4594137370586395,0,9.413422584533691
8292.000000000175,10.202813148498535,1.2877912521362305,0,9.433642387390137
8292.800000000176,9.276177406311035,2.1130712032318115,0,9.455891609191895
8293.600000000177,9.15517807006836,2.4144880771636963,0,9.484345436096191
8294.400000000176,9.418675422668457,2.4204297065734863,0,9.514021873474121
8295.200000000175,8.602019309997559,1.938660979270935,0,9.543379783630371
8296.000000000176,10.371504783630371,1.691256046295166,0,9.5712251663208
8296.800000000178,10.713603019714355,1.442065715789795,0,9.596548080444336
8297.600000000177,11.645824432373047,1.342737078666687,0,9.615469932556152
8298.400000000176,9.387598991394043,1.1944832801818848,0,9.6298189163208
8299.200000000177,11.788055419921875,1.017926812171936,0,9.639640808105469
8300.000000000178,11.174657821655273,0.537591278553009,0,9.646017074584961
8300.800000000178,11.42470932006836,0.5535966753959656,0,9.645780563354492
8301.600000000177,10.346002578735352,0.6140028238296509,0,9.6494140625
8302.400000000178,11.394146919250488,1.3483253717422485,0,9.647037506103516
8303.200000000179,11.032781600952148,1.990535020828247,0,9.64401626586914
8304.000000000178,10.548245429992676,2.21421480178833,0,9.643548965454102
8304.800000000178,8.518217086791992,2.1540048122406006,0,9.644489288330078
8305.600000000179,8.820563316345215,2.0833675861358643,0,9.64594554901123
8306.40000000018,8.03087329864502,1.7137234210968018,0,9.64610767364502
8307.200000000179,10.444672584533691,1.877049446105957,0,9.645434379577637
8308.000000000178,8.936647415161133,2.0672035217285156,0,9.642624855041504
8308.80000000018,9.856586456298828,2.3754758834838867,0,9.633993148803711
8309.60000000018,10.21658992767334,2.238312005996704,0,9.620409965515137
8310.40000000018,9.844152450561523,2.3027570247650146,0,9.60391616821289
8311.200000000179,10.888154029846191,1.7502765655517578,0,9.586480140686035
8312.00000000018,10.041878700256348,1.2924572229385376,0,9.560609817504883
8312.800000000181,6.5529937744140625,1.1364667415618896,0,9.534011840820312
8313.60000000018,11.032061576843262,1.4704711437225342,0,9.51591682434082
8314.40000000018,9.480185508728027,2.064298152923584,0,9.49701976776123
8315.20000000018,10.030247688293457,2.1925048828125,0,9.47941780090332
8316.000000000182,10.86540699005127,2.0426900386810303,0,9.463916778564453
8316.800000000181,9.643115997314453,2.08014178276062,0,9.45044231414795
8317.60000000018,10.11380672454834,2.1736178398132324,0,9.437870979309082
8318.400000000182,10.22430419921875,2.0457706451416016,0,9.427742958068848
8319.200000000183,8.723658561706543,1.9450323581695557,0,9.419007301330566
8320.000000000182,9.370070457458496,1.8421216011047363,0,9.412235260009766
8320.800000000181,9.58247184753418,2.060331344604492,0,9.40855598449707
8321.600000000182,10.573468208312988,2.15850830078125,0,9.408894538879395
8322.400000000183,9.534811019897461,1.9935014247894287,0,9.41357707977295
8323.200000000183,10.109114646911621,1.8910635709762573,0,9.418980598449707
8324.000000000182,9.164735794067383,1.9510529041290283,0,9.42699146270752
8324.800000000183,10.192044258117676,2.2375497817993164,0,9.436293601989746
8325.600000000184,10.23996353149414,2.274616241455078,0,9.446648597717285
8326.400000000183,9.26439094543457,2.4596917629241943,0,9.458154678344727
8327.200000000183,10.379090309143066,2.4171104431152344,0,9.472633361816406
8328.000000000184,9.609195709228516,2.406970262527466,0,9.490657806396484
8328.800000000185,9.422004699707031,2.32185959815979,0,9.512928009033203
8329.600000000184,10.161908149719238,2.34834623336792,0,9.540217399597168
8330.400000000183,10.383552551269531,2.2327773571014404,0,9.571457862854004
8331.200000000184,8.96646785736084,2.2160820960998535,0,9.606159210205078
8332.000000000186,9.934289932250977,2.2250313758850098,0,9.640362739562988
8332.800000000185,9.2752103805542,2.32605242729187,0,9.672859191894531
8333.600000000184,8.582447052001953,2.3979008197784424,0,9.701212882995605
8334.400000000185,9.77065658569336,2.248133897781372,0,9.722686767578125
8335.200000000186,11.861201286315918,2.079024076461792,0,9.737883567810059
8336.000000000186,10.479588508605957,2.2410035133361816,0,9.747753143310547
8336.800000000185,9.846388816833496,2.1837730407714844,0,9.75325870513916
8337.600000000186,9.362665176391602,2.3208019733428955,0,9.755287170410156
8338.400000000187,10.228514671325684,2.2879340648651123,0,9.755980491638184
8339.200000000186,8.038549423217773,2.2570066452026367,0,9.757933616638184
8340.000000000186,9.230213165283203,2.0840556621551514,0,9.759858131408691
8340.800000000187,9.490443229675293,2.028923273086548,0,9.762965202331543
8341.600000000188,10.444954872131348,2.1340298652648926,0,9.76687240600586
8342.400000000187,9.43647289276123,2.2903809547424316,0,9.768586158752441
8343.200000000186,10.90822696685791,2.205688238143921,0,9.767698287963867
8344.000000000187,9.787017822265625,1.3996585607528687,0,9.763919830322266
8344.800000000188,9.058394432067871,0.6462123990058899,0,9.750336647033691
8345.600000000188,9.422445297241211,0.2517358660697937,0,9.72917652130127
8346.400000000187,13.029747009277344,0.22667863965034485,0,9.706073760986328
8347.200000000188,9.145185470581055,0.32692477107048035,0,9.691919326782227
8348.00000000019,8.793764114379883,1.1534552574157715,0,9.679232597351074
8348.800000000188,9.91943645477295,2.138468027114868,0,9.66328239440918
8349.600000000188,9.04032039642334,2.286313056945801,0,9.64771556854248
8350.400000000189,7.871437072753906,2.2541580200195312,0,9.636815071105957
8351.20000000019,8.83881664276123,1.9915921688079834,0,9.628941535949707
8352.00000000019,8.904507637023926,1.9147967100143433,0,9.625810623168945
8352.800000000188,11.095134735107422,1.7183701992034912,0,9.628959655761719
8353.60000000019,10.545909881591797,0.8409035205841064,0,9.635581016540527
8354.40000000019,8.7312593460083,0.611369788646698,0,9.642826080322266
8355.20000000019,11.373979568481445,0.6895615458488464,0,9.664490699768066
8356.00000000019,10.845229148864746,1.1539849042892456,0,9.688260078430176
8356.80000000019,11.271206855773926,1.9738713502883911,0,9.708456993103027
8357.600000000191,9.693990707397461,2.2157132625579834,0,9.728033065795898
8358.40000000019,11.952526092529297,2.079843521118164,0,9.748260498046875
8359.20000000019,10.48637866973877,2.2080771923065186,0,9.766672134399414
8360.000000000191,10.692492485046387,2.2117533683776855,0,9.781391143798828
8360.800000000192,10.502328872680664,2.420884370803833,0,9.793261528015137
8361.600000000191,8.87381649017334,2.257493734359741,0,9.803382873535156
8362.40000000019,10.568366050720215,2.0077624320983887,0,9.809776306152344
8363.200000000192,10.186077117919922,1.9751139879226685,0,9.81230640411377
8364.000000000193,8.679701805114746,1.978507161140442,0,9.824487686157227
8364.800000000192,10.128859519958496,1.8606361150741577,0,9.826202392578125
8365.600000000191,8.698160171508789,1.5469993352890015,0,9.813302040100098
8366.400000000192,9.764957427978516,1.251595139503479,0,9.818639755249023
8367.200000000194,9.83173942565918,1.3417189121246338,0,9.80555534362793
8368.000000000193,9.520511627197266,1.8765051364898682,0,9.788731575012207
8368.800000000192,9.345512390136719,2.2891993522644043,0,9.774532318115234
8369.600000000193,11.295764923095703,2.1040008068084717,0,9.759769439697266
8370.400000000194,10.351927757263184,2.291475534439087,0,9.745046615600586
8371.200000000194,9.115618705749512,2.2165112495422363,0,9.731422424316406
8372.000000000193,9.428746223449707,2.24910831451416,0,9.721867561340332
8372.800000000194,8.391656875610352,2.3881049156188965,0,9.71883773803711
8373.600000000195,8.910027503967285,2.183044195175171,0,9.721773147583008
8374.400000000194,9.689291000366211,2.4585459232330322,0,9.730645179748535
8375.200000000194,7.704317569732666,2.270958423614502,0,9.745321273803711
8376.000000000195,10.003583908081055,2.261356830596924,0,9.763101577758789
8376.800000000196,8.924595832824707,2.5044944286346436,0,9.780182838439941
8377.600000000195,9.613855361938477,2.3221774101257324,0,9.79617691040039
8378.400000000194,9.915836334228516,2.2500429153442383,0,9.80908203125
8379.200000000195,11.33853816986084,2.2430312633514404,0,9.81766128540039
8380.000000000196,9.148913383483887,2.325100898742676,0,9.821383476257324
8380.800000000196,11.239487648010254,2.2178573608398438,0,9.821484565734863
8381.600000000195,9.699411392211914,1.9530550241470337,0,9.817709922790527
8382.400000000196,10.306177139282227,1.509068489074707,0,9.810995101928711
8383.200000000197,9.43283462524414,0.9359621405601501,0,9.804195404052734
8384.000000000196,10.782014846801758,0.9101333022117615,0,9.79683780670166
8384.800000000196,9.752439498901367,0.8706597685813904,0,9.797755241394043
8385.600000000197,10.874435424804688,1.4059146642684937,0,9.80052375793457
8386.400000000198,10.791017532348633,2.052783966064453,0,9.801430702209473
8387.200000000197,9.905244827270508,2.290907859802246,0,9.804752349853516
8388.000000000196,10.710655212402344,2.127967596054077,0,9.810009956359863
8388.800000000198,10.046527862548828,2.1234147548675537,0,9.815884590148926
8389.600000000199,10.169482231140137,2.267604112625122,0,9.822281837463379
8390.400000000198,9.698681831359863,2.2089123725891113,0,9.828033447265625
8391.200000000197,9.932610511779785,2.1866700649261475,0,9.83322525024414
8392.000000000198,10.574014663696289,2.134253740310669,0,9.836895942687988
8392.8000000002,10.613357543945312,2.1080374717712402,0,9.839091300964355
8393.600000000199,10.579387664794922,2.321896553039551,0,9.83962631225586
8394.400000000198,9.756491661071777,2.2651028633117676,0,9.83916187286377
8395.200000000199,9.951993942260742,2.263028144836426,0,9.839914321899414
8396.0000000002,10.343513488769531,2.143075942993164,0,9.838394165039062
8396.8000000002,9.741572380065918,2.2676684856414795,0,9.837813377380371
8397.600000000199,10.459765434265137,2.2463200092315674,0,9.834895133972168
8398.4000000002,9.050620079040527,2.2575392723083496,0,9.831937789916992
8399.2000000002,11.366771697998047,1.3538506031036377,0,9.827362060546875
8400.0000000002,10.06078815460205,0.37235140800476074,0,9.811208724975586
8400.8000000002,9.228940963745117,0.26746320724487305,0,9.78481674194336
8401.6000000002,8.340925216674805,0.3507448434829712,0,9.761222839355469
8402.400000000202,10.48874282836914,0.8961231708526611,0,9.742144584655762
8403.2000000002,9.043241500854492,1.9905189275741577,0,9.718374252319336
8404.0000000002,9.59920597076416,2.3636014461517334,0,9.68867301940918
8404.800000000201,9.7610502243042,2.291062593460083,0,9.658291816711426
8405.600000000202,10.996368408203125,2.1434319019317627,0,9.627910614013672
8406.400000000202,9.657912254333496,2.2347772121429443,0,9.599740028381348
8407.2000000002,11.251215934753418,2.2503232955932617,0,9.576149940490723
8408.000000000202,10.297904014587402,2.292142868041992,0,9.559660911560059
8408.800000000203,10.55742359161377,2.34623122215271,0,9.54984188079834
8409.600000000202,9.03000545501709,2.3149659633636475,0,9.547024726867676
8410.400000000202,10.336009979248047,2.3289718627929688,0,9.551852226257324
8411.200000000203,9.87845230102539,2.193190097808838,0,9.56353759765625
8412.000000000204,10.067977905273438,2.257448434829712,0,9.580743789672852
8412.800000000203,9.762482643127441,2.27433705329895,0,9.60113525390625
8413.600000000202,9.80384349822998,2.4388654232025146,0,9.622076988220215
8414.400000000203,9.139315605163574,2.288513422012329,0,9.640870094299316
8415.200000000204,9.72592830657959,1.9548033475875854,0,9.658562660217285
8416.000000000204,10.813268661499023,1.306770920753479,0,9.670746803283691
8416.800000000203,10.425756454467773,0.8318759202957153,0,9.673501014709473
8417.600000000204,11.575514793395996,0.9116839170455933,0,9.6806640625
8418.400000000205,10.058523178100586,1.418932318687439,0,9.687021255493164
8419.200000000204,8.797307014465332,2.090496063232422,0,9.687202453613281
8420.000000000204,8.08940601348877,2.3163902759552,0,9.682483673095703
8420.800000000205,9.382824897766113,2.2405526638031006,0,9.67622184753418
8421.600000000206,10.484004974365234,2.3339319229125977,0,9.669986724853516
8422.400000000205,9.74356746673584,2.278465747833252,0,9.663750648498535
8423.200000000204,10.483570098876953,2.3681018352508545,0,9.656729698181152
8424.000000000206,9.267531394958496,2.4670021533966064,0,9.650614738464355
8424.800000000207,9.95205020904541,2.2145705223083496,0,9.644942283630371
8425.600000000206,9.770557403564453,2.3112964630126953,0,9.640493392944336
8426.400000000205,9.33181381225586,2.2783069610595703,0,9.639230728149414
8427.200000000206,10.319520950317383,2.2532243728637695,0,9.642826080322266
8428.000000000207,11.082318305969238,2.205242156982422,0,9.65291690826416
8428.800000000207,10.37033748626709,2.2336177825927734,0,9.668827056884766
8429.600000000206,10.477720260620117,2.0636394023895264,0,9.690471649169922
8430.400000000207,10.784603118896484,1.1370306015014648,0,9.713689804077148
8431.200000000208,7.973548889160156,0.3724130690097809,0,9.73586368560791
8432.000000000207,9.589655876159668,0.30082765221595764,0,9.76372241973877
8432.800000000207,9.583317756652832,0.36361250281333923,0,9.803853034973145
8433.600000000208,8.922990798950195,1.1111013889312744,0,9.83039379119873
8434.400000000209,10.595558166503906,1.828736662864685,0,9.845165252685547
8435.200000000208,9.590696334838867,2.185173988342285,0,9.857322692871094
8436.000000000207,10.103156089782715,1.999512791633606,0,9.864662170410156
8436.800000000208,10.491097450256348,2.114351511001587,0,9.865553855895996
8437.60000000021,11.220118522644043,2.1446592807769775,0,9.861397743225098
8438.400000000209,10.405899047851562,2.2581787109375,0,9.853883743286133
8439.200000000208,10.998970985412598,2.2193076610565186,0,9.845357894897461
8440.00000000021,9.999788284301758,2.332487106323242,0,9.835782051086426
8440.80000000021,9.082149505615234,2.3753528594970703,0,9.827290534973145
8441.60000000021,8.963907241821289,2.4799692630767822,0,9.821981430053711
8442.400000000209,9.91865062713623,2.398562431335449,0,9.819965362548828
8443.20000000021,10.677306175231934,2.473785877227783,0,9.821208953857422
8444.000000000211,10.467785835266113,2.3629167079925537,0,9.826107025146484
8444.80000000021,9.621488571166992,2.6552021503448486,0,9.833125114440918
8445.60000000021,8.235849380493164,2.380993127822876,0,9.840554237365723
8446.40000000021,11.048280715942383,2.3055901527404785,0,9.848182678222656
8447.200000000212,10.399750709533691,1.9543660879135132,0,9.855822563171387
8448.000000000211,10.22948169708252,1.9582868814468384,0,9.86077880859375
8448.80000000021,10.918510437011719,1.9747159481048584,0,9.868796348571777
8449.600000000211,10.145133972167969,2.2060153484344482,0,9.87767505645752
8450.400000000212,9.685861587524414,2.259324073791504,0,9.887520790100098
8451.200000000212,9.701716423034668,2.453526020050049,0,9.899145126342773
8452.000000000211,11.086528778076172,2.0856552124023438,0,9.914837837219238
8452.800000000212,10.984048843383789,1.25859797000885,0,9.9300537109375
8453.600000000213,8.469609260559082,0.9483072757720947,0,9.93966293334961
8454.400000000212,9.169979095458984,0.906852662563324,0,9.956478118896484
8455.200000000212,11.819522857666016,1.2253477573394775,0,9.976580619812012
8456.000000000213,10.091614723205566,2.0578176975250244,0,9.988804817199707
8456.800000000214,9.549154281616211,2.373274326324463,0,9.997293472290039
8457.600000000213,8.407139778137207,2.3537611961364746,0,10.005590438842773
8458.400000000212,9.81616497039795,2.273452043533325,0,10.01202392578125
8459.200000000214,9.371438980102539,2.3960657119750977,0,10.016439437866211
8460.000000000215,9.354853630065918,2.3234312534332275,0,10.02049446105957
8460.800000000214,10.763934135437012,2.305079698562622,0,10.024099349975586
8461.600000000213,9.756017684936523,2.34869122505188,0,10.02736759185791
8462.400000000214,9.140595436096191,2.4651591777801514,0,10.029732704162598
8463.200000000215,9.692360877990723,2.491936683654785,0,10.032196998596191
8464.000000000215,10.655546188354492,2.30958890914917,0,10.032402992248535
8464.800000000214,11.247876167297363,2.0114002227783203,0,10.032563209533691
8465.600000000215,8.705516815185547,1.4763810634613037,0,10.03330135345459
8466.400000000216,10.158001899719238,0.7581642270088196,0,10.02440357208252
8467.200000000215,12.001301765441895,0.41013768315315247,0,10.009289741516113
8468.000000000215,11.71196174621582,0.618877112865448,0,10.005826950073242
8468.800000000216,11.084573745727539,1.3749676942825317,0,10.002655029296875
8469.600000000217,10.792351722717285,2.033341884613037,0,9.992199897766113
8470.400000000216,10.282166481018066,2.260768175125122,0,9.980788230895996
8471.200000000215,10.540410995483398,2.1603024005889893,0,9.968826293945312
8472.000000000216,10.02439022064209,2.3566763401031494,0,9.95438289642334
8472.800000000218,10.31580638885498,2.3058061599731445,0,9.939288139343262
8473.600000000217,9.937060356140137,2.487123727798462,0,9.9243745803833
8474.400000000216,9.33368968963623,2.218722105026245,0,9.910932540893555
8475.200000000217,10.670785903930664,2.2122974395751953,0,9.89840030670166
8476.000000000218,10.523161888122559,2.039710283279419,0,9.886850357055664
8476.800000000218,9.50297737121582,2.1367292404174805,0,9.878933906555176
8477.600000000217,11.516276359558105,2.1915745735168457,0,9.875271797180176
8478.400000000218,9.680301666259766,2.2695868015289307,0,9.873963356018066
8479.200000000219,10.214797973632812,2.298412799835205,0,9.876058578491211
8480.000000000218,11.17599868774414,2.1849756240844727,0,9.88033390045166
8480.800000000218,9.954360961914062,2.193878650665283,0,9.885661125183105
8481.600000000219,10.614921569824219,2.360689878463745,0,9.891281127929688
8482.40000000022,11.024656295776367,2.415245771408081,0,9.896623611450195
8483.200000000219,10.938189506530762,2.250354528427124,0,9.901212692260742
8484.000000000218,9.994391441345215,2.374070167541504,0,9.904074668884277
8484.80000000022,10.461133003234863,2.411078453063965,0,9.905425071716309
8485.60000000022,10.166940689086914,2.4187731742858887,0,9.904973030090332
8486.40000000022,9.443978309631348,2.3324713706970215,0,9.902193069458008
8487.200000000219,10.993001937866211,2.4303793907165527,0,9.897655487060547
8488.00000000022,9.823670387268066,2.3210086822509766,0,9.89175033569336
8488.800000000221,8.970821380615234,2.416348457336426,0,9.884194374084473
8489.60000000022,10.398344039916992,2.3537790775299072,0,9.8759126663208
8490.40000000022,10.185386657714844,2.4496536254882812,0,9.868294715881348
8491.20000000022,9.133943557739258,2.3085830211639404,0,9.861784934997559
8492.000000000222,10.168334007263184,2.3605117797851562,0,9.856030464172363
8492.800000000221,9.930734634399414,2.304072141647339,0,9.85183334350586
8493.60000000022,10.078660011291504,1.89030921459198,0,9.851573944091797
8494.400000000222,9.945796966552734,1.522377610206604,0,9.849676132202148
8495.200000000223,10.073119163513184,1.1810144186019897,0,9.84411334991455
8496.000000000222,10.761163711547852,1.3279056549072266,0,9.846325874328613
8496.800000000221,9.132163047790527,1.9617648124694824,0,9.848609924316406
8497.600000000222,8.987735748291016,2.165130615234375,0,9.847267150878906
8498.400000000223,10.196329116821289,2.179133892059326,0,9.844416618347168
8499.200000000223,9.801633834838867,2.2259180545806885,0,9.84189224243164
8500.000000000222,9.704057693481445,2.405164957046509,0,9.837421417236328
8500.800000000223,9.844541549682617,2.3737802505493164,0,9.832326889038086
8501.600000000224,9.428318977355957,2.3315823078155518,0,9.826910972595215
8502.400000000223,10.941341400146484,2.274538278579712,0,9.818824768066406
8503.200000000223,9.899199485778809,2.3576560020446777,0,9.80726432800293
8504.000000000224,9.678471565246582,2.169853687286377,0,9.792207717895508
8504.800000000225,8.977323532104492,1.8934383392333984,0,9.775896072387695
8505.600000000224,9.77998161315918,1.0384033918380737,0,9.754595756530762
8506.400000000223,9.428531646728516,0.7913544774055481,0,9.723811149597168
8507.200000000224,10.154601097106934,0.7843788862228394,0,9.695883750915527
8508.000000000226,9.659358024597168,1.3107346296310425,0,9.676094055175781
8508.800000000225,10.172710418701172,2.1032865047454834,0,9.652572631835938
8509.600000000224,9.347675323486328,2.3940823078155518,0,9.628507614135742
8510.400000000225,9.532451629638672,2.411999225616455,0,9.61107063293457
8511.200000000226,9.095294952392578,2.445312023162842,0,9.597805976867676
8512.000000000226,9.538396835327148,2.335631847381592,0,9.590044021606445
8512.800000000225,9.567726135253906,2.4482643604278564,0,9.586816787719727
8513.600000000226,9.731924057006836,2.2918903827667236,0,9.587992668151855
8514.400000000227,9.635807037353516,2.366204261779785,0,9.59251594543457
8515.200000000226,9.052790641784668,2.588942766189575,0,9.599137306213379
8516.000000000226,10.354815483093262,2.4835710525512695,0,9.606517791748047
8516.800000000227,9.505751609802246,2.5055148601531982,0,9.614704132080078
8517.600000000228,9.474535942077637,2.433567762374878,0,9.623181343078613
8518.400000000227,9.060670852661133,2.5152573585510254,0,9.631940841674805
8519.200000000226,8.19915771484375,2.4794864654541016,0,9.639657020568848
8520.000000000227,9.521748542785645,2.450122356414795,0,9.647136688232422
8520.800000000228,8.843857765197754,2.2710583209991455,0,9.654156684875488
8521.600000000228,10.227816581726074,2.373654842376709,0,9.659937858581543
8522.400000000227,9.042814254760742,2.29068660736084,0,9.6649808883667
8523.200000000228,10.709539413452148,2.256885051727295,0,9.668830871582031
8524.00000000023,9.899137496948242,2.4036877155303955,0,9.671236991882324
8524.800000000228,8.033851623535156,2.569918632507324,0,9.671296119689941
8525.600000000228,9.144281387329102,2.3905584812164307,0,9.670212745666504
8526.400000000229,9.77718734741211,2.661876678466797,0,9.66719913482666
8527.20000000023,9.498739242553711,2.4541940689086914,0,9.662093162536621
8528.00000000023,9.866744041442871,2.389002799987793,0,9.655722618103027
8528.800000000228,9.991739273071289,2.4836645126342773,0,9.648222923278809
8529.60000000023,8.834601402282715,2.5250096321105957,0,9.63974380493164
8530.40000000023,8.872604370117188,2.4379138946533203,0,9.630951881408691
8531.20000000023,9.589336395263672,2.573887586593628,0,9.621932983398438
8532.00000000023,10.315738677978516,2.531473398208618,0,9.612286567687988
8532.80000000023,9.582443237304688,2.427905559539795,0,9.60230827331543
8533.600000000231,10.375687599182129,2.334291458129883,0,9.592235565185547
8534.40000000023,10.017999649047852,2.5299978256225586,0,9.582208633422852
8535.20000000023,9.630181312561035,2.6375439167022705,0,9.571969032287598
8536.000000000231,8.742624282836914,2.357825517654419,0,9.561717987060547
8536.800000000232,9.19621753692627,2.5363638401031494,0,9.55177116394043
8537.600000000231,9.471829414367676,2.5769002437591553,0,9.54111099243164
8538.40000000023,8.130459785461426,2.3395979404449463,0,9.530211448669434
8539.200000000232,10.333584785461426,2.173356294631958,0,9.519968032836914
8540.000000000233,8.402259826660156,1.763068675994873,0,9.505216598510742
8540.800000000232,9.777461051940918,1.875545859336853,0,9.489236831665039
8541.600000000231,10.050214767456055,2.199767589569092,0,9.475193977355957
8542.400000000232,10.476016998291016,2.4365546703338623,0,9.455887794494629
8543.200000000234,9.446155548095703,2.3561859130859375,0,9.434325218200684
8544.000000000233,10.375689506530762,2.5248234272003174,0,9.413430213928223
8544.800000000232,8.000154495239258,2.427135944366455,0,9.393959999084473
8545.600000000233,9.885769844055176,2.3337225914001465,0,9.377923011779785
8546.400000000234,8.796418190002441,2.51751708984375,0,9.367969512939453
8547.200000000234,8.160172462463379,2.6208443641662598,0,9.364928245544434
8548.000000000233,7.894659996032715,2.366197109222412,0,9.368535041809082
8548.800000000234,9.962531089782715,2.1468758583068848,0,9.380091667175293
8549.600000000235,8.511275291442871,1.576565146446228,0,9.395416259765625
8550.400000000234,9.142565727233887,1.3286107778549194,0,9.414644241333008
8551.200000000234,9.630000114440918,1.46096670627594,0,9.443038940429688
8552.000000000235,9.575028419494629,1.9785429239273071,0,9.468927383422852
8552.800000000236,9.55325984954834,2.4890940189361572,0,9.492502212524414
8553.600000000235,10.301881790161133,2.5822808742523193,0,9.514408111572266
8554.400000000234,9.726118087768555,2.5562386512756348,0,9.533241271972656
8555.200000000235,10.152715682983398,2.2722790241241455,0,9.54951286315918
8556.000000000236,9.237272262573242,2.4720003604888916,0,9.562950134277344
8556.800000000236,9.988737106323242,2.4982590675354004,0,9.574017524719238
8557.600000000235,9.431909561157227,2.457719564437866,0,9.583998680114746
8558.400000000236,10.494057655334473,2.485156297683716,0,9.592779159545898
8559.200000000237,9.883808135986328,2.434333562850952,0,9.599780082702637
8560.000000000236,10.128554344177246,2.3231306076049805,0,9.60612678527832
8560.800000000236,8.660497665405273,2.6685264110565186,0,9.612098693847656
8561.600000000237,8.6600923538208,2.477011203765869,0,9.61684513092041
8562.400000000238,8.848756790161133,2.5878889560699463,0,9.621015548706055
8563.200000000237,9.981590270996094,2.4181411266326904,0,9.62439250946045
8564.000000000236,8.919116020202637,2.241999387741089,0,9.626360893249512
8564.800000000238,8.150044441223145,2.454646110534668,0,9.626840591430664
8565.600000000239,10.686200141906738,2.5331761837005615,0,9.626556396484375
8566.400000000238,8.065146446228027,2.4911932945251465,0,9.624939918518066
8567.200000000237,10.006803512573242,2.6278278827667236,0,9.62197208404541
8568.000000000238,8.884159088134766,2.453786849975586,0,9.618548393249512
8568.80000000024,9.94106674194336,2.547088623046875,0,9.61506462097168
8569.600000000239,9.580739974975586,2.556731939315796,0,9.611611366271973
8570.400000000238,9.433974266052246,2.468067169189453,0,9.609114646911621
8571.200000000239,9.756644248962402,2.505511999130249,0,9.607717514038086
8572.00000000024,10.632227897644043,2.5444371700286865,0,9.6071138381958
8572.80000000024,9.8889741897583,2.396991491317749,0,9.607211112976074
8573.600000000239,9.136070251464844,2.3098487854003906,0,9.608208656311035
8574.40000000024,8.877979278564453,2.3802735805511475,0,9.609354019165039
8575.20000000024,9.92529010772705,2.3810408115386963,0,9.608602523803711
8576.00000000024,9.197806358337402,2.4137914180755615,0,9.607088088989258
8576.80000000024,10.141741752624512,2.5095155239105225,0,9.60375690460205
8577.60000000024,9.06115436553955,2.4810614585876465,0,9.597908020019531
8578.400000000242,8.648458480834961,2.4255571365356445,0,9.589836120605469
8579.20000000024,9.075303077697754,2.2618565559387207,0,9.580089569091797
8580.00000000024,8.166998863220215,2.29659104347229,0,9.567882537841797
8580.800000000241,9.764730453491211,2.435379981994629,0,9.552755355834961
8581.600000000242,9.50561809539795,2.484727382659912,0,9.535594940185547
8582.400000000242,9.4938325881958,2.7180709838867188,0,9.51583480834961
8583.20000000024,10.480757713317871,2.5264596939086914,0,9.49239444732666
8584.000000000242,9.964385986328125,2.6047940254211426,0,9.465716361999512
8584.800000000243,10.03261661529541,2.5787642002105713,0,9.43606185913086
8585.600000000242,8.820228576660156,2.5214195251464844,0,9.40241813659668
8586.400000000242,8.830411911010742,2.474823474884033,0,9.365335464477539
8587.200000000243,8.885597229003906,2.483473539352417,0,9.325963020324707
8588.000000000244,8.326886177062988,2.3794305324554443,0,9.283933639526367
8588.800000000243,9.118297576904297,2.3068952560424805,0,9.240442276000977
8589.600000000242,9.19840145111084,1.9094644784927368,0,9.195398330688477
8590.400000000243,9.605998992919922,1.9287198781967163,0,9.14789867401123
8591.200000000244,8.555828094482422,2.223054885864258,0,9.104043960571289
8592.000000000244,10.814265251159668,2.5229053497314453,0,9.061186790466309
8592.800000000243,9.917967796325684,2.7220234870910645,0,9.022192001342773
8593.600000000244,8.87100601196289,2.578301429748535,0,8.985330581665039
8594.400000000245,9.245077133178711,2.5983095169067383,0,8.952503204345703
8595.200000000244,8.84366226196289,2.469510793685913,0,8.925089836120605
8596.000000000244,7.523039817810059,2.4794342517852783,0,8.901956558227539
8596.800000000245,10.274772644042969,2.480919599533081,0,8.88388442993164
8597.600000000246,8.894493103027344,2.120145797729492,0,8.872383117675781
8598.400000000245,9.33423137664795,1.896051287651062,0,8.867053031921387
8599.200000000244,7.623555660247803,1.9040513038635254,0,8.871064186096191
8600.000000000246,9.756138801574707,2.238771677017212,0,8.888731956481934
8600.800000000247,8.113357543945312,2.4391379356384277,0,8.912277221679688
8601.600000000246,8.37897777557373,2.5465171337127686,0,8.94442081451416
8602.400000000245,8.60830020904541,2.657191753387451,0,8.98477840423584
8603.200000000246,8.987130165100098,2.528409957885742,0,9.029379844665527
8604.000000000247,8.232821464538574,2.4338343143463135,0,9.075044631958008
8604.800000000247,7.956676959991455,2.6155080795288086,0,9.11887264251709
8605.600000000246,8.405345916748047,2.817958354949951,0,9.160684585571289
8606.400000000247,9.680351257324219,2.6424248218536377,0,9.198031425476074
8607.200000000248,8.795620918273926,2.808199644088745,0,9.229799270629883
8608.000000000247,9.579404830932617,2.705174207687378,0,9.257041931152344
8608.800000000247,8.045286178588867,2.682687997817993,0,9.28026008605957
8609.600000000248,9.186357498168945,2.5507938861846924,0,9.298928260803223
8610.400000000249,9.811387062072754,2.6019134521484375,0,9.313661575317383
8611.200000000248,7.7767791748046875,2.457767963409424,0,9.326470375061035
8612.000000000247,8.720129013061523,2.4096596240997314,0,9.336803436279297
8612.800000000248,8.31753921508789,2.668978691101074,0,9.344658851623535
8613.60000000025,8.803373336791992,2.531637191772461,0,9.35141372680664
8614.400000000249,9.004300117492676,2.389040231704712,0,9.356546401977539
8615.200000000248,7.850400447845459,2.411543846130371,0,9.360347747802734
8616.00000000025,8.664316177368164,2.2980754375457764,0,9.364850997924805
8616.80000000025,9.983061790466309,2.197389841079712,0,9.369179725646973
8617.60000000025,8.340991020202637,2.340503692626953,0,9.37235164642334
8618.400000000249,8.375439643859863,2.0785913467407227,0,9.376007080078125
8619.20000000025,9.2650785446167,2.0309622287750244,0,9.379576683044434
8620.000000000251,8.213997840881348,1.984947681427002,0,9.382463455200195
8620.80000000025,8.456014633178711,1.9889540672302246,0,9.38447093963623
8621.60000000025,8.394495964050293,1.9003832340240479,0,9.385308265686035
8622.40000000025,8.23520565032959,1.7903711795806885,0,9.383748054504395
8623.200000000252,9.167037963867188,1.7768319845199585,0,9.379732131958008
8624.000000000251,9.603367805480957,1.7620936632156372,0,9.373656272888184
8624.80000000025,8.110696792602539,1.6676115989685059,0,9.364898681640625
8625.600000000251,8.779675483703613,1.6375789642333984,0,9.353757858276367
8626.400000000252,9.626190185546875,1.642741084098816,0,9.341350555419922
8627.200000000252,7.677506446838379,1.4614770412445068,0,9.328167915344238
8628.000000000251,10.50047779083252,1.4701511859893799,0,9.314974784851074
8628.800000000252,8.802521705627441,1.6125385761260986,0,9.303031921386719
8629.600000000253,9.281649589538574,1.5560152530670166,0,9.292417526245117
8630.400000000252,8.001980781555176,1.3869588375091553,0,9.283172607421875
8631.200000000252,7.831907749176025,1.4353184700012207,0,9.2758150100708
8632.000000000253,8.850443840026855,1.6407407522201538,0,9.269729614257812
8632.800000000254,8.030004501342773,1.5032033920288086,0,9.262727737426758
8633.600000000253,8.742578506469727,1.355251431465149,0,9.254758834838867
8634.400000000252,8.427515029907227,1.478941559791565,0,9.247729301452637
8635.200000000254,8.591106414794922,1.5718016624450684,0,9.239477157592773
8636.000000000255,8.899928092956543,1.6709262132644653,0,9.231314659118652
8636.800000000254,10.156486511230469,1.6195186376571655,0,9.225278854370117
8637.600000000253,8.332107543945312,1.4633920192718506,0,9.221261024475098
8638.400000000254,9.178361892700195,1.7550925016403198,0,9.22226619720459
8639.200000000255,9.93210220336914,1.863472580909729,0,9.228753089904785
8640.000000000255,8.203390121459961,2.0567846298217773,0,9.23788070678711
8640.800000000254,9.93152141571045,1.8957784175872803,0,9.249199867248535
8641.600000000255,7.636081218719482,1.8165383338928223,0,9.261825561523438
8642.400000000256,10.518178939819336,1.9885146617889404,0,9.27242660522461
8643.200000000255,8.644074440002441,1.9904375076293945,0,9.279706001281738
8644.000000000255,9.80428695678711,2.1026763916015625,0,9.28295612335205
8644.800000000256,8.685823440551758,2.1791775226593018,0,9.281814575195312
8645.600000000257,10.04074764251709,2.3729264736175537,0,9.273560523986816
8646.400000000256,9.181478500366211,2.4532299041748047,0,9.259073257446289
8647.200000000255,8.886781692504883,2.3928959369659424,0,9.241036415100098
8648.000000000256,10.08164119720459,1.980945110321045,0,9.217855453491211
8648.800000000258,8.201294898986816,2.0464484691619873,0,9.190292358398438
8649.600000000257,10.452467918395996,2.0079641342163086,0,9.16152286529541
8650.400000000256,9.83891487121582,1.8878719806671143,0,9.135648727416992
8651.200000000257,8.477500915527344,1.6290888786315918,0,9.108098030090332
8652.000000000258,9.202629089355469,1.41891610622406,0,9.079864501953125
8652.800000000258,8.602143287658691,1.4028970003128052,0,9.059392929077148
8653.600000000257,8.091346740722656,1.6134653091430664,0,9.045896530151367
8654.400000000258,8.486309051513672,1.9776630401611328,0,9.036718368530273
8655.200000000259,9.461311340332031,1.8556030988693237,0,9.033430099487305
8656.000000000258,9.414042472839355,1.4751235246658325,0,9.034822463989258
8656.800000000258,9.21319580078125,1.1871577501296997,0,9.041571617126465
8657.600000000259,8.22536849975586,1.172389268875122,0,9.056571960449219
8658.40000000026,10.77956485748291,1.5579661130905151,0,9.075570106506348
8659.200000000259,10.70115852355957,1.920165777206421,0,9.092389106750488
8660.000000000258,10.002236366271973,1.8630696535110474,0,9.107026100158691
8660.80000000026,8.179926872253418,1.4849495887756348,0,9.117679595947266
8661.60000000026,8.713443756103516,1.2996362447738647,0,9.124089241027832
8662.40000000026,9.325932502746582,1.366369366645813,0,9.1322021484375
8663.200000000259,9.31523323059082,1.7243057489395142,0,9.140103340148926
8664.00000000026,10.321062088012695,2.1756088733673096,0,9.142451286315918
8664.800000000261,9.590216636657715,2.103288412094116,0,9.147833824157715
8665.60000000026,8.673223495483398,1.5947580337524414,0,9.15328598022461
8666.40000000026,10.067403793334961,1.210155963897705,0,9.160050392150879
8667.20000000026,10.374764442443848,1.2775697708129883,0,9.172955513000488
8668.000000000262,8.815796852111816,1.416675090789795,0,9.192038536071777
8668.800000000261,9.337121963500977,2.0326051712036133,0,9.211570739746094
8669.60000000026,9.417101860046387,2.0982866287231445,0,9.231579780578613
8670.400000000262,8.071354866027832,1.8495264053344727,0,9.252664566040039
8671.200000000263,8.2647123336792,1.508049488067627,0,9.274567604064941
8672.000000000262,8.288394927978516,1.4461944103240967,0,9.29725170135498
8672.800000000261,9.7936429977417,1.6679306030273438,0,9.322120666503906
8673.600000000262,9.325539588928223,2.076045513153076,0,9.345398902893066
8674.400000000263,10.261449813842773,2.3311901092529297,0,9.363654136657715
8675.200000000263,8.402762413024902,2.1855790615081787,0,9.379680633544922
8676.000000000262,11.548428535461426,1.834402322769165,0,9.393366813659668
8676.800000000263,9.213652610778809,1.6666665077209473,0,9.403199195861816
8677.600000000264,8.696613311767578,1.5859706401824951,0,9.410959243774414
8678.400000000263,9.275975227355957,1.8232243061065674,0,9.419286727905273
8679.200000000263,9.800569534301758,2.240424633026123,0,9.423107147216797
8680.000000000264,10.037644386291504,2.1919503211975098,0,9.421563148498535
8680.800000000265,9.221675872802734,2.1721251010894775,0,9.418120384216309
8681.600000000264,11.128843307495117,2.080549716949463,0,9.408995628356934
8682.400000000263,10.579232215881348,1.8331159353256226,0,9.393961906433105
8683.200000000264,8.280534744262695,1.801852822303772,0,9.375813484191895
8684.000000000266,7.15700626373291,2.0783979892730713,0,9.356180191040039
8684.800000000265,10.037786483764648,2.262019395828247,0,9.333072662353516
8685.600000000264,8.631319046020508,2.3596293926239014,0,9.306279182434082
8686.400000000265,10.143049240112305,2.264880895614624,0,9.277002334594727
8687.200000000266,9.383021354675293,2.2861413955688477,0,9.245499610900879
8688.000000000266,9.604288101196289,2.196107864379883,0,9.212447166442871
8688.800000000265,8.55112075805664,2.196307420730591,0,9.180706977844238
8689.600000000266,9.88000774383545,2.1358389854431152,0,9.150643348693848
8690.400000000267,9.583253860473633,2.3208820819854736,0,9.12215805053711
8691.200000000266,10.347362518310547,2.3487548828125,0,9.096111297607422
8692.000000000266,9.975369453430176,2.2406671047210693,0,9.07468318939209
8692.800000000267,8.463554382324219,2.4603688716888428,0,9.059489250183105
8693.600000000268,8.911559104919434,2.157283306121826,0,9.05200481414795
8694.400000000267,9.069272994995117,2.2176997661590576,0,9.054579734802246
8695.200000000266,8.61197280883789,2.312800168991089,0,9.06640625
8696.000000000267,9.215778350830078,2.330979585647583,0,9.086219787597656
8696.800000000268,10.445284843444824,2.232722282409668,0,9.112791061401367
8697.600000000268,8.766556739807129,2.48327374458313,0,9.143722534179688
8698.400000000267,8.584879875183105,2.3560237884521484,0,9.175737380981445
8699.200000000268,9.329867362976074,2.279315710067749,0,9.208232879638672
8700.00000000027,9.072352409362793,2.307582378387451,0,9.238897323608398
8700.800000000268,9.079360961914062,2.4608469009399414,0,9.265378952026367
8701.600000000268,8.56807804107666,2.2070629596710205,0,9.288239479064941
8702.400000000269,9.175111770629883,2.2721245288848877,0,9.308161735534668
8703.20000000027,9.231860160827637,2.2732231616973877,0,9.323820114135742
8704.00000000027,10.332221984863281,2.2450578212738037,0,9.336523056030273
8704.800000000268,9.404888153076172,2.3036372661590576,0,9.346145629882812
8705.60000000027,9.166546821594238,2.5359091758728027,0,9.353657722473145
8706.40000000027,8.197415351867676,2.519646167755127,0,9.359610557556152
8707.20000000027,8.384803771972656,2.406893730163574,0,9.365202903747559
8708.00000000027,9.707676887512207,2.29136061668396,0,9.369893074035645
8708.80000000027,9.580777168273926,2.056265115737915,0,9.373567581176758
8709.600000000271,8.793351173400879,2.130934000015259,0,9.377949714660645
8710.40000000027,10.160345077514648,2.3530492782592773,0,9.381251335144043
8711.20000000027,9.153716087341309,2.321629285812378,0,9.382779121398926
8712.000000000271,8.859442710876465,2.4614574909210205,0,9.384125709533691
8712.800000000272,9.510763168334961,2.636003017425537,0,9.38422679901123
8713.600000000271,8.658280372619629,2.458008289337158,0,9.383009910583496
8714.40000000027,8.22263240814209,2.563866376876831,0,9.381531715393066
8715.200000000272,9.27340316772461,2.3467535972595215,0,9.379668235778809
8716.000000000273,8.527567863464355,2.662726879119873,0,9.376779556274414
8716.800000000272,8.887585639953613,2.699086904525757,0,9.3735933303833
8717.600000000271,8.690145492553711,2.476628303527832,0,9.370272636413574
8718.400000000272,8.956080436706543,2.337613105773926,0,9.366108894348145
8719.200000000274,8.956774711608887,2.3643369674682617,0,9.36079216003418
8720.000000000273,7.678454399108887,2.50575590133667,0,9.3561429977417
8720.800000000272,9.333744049072266,2.499351978302002,0,9.35079574584961
8721.600000000273,8.731978416442871,2.5312821865081787,0,9.344505310058594
8722.400000000274,8.367894172668457,2.5816075801849365,0,9.338438034057617
8723.200000000274,9.095303535461426,2.426973581314087,0,9.331480979919434
8724.000000000273,8.99170207977295,2.3310909271240234,0,9.323633193969727
8724.800000000274,8.80899429321289,2.6151397228240967,0,9.31569766998291
8725.600000000275,8.26978588104248,2.541415214538574,0,9.306363105773926
8726.400000000274,8.283378601074219,2.31833553314209,0,9.295592308044434
8727.200000000274,8.998706817626953,2.5046186447143555,0,9.284733772277832
8728.000000000275,9.24732780456543,2.3610689640045166,0,9.274112701416016
8728.800000000276,10.196894645690918,2.348728656768799,0,9.264276504516602
8729.600000000275,9.178515434265137,2.335083246231079,0,9.256792068481445
8730.400000000274,8.66709041595459,2.4280714988708496,0,9.252147674560547
8731.200000000275,8.713794708251953,2.5078318119049072,0,9.249250411987305
8732.000000000276,9.184945106506348,2.458838701248169,0,9.248467445373535
8732.800000000276,8.779813766479492,2.448756694793701,0,9.249019622802734
8733.600000000275,8.927597045898438,2.609448194503784,0,9.249024391174316
8734.400000000276,9.492196083068848,2.3967325687408447,0,9.247795104980469
8735.200000000277,9.172168731689453,2.5993428230285645,0,9.246135711669922
8736.000000000276,9.302428245544434,2.5089662075042725,0,9.242959976196289
8736.800000000276,8.22465705871582,2.5503432750701904,0,9.238956451416016
8737.600000000277,8.944976806640625,2.633091926574707,0,9.23666763305664
8738.400000000278,8.258768081665039,2.581251382827759,0,9.235639572143555
8739.200000000277,9.173628807067871,2.408050060272217,0,9.236982345581055
8740.000000000276,8.831188201904297,2.3629865646362305,0,9.242047309875488
8740.800000000278,9.060089111328125,2.29508900642395,0,9.24992561340332
8741.600000000279,8.995988845825195,2.392315626144409,0,9.259127616882324
8742.400000000278,9.128268241882324,2.1459264755249023,0,9.269064903259277
8743.200000000277,8.172325134277344,2.3494315147399902,0,9.278398513793945
8744.000000000278,9.559727668762207,2.4564926624298096,0,9.284902572631836
8744.80000000028,8.542146682739258,2.6012322902679443,0,9.288641929626465
8745.600000000279,11.45775318145752,2.4202263355255127,0,9.290196418762207
8746.400000000278,8.212677001953125,2.3643059730529785,0,9.288443565368652
8747.200000000279,9.803666114807129,2.429619550704956,0,9.283958435058594
8748.00000000028,9.204387664794922,2.506706476211548,0,9.280326843261719
8748.80000000028,9.366722106933594,2.4548933506011963,0,9.276391983032227
8749.600000000279,9.170719146728516,2.429659605026245,0,9.27396297454834
8750.40000000028,7.935371398925781,2.375539541244507,0,9.275670051574707
8751.20000000028,10.516504287719727,2.293895721435547,0,9.279398918151855
8752.00000000028,9.0034761428833,2.405634880065918,0,9.285463333129883
8752.80000000028,8.257898330688477,2.497668504714966,0,9.29472541809082
8753.60000000028,8.136890411376953,2.3541061878204346,0,9.304791450500488
8754.400000000282,8.713053703308105,2.610304832458496,0,9.313982963562012
8755.20000000028,9.81711196899414,2.403385639190674,0,9.322786331176758
8756.00000000028,9.476822853088379,2.496372699737549,0,9.330253601074219
8756.800000000281,8.026765823364258,2.6271090507507324,0,9.334922790527344
8757.600000000282,10.171773910522461,2.747190237045288,0,9.336692810058594
8758.400000000282,10.599112510681152,2.3063623905181885,0,9.33761978149414
8759.20000000028,9.396729469299316,2.1185848712921143,0,9.338549613952637
8760.000000000282,7.5298380851745605,1.4972686767578125,0,9.333552360534668
8760.800000000283,10.622518539428711,1.0995463132858276,0,9.329282760620117
8761.600000000282,10.3360013961792,0.9900754690170288,0,9.326539039611816
8762.400000000282,8.665299415588379,0.6514567136764526,0,9.325029373168945
8763.200000000283,8.484698295593262,0.5474603176116943,0,9.326245307922363
8764.000000000284,9.746776580810547,0.6994895935058594,0,9.337241172790527
8764.800000000283,9.781094551086426,1.382783055305481,0,9.349056243896484
8765.600000000282,9.371529579162598,2.0089926719665527,0,9.357051849365234
8766.400000000283,9.528165817260742,2.130997657775879,0,9.366466522216797
8767.200000000284,9.39669418334961,1.4304304122924805,0,9.377172470092773
8768.000000000284,8.718263626098633,0.9429086446762085,0,9.384859085083008
8768.800000000283,9.403006553649902,0.5232928991317749,0,9.388832092285156
8769.600000000284,8.88987922668457,0.4050008952617645,0,9.39505672454834
8770.400000000285,10.762123107910156,0.6343603134155273,0,9.407073020935059
8771.200000000284,10.72080135345459,1.3371058702468872,0,9.413606643676758
8772.000000000284,8.174700736999512,2.2951159477233887,0,9.415055274963379
8772.800000000285,9.62588882446289,2.2286815643310547,0,9.413886070251465
8773.600000000286,8.601523399353027,2.6164631843566895,0,9.411871910095215
8774.400000000285,8.39136791229248,2.552710771560669,0,9.409541130065918
8775.200000000284,10.167999267578125,2.3046531677246094,0,9.404932022094727
8776.000000000286,9.840980529785156,2.106323719024658,0,9.401677131652832
8776.800000000287,9.594014167785645,1.450507640838623,0,9.398313522338867
8777.600000000286,10.018475532531738,0.9837809205055237,0,9.385045051574707
8778.400000000285,8.182589530944824,0.6922634243965149,0,9.371795654296875
8779.200000000286,10.140643119812012,0.48636394739151,0,9.357803344726562
8780.000000000287,7.192440986633301,0.3290061056613922,0,9.34017562866211
8780.800000000287,9.64876651763916,0.5895349979400635,0,9.324178695678711
8781.600000000286,9.926584243774414,1.326856017112732,0,9.3112154006958
8782.400000000287,9.548829078674316,2.1318559646606445,0,9.292248725891113
8783.200000000288,9.270069122314453,2.449390172958374,0,9.268306732177734
8784.000000000287,8.879603385925293,2.257833480834961,0,9.244664192199707
8784.800000000287,10.00560188293457,2.461638927459717,0,9.220441818237305
8785.600000000288,8.249658584594727,2.568319320678711,0,9.196682929992676
8786.400000000289,9.111589431762695,2.4424567222595215,0,9.172959327697754
8787.200000000288,9.2671480178833,2.421321392059326,0,9.151820182800293
8788.000000000287,9.453092575073242,2.7460761070251465,0,9.134106636047363
8788.800000000288,9.615399360656738,2.5425660610198975,0,9.120403289794922
8789.60000000029,10.24154281616211,2.391448497772217,0,9.110501289367676
8790.400000000289,9.607634544372559,2.3320419788360596,0,9.106483459472656
8791.200000000288,7.8135175704956055,2.042783737182617,0,9.106063842773438
8792.00000000029,8.987710952758789,1.1451588869094849,0,9.105142593383789
8792.80000000029,9.448408126831055,0.8543946743011475,0,9.108844757080078
8793.60000000029,7.846622943878174,0.9729861617088318,0,9.122161865234375
8794.400000000289,9.071507453918457,1.611147403717041,0,9.136174201965332
8795.20000000029,8.583104133605957,2.3294973373413086,0,9.144521713256836
8796.000000000291,8.874711036682129,2.4958043098449707,0,9.15384292602539
8796.80000000029,9.422096252441406,2.4878041744232178,0,9.162801742553711
8797.60000000029,9.993988037109375,2.278190851211548,0,9.170645713806152
8798.40000000029,9.492843627929688,2.34389328956604,0,9.178508758544922
8799.200000000292,9.848922729492188,2.388068437576294,0,9.18480396270752
8800.000000000291,8.61644458770752,2.4821815490722656,0,9.190251350402832
8800.80000000029,9.351030349731445,2.324451446533203,0,9.195247650146484
8801.600000000291,9.075323104858398,2.475710391998291,0,9.198043823242188
8802.400000000292,9.063394546508789,2.586134195327759,0,9.199224472045898
8803.200000000292,9.460411071777344,2.4562063217163086,0,9.19930362701416
8804.000000000291,9.246734619140625,2.4262611865997314,0,9.196654319763184
8804.800000000292,8.525291442871094,2.4166269302368164,0,9.191588401794434
8805.600000000293,9.995649337768555,2.4214839935302734,0,9.185023307800293
8806.400000000292,8.992636680603027,2.3450982570648193,0,9.176276206970215
8807.200000000292,9.168427467346191,2.544987916946411,0,9.165717124938965
8808.000000000293,9.299800872802734,2.4221742153167725,0,9.155126571655273
8808.800000000294,8.920502662658691,2.392867088317871,0,9.143617630004883
8809.600000000293,9.718634605407715,2.559396982192993,0,9.132356643676758
8810.400000000292,9.537501335144043,2.158151149749756,0,9.123517036437988
8811.200000000294,9.151640892028809,2.16043758392334,0,9.114287376403809
8812.000000000295,8.901887893676758,2.065617084503174,0,9.107155799865723
8812.800000000294,10.08383846282959,2.167954683303833,0,9.10523509979248
8813.600000000293,9.601244926452637,2.314893960952759,0,9.106623649597168
8814.400000000294,9.504022598266602,2.3392739295959473,0,9.112890243530273
8815.200000000295,8.71654987335205,2.5829014778137207,0,9.12391185760498
8816.000000000295,9.636364936828613,2.619905471801758,0,9.139662742614746
8816.800000000294,10.03586483001709,2.5553994178771973,0,9.159725189208984
8817.600000000295,8.248880386352539,2.4170827865600586,0,9.181943893432617
8818.400000000296,8.474523544311523,2.485104560852051,0,9.205461502075195
8819.200000000295,8.733952522277832,2.6843526363372803,0,9.2283353805542
8820.000000000295,9.34872055053711,2.330763816833496,0,9.249354362487793
8820.800000000296,9.120555877685547,2.393467664718628,0,9.2679443359375
8821.600000000297,9.862545013427734,2.486473798751831,0,9.283705711364746
8822.400000000296,10.629591941833496,2.375108003616333,0,9.296195030212402
8823.200000000295,9.384636878967285,2.4652462005615234,0,9.307575225830078
8824.000000000296,8.221673011779785,2.6427433490753174,0,9.315549850463867
8824.800000000298,9.948149681091309,2.4601497650146484,0,9.320428848266602
8825.600000000297,9.445907592773438,2.0163071155548096,0,9.324729919433594
8826.400000000296,8.550787925720215,1.503898024559021,0,9.32404899597168
8827.200000000297,10.916332244873047,0.6419237852096558,0,9.314553260803223
8828.000000000298,9.961993217468262,0.16489069163799286,0,9.303767204284668
8828.800000000298,11.17917251586914,0.1474369913339615,0,9.289092063903809
8829.600000000297,11.558319091796875,0.1979663074016571,0,9.275429725646973
8830.400000000298,9.014742851257324,0.6520757079124451,0,9.269448280334473
8831.200000000299,9.302817344665527,1.913498044013977,0,9.260700225830078
8832.000000000298,7.296690940856934,2.1621198654174805,0,9.246864318847656
8832.800000000298,9.352585792541504,2.1367857456207275,0,9.232880592346191
8833.600000000299,9.03149700164795,2.0348470211029053,0,9.21957015991211
8834.4000000003,8.925715446472168,1.692123293876648,0,9.206480026245117
8835.200000000299,9.724854469299316,1.601587176322937,0,9.194677352905273
8836.000000000298,7.752893447875977,1.7567431926727295,0,9.185669898986816
8836.8000000003,9.818406105041504,1.2464563846588135,0,9.178284645080566
8837.6000000003,7.9847493171691895,0.6067541241645813,0,9.168206214904785
8838.4000000003,7.493824005126953,0.47297778725624084,0,9.156347274780273
8839.200000000299,7.716647148132324,0.6936373114585876,0,9.153341293334961
8840.0000000003,7.5934224128723145,1.6729674339294434,0,9.153035163879395
8840.800000000301,8.971380233764648,2.3559963703155518,0,9.14684009552002
8841.6000000003,9.094380378723145,2.398730993270874,0,9.141033172607422
8842.4000000003,9.824501037597656,2.6204276084899902,0,9.137446403503418
8843.2000000003,9.452987670898438,2.517918825149536,0,9.134051322937012
8844.000000000302,8.886760711669922,2.7942638397216797,0,9.131814002990723
8844.800000000301,7.721215724945068,2.7228095531463623,0,9.130575180053711
8845.6000000003,9.602495193481445,2.483717203140259,0,9.130871772766113
8846.400000000302,8.391989707946777,2.4592907428741455,0,9.130504608154297
8847.200000000303,9.795430183410645,2.1631882190704346,0,9.129788398742676
8848.000000000302,9.691747665405273,2.291212797164917,0,9.129735946655273
8848.800000000301,9.075434684753418,2.353752613067627,0,9.12840461730957
8849.600000000302,9.155818939208984,2.3101022243499756,0,9.126505851745605
8850.400000000303,8.277566909790039,1.3948792219161987,0,9.123335838317871
8851.200000000303,9.054945945739746,0.9565832018852234,0,9.11701774597168
8852.000000000302,9.059784889221191,1.0655847787857056,0,9.11091423034668
8852.800000000303,8.020326614379883,1.2034910917282104,0,9.111660957336426
8853.600000000304,9.103850364685059,2.111118793487549,0,9.10689640045166
8854.400000000303,9.43710994720459,2.475525140762329,0,9.099445343017578
8855.200000000303,9.00550651550293,2.5867536067962646,0,9.092187881469727
8856.000000000304,7.853151798248291,2.596912145614624,0,9.083707809448242
8856.800000000305,8.98111343383789,2.5132486820220947,0,9.074816703796387
8857.600000000304,9.806622505187988,2.4439752101898193,0,9.06715202331543
8858.400000000303,8.88448429107666,2.5676214694976807,0,9.060613632202148
8859.200000000304,8.500415802001953,2.660839080810547,0,9.055932998657227
8860.000000000306,8.48315715789795,2.4265685081481934,0,9.053762435913086
8860.800000000305,8.771319389343262,2.372450590133667,0,9.05305290222168
8861.600000000304,9.240394592285156,2.470747232437134,0,9.054620742797852
8862.400000000305,8.599479675292969,2.503251552581787,0,9.056656837463379
8863.200000000306,8.078534126281738,2.3727176189422607,0,9.058917045593262
8864.000000000306,8.203766822814941,2.197343587875366,0,9.061761856079102
8864.800000000305,8.916581153869629,2.2052059173583984,0,9.065263748168945
8865.600000000306,10.002305030822754,2.443772554397583,0,9.067741394042969
8866.400000000307,10.053342819213867,2.5480551719665527,0,9.067168235778809
8867.200000000306,8.461692810058594,2.341066360473633,0,9.064725875854492
8868.000000000306,9.04073715209961,1.0601086616516113,0,9.059440612792969
8868.800000000307,10.128657341003418,0.582422137260437,0,9.048036575317383
8869.600000000308,9.451278686523438,0.5858086943626404,0,9.032620429992676
8870.400000000307,9.6298828125,0.5712460279464722,0,9.023163795471191
8871.200000000306,9.410430908203125,1.7728614807128906,0,9.007308959960938
8872.000000000307,9.710729598999023,2.295969009399414,0,8.986042976379395
8872.800000000309,8.929293632507324,2.5472257137298584,0,8.96325969696045
8873.600000000308,8.422782897949219,2.5368504524230957,0,8.937976837158203
8874.400000000307,8.90572738647461,2.499601364135742,0,8.912474632263184
8875.200000000308,7.6478400230407715,2.780012607574463,0,8.887811660766602
8876.00000000031,9.404829978942871,2.699542760848999,0,8.865092277526855
8876.800000000309,8.185507774353027,2.615530014038086,0,8.846353530883789
8877.600000000308,9.37729263305664,2.514273166656494,0,8.83154010772705
8878.400000000309,8.02045726776123,2.6270785331726074,0,8.82178020477295
8879.20000000031,8.93394947052002,2.4500298500061035,0,8.817777633666992
8880.00000000031,8.62804126739502,2.6264796257019043,0,8.818605422973633
8880.800000000309,8.79925537109375,2.465864658355713,0,8.823446273803711
8881.60000000031,8.429411888122559,2.524456024169922,0,8.831659317016602
8882.40000000031,8.64257526397705,2.5703277587890625,0,8.84332275390625
8883.20000000031,9.562570571899414,2.5223159790039062,0,8.856589317321777
8884.00000000031,10.076143264770508,2.3147828578948975,0,8.870535850524902
8884.80000000031,9.133472442626953,2.341996908187866,0,8.884708404541016
8885.600000000311,7.546816349029541,1.661580204963684,0,8.899286270141602
8886.40000000031,11.32375717163086,0.34754326939582825,0,8.907447814941406
8887.20000000031,8.263276100158691,0.22227337956428528,0,8.911611557006836
8888.000000000311,13.572868347167969,0.19718144834041595,0,8.921730041503906
8888.800000000312,4.7535624504089355,0.19798848032951355,0,8.935977935791016
8889.600000000311,8.945269584655762,1.4327259063720703,0,8.943662643432617
8890.40000000031,8.992280960083008,2.272761106491089,0,8.946221351623535
8891.200000000312,10.096985816955566,2.244471549987793,0,8.948041915893555
8892.000000000313,8.047137260437012,2.460174322128296,0,8.94758129119873
8892.800000000312,9.3720703125,2.4490528106689453,0,8.944327354431152
8893.600000000311,8.939745903015137,2.5852084159851074,0,8.940691947937012
8894.400000000313,8.999271392822266,2.552032709121704,0,8.935508728027344
8895.200000000314,7.900956153869629,2.6970653533935547,0,8.929218292236328
8896.000000000313,10.098430633544922,2.3871147632598877,0,8.921093940734863
8896.800000000312,9.088974952697754,2.5028717517852783,0,8.911090850830078
8897.600000000313,9.076048851013184,2.3521547317504883,0,8.899374008178711
8898.400000000314,9.13655948638916,2.3021018505096436,0,8.886506080627441
8899.200000000314,9.492818832397461,2.45713210105896,0,8.873562812805176
8900.000000000313,9.761948585510254,2.4878880977630615,0,8.859979629516602
8900.800000000314,9.711226463317871,2.524596691131592,0,8.846023559570312
8901.600000000315,8.455060958862305,2.503669261932373,0,8.831670761108398
8902.400000000314,8.770391464233398,2.472994089126587,0,8.8161039352417
8903.200000000314,8.769980430603027,1.7126820087432861,0,8.800772666931152
8904.000000000315,7.954329490661621,0.5129559636116028,0,8.78339672088623
8904.800000000316,9.523913383483887,0.4384167790412903,0,8.758899688720703
8905.600000000315,10.569878578186035,0.4558541774749756,0,8.741145133972168
8906.400000000314,9.104196548461914,0.9325259923934937,0,8.730215072631836
8907.200000000315,8.854480743408203,1.9857555627822876,0,8.721026420593262
8908.000000000317,10.81474781036377,2.333866834640503,0,8.708976745605469
8908.800000000316,10.25196361541748,2.4412784576416016,0,8.697785377502441
8909.600000000315,8.676606178283691,2.5542962551116943,0,8.687296867370605
8910.400000000316,8.514488220214844,2.247225761413574,0,8.677009582519531
8911.200000000317,8.511815071105957,2.2556679248809814,0,8.669258117675781
8912.000000000317,7.4069108963012695,2.452902317047119,0,8.663629531860352
8912.800000000316,9.129693984985352,2.5738534927368164,0,8.66085433959961
8913.600000000317,8.758395195007324,2.563072681427002,0,8.661819458007812
8914.400000000318,8.659591674804688,2.618499279022217,0,8.66750717163086
8915.200000000317,9.102449417114258,2.4501543045043945,0,8.677682876586914
8916.000000000317,9.228808403015137,2.4681777954101562,0,8.694920539855957
8916.800000000318,9.296463012695312,2.416496753692627,0,8.71703052520752
8917.600000000319,8.960628509521484,2.5116028785705566,0,8.743776321411133
8918.400000000318,8.393856048583984,2.32057785987854,0,8.772148132324219
8919.200000000317,8.720107078552246,2.102447748184204,0,8.80154037475586
8920.000000000318,9.260750770568848,0.8102616667747498,0,8.826213836669922
8920.80000000032,11.356467247009277,0.28910937905311584,0,8.846158981323242
8921.600000000319,11.202353477478027,0.1539502590894699,0,8.87386703491211
8922.400000000318,7.977012634277344,0.35384681820869446,0,8.906864166259766
8923.200000000319,8.980111122131348,1.284743070602417,0,8.929264068603516
8924.00000000032,9.267135620117188,2.0882296562194824,0,8.942439079284668
8924.80000000032,9.643495559692383,2.3944287300109863,0,8.95368480682373
8925.600000000319,9.134547233581543,2.4648773670196533,0,8.964035987854004
8926.40000000032,9.191511154174805,2.103518486022949,0,8.971725463867188
8927.20000000032,8.696150779724121,2.45588755607605,0,8.978652954101562
8928.00000000032,7.918108940124512,2.405782461166382,0,8.98674201965332
8928.80000000032,9.50106143951416,2.3036749362945557,0,8.995359420776367
8929.60000000032,8.765698432922363,2.164966344833374,0,9.00388240814209
8930.400000000322,9.58309268951416,2.043966054916382,0,9.014412879943848
8931.20000000032,10.532906532287598,2.1814186573028564,0,9.024550437927246
8932.00000000032,8.575654983520508,2.2873375415802,0,9.034330368041992
8932.800000000321,9.496999740600586,2.3821606636047363,0,9.0443754196167
8933.600000000322,8.89444637298584,2.486368417739868,0,9.054640769958496
8934.400000000322,9.49954605102539,2.6469650268554688,0,9.065056800842285
8935.20000000032,9.57184886932373,2.3740482330322266,0,9.075359344482422
8936.000000000322,8.962849617004395,2.2964468002319336,0,9.085775375366211
8936.800000000323,9.894880294799805,2.480666399002075,0,9.095952987670898
8937.600000000322,8.45496654510498,2.526757001876831,0,9.105259895324707
8938.400000000322,7.667666912078857,2.437718629837036,0,9.113398551940918
8939.200000000323,9.805261611938477,2.4886698722839355,0,9.120423316955566
8940.000000000324,8.979170799255371,2.4603068828582764,0,9.126220703125
8940.800000000323,8.918399810791016,2.420736789703369,0,9.130355834960938
8941.600000000322,9.209273338317871,2.3914434909820557,0,9.133234024047852
8942.400000000323,9.593147277832031,2.3878426551818848,0,9.134918212890625
8943.200000000325,8.271780967712402,1.9666672945022583,0,9.135945320129395
8944.000000000324,10.582836151123047,0.7449853420257568,0,9.135180473327637
8944.800000000323,7.263386249542236,0.5115686655044556,0,9.129616737365723
8945.600000000324,9.252614974975586,0.5964289903640747,0,9.123600959777832
8946.400000000325,8.638284683227539,0.6269673109054565,0,9.125929832458496
8947.200000000325,7.895749568939209,2.029820442199707,0,9.122562408447266
8948.000000000324,9.379785537719727,2.276784658432007,0,9.115208625793457
8948.800000000325,9.3186616897583,2.3300766944885254,0,9.108610153198242
8949.600000000326,8.36587905883789,2.544342279434204,0,9.101244926452637
8950.400000000325,9.58591365814209,2.5037829875946045,0,9.0933256149292
8951.200000000325,9.000757217407227,2.420640230178833,0,9.088549613952637
8952.000000000326,9.091876029968262,2.628735303878784,0,9.08556842803955
8952.800000000327,10.232213973999023,2.5966882705688477,0,9.084808349609375
8953.600000000326,8.453654289245605,2.5324149131774902,0,9.085930824279785
8954.400000000325,8.491884231567383,2.5555636882781982,0,9.090264320373535
8955.200000000326,10.730427742004395,2.42775297164917,0,9.096019744873047
8956.000000000327,7.990506172180176,2.28373646736145,0,9.1031494140625
8956.800000000327,8.594452857971191,1.926756501197815,0,9.108675003051758
8957.600000000326,8.28953742980957,2.0324015617370605,0,9.115480422973633
8958.400000000327,9.686034202575684,1.3211411237716675,0,9.116788864135742
8959.200000000328,8.205153465270996,0.457719624042511,0,9.108691215515137
8960.000000000327,7.177303314208984,0.2462230771780014,0,9.09953784942627
8960.800000000327,7.221407890319824,0.5172494053840637,0,9.104511260986328
8961.600000000328,9.835567474365234,1.4930819272994995,0,9.107261657714844
8962.400000000329,7.92106294631958,2.454833745956421,0,9.105305671691895
8963.200000000328,9.335222244262695,2.240128993988037,0,9.10410213470459
8964.000000000327,9.481083869934082,2.011556625366211,0,9.102859497070312
8964.800000000329,9.512346267700195,1.7326799631118774,0,9.098959922790527
8965.60000000033,8.415253639221191,2.2144417762756348,0,9.096034049987793
8966.400000000329,8.440786361694336,2.473900079727173,0,9.090516090393066
8967.200000000328,9.937274932861328,2.021446943283081,0,9.082975387573242
8968.00000000033,8.31832218170166,1.9988369941711426,0,9.072918891906738
8968.80000000033,9.625073432922363,2.2526018619537354,0,9.061811447143555
8969.60000000033,8.619471549987793,2.7420334815979004,0,9.045319557189941
8970.400000000329,7.527369499206543,2.633355140686035,0,9.02867317199707
8971.20000000033,9.433520317077637,2.4325809478759766,0,9.012310028076172
8972.000000000331,8.584975242614746,2.1851677894592285,0,8.996377944946289
8972.80000000033,8.747456550598145,1.7826440334320068,0,8.982552528381348
8973.60000000033,10.518294334411621,1.4000369310379028,0,8.972027778625488
8974.40000000033,8.698471069335938,1.891470193862915,0,8.964823722839355
8975.200000000332,8.455175399780273,2.4403276443481445,0,8.961627960205078
8976.000000000331,7.354939937591553,2.0901763439178467,0,8.96331787109375
8976.80000000033,9.623518943786621,2.150897741317749,0,8.969222068786621
8977.600000000331,9.445631980895996,2.3646352291107178,0,8.979150772094727
8978.400000000333,9.773056983947754,2.6114752292633057,0,8.991687774658203
8979.200000000332,9.46865463256836,2.507885694503784,0,9.006271362304688
8980.000000000331,8.636331558227539,2.6294336318969727,0,9.023014068603516
8980.800000000332,7.905431270599365,2.4396684169769287,0,9.04057502746582
8981.600000000333,9.8204345703125,2.1405270099639893,0,9.057278633117676
8982.400000000333,9.186359405517578,1.5629116296768188,0,9.073554992675781
8983.200000000332,10.431709289550781,1.677909255027771,0,9.088717460632324
8984.000000000333,9.251344680786133,2.3157851696014404,0,9.103042602539062
8984.800000000334,10.17760181427002,2.608668327331543,0,9.116717338562012
8985.600000000333,10.299884796142578,2.586320161819458,0,9.129509925842285
8986.400000000333,8.91473388671875,2.607865571975708,0,9.142288208007812
8987.200000000334,8.526627540588379,2.500699520111084,0,9.154117584228516
8988.000000000335,10.475679397583008,1.7299853563308716,0,9.16495132446289
8988.800000000334,10.036924362182617,0.8373687267303467,0,9.17672061920166
8989.600000000333,8.776106834411621,0.4303015172481537,0,9.183492660522461
8990.400000000334,9.42308235168457,0.557831883430481,0,9.190414428710938
8991.200000000335,8.786080360412598,0.6326520442962646,0,9.205591201782227
8992.000000000335,9.76817512512207,1.396773338317871,0,9.211709976196289
8992.800000000334,7.96794319152832,1.2754343748092651,0,9.20914077758789
8993.600000000335,10.794140815734863,0.9500458240509033,0,9.210952758789062
8994.400000000336,8.83364486694336,1.446121096611023,0,9.207637786865234
8995.200000000335,7.529041290283203,2.0968453884124756,0,9.201457977294922
8996.000000000335,10.38464641571045,2.690241813659668,0,9.195175170898438
8996.800000000336,9.794441223144531,2.6726696491241455,0,9.186999320983887
8997.600000000337,9.451516151428223,2.69867205619812,0,9.177681922912598
8998.400000000336,8.283476829528809,2.677307605743408,0,9.167078971862793
8999.200000000335,8.307104110717773,2.7143497467041016,0,9.154478073120117
9000.000000000337,9.084602355957031,2.4677767753601074,0,9.138345718383789
9000.800000000338,10.628419876098633,2.2722156047821045,0,9.12252140045166
9001.600000000337,8.002799034118652,1.1246204376220703,0,9.106474876403809
9002.400000000336,8.978070259094238,0.42212381958961487,0,9.08382511138916
9003.200000000337,11.98063850402832,0.32353541254997253,0,9.055095672607422
9004.000000000338,10.264370918273926,0.639316201210022,0,9.039172172546387
9004.800000000338,9.136906623840332,1.1800686120986938,0,9.028738975524902
9005.600000000337,8.000555038452148,1.4474636316299438,0,9.014132499694824
9006.400000000338,8.768519401550293,2.0053963661193848,0,9.007086753845215
9007.200000000339,9.91419506072998,2.4941213130950928,0,9.008584976196289
9008.000000000338,7.360731601715088,2.4889490604400635,0,9.016253471374512
9008.800000000338,9.048494338989258,2.187364339828491,0,9.031808853149414
9009.600000000339,9.392101287841797,1.7902822494506836,0,9.050826072692871
9010.40000000034,9.683603286743164,2.1933979988098145,0,9.074959754943848
9011.200000000339,7.911279201507568,2.534985303878784,0,9.099891662597656
9012.000000000338,10.015531539916992,2.4956326484680176,0,9.12424373626709
9012.80000000034,10.205824851989746,2.138613700866699,0,9.147134780883789
9013.60000000034,9.844219207763672,1.8235664367675781,0,9.166153907775879
9014.40000000034,8.105326652526855,2.190807580947876,0,9.18160629272461
9015.200000000339,8.536696434020996,2.6021728515625,0,9.194119453430176
9016.00000000034,9.6994047164917,2.828421115875244,0,9.201445579528809
9016.800000000341,9.895498275756836,2.9360978603363037,0,9.205987930297852
9017.60000000034,9.303020477294922,2.092165946960449,0,9.207306861877441
9018.40000000034,10.410418510437012,1.3027644157409668,0,9.202637672424316
9019.20000000034,9.291353225708008,1.5856696367263794,0,9.195215225219727
9020.000000000342,7.82630729675293,2.431170701980591,0,9.184401512145996
9020.800000000341,8.43486499786377,2.6483120918273926,0,9.167139053344727
9021.60000000034,9.143287658691406,2.402284860610962,0,9.147150993347168
9022.400000000342,10.038358688354492,2.3502931594848633,0,9.124423027038574
9023.200000000343,8.616106033325195,2.141005039215088,0,9.099316596984863
9024.000000000342,9.144635200500488,1.811819314956665,0,9.074864387512207
9024.800000000341,9.040976524353027,1.8024569749832153,0,9.047477722167969
9025.600000000342,8.592611312866211,2.262354612350464,0,9.021744728088379
9026.400000000343,9.718260765075684,2.2643887996673584,0,8.999958992004395
9027.200000000343,9.220616340637207,1.6312862634658813,0,8.981643676757812
9028.000000000342,8.895471572875977,1.6321603059768677,0,8.970054626464844
9028.800000000343,8.334702491760254,2.251598358154297,0,8.966888427734375
9029.600000000344,8.931452751159668,2.3384525775909424,0,8.96613883972168
9030.400000000343,9.055840492248535,2.2532596588134766,0,8.972857475280762
9031.200000000343,7.626049041748047,2.2987492084503174,0,8.986897468566895
9032.000000000344,9.016060829162598,2.205005645751953,0,9.004404067993164
9032.800000000345,9.86616039276123,2.189391613006592,0,9.024514198303223
9033.600000000344,9.761324882507324,2.1903810501098633,0,9.045608520507812
9034.400000000343,9.765115737915039,2.4971535205841064,0,9.067975044250488
9035.200000000345,7.9572834968566895,2.6456031799316406,0,9.088912010192871
9036.000000000346,9.273889541625977,2.4670815467834473,0,9.109105110168457
9036.800000000345,9.36337947845459,2.526690721511841,0,9.127605438232422
9037.600000000344,8.52106761932373,2.5579264163970947,0,9.143983840942383
9038.400000000345,10.238253593444824,2.1838879585266113,0,9.16004753112793
9039.200000000346,10.330535888671875,1.6385318040847778,0,9.171113967895508
9040.000000000346,8.037436485290527,1.3689337968826294,0,9.178227424621582
9040.800000000345,9.96156120300293,1.518174409866333,0,9.188981056213379
9041.600000000346,8.516596794128418,2.1232669353485107,0,9.194332122802734
9042.400000000347,8.899593353271484,2.3133223056793213,0,9.192965507507324
9043.200000000346,7.723313331604004,2.3860111236572266,0,9.189837455749512
9044.000000000346,7.157523155212402,2.026394844055176,0,9.183969497680664
9044.800000000347,10.469705581665039,2.0126707553863525,0,9.17553424835205
9045.600000000348,9.474299430847168,2.204134464263916,0,9.164112091064453
9046.400000000347,8.424162864685059,2.310542583465576,0,9.151369094848633
9047.200000000346,9.87022590637207,2.4260008335113525,0,9.137309074401855
9048.000000000347,8.158452987670898,2.5258421897888184,0,9.120368003845215
9048.800000000349,8.807132720947266,2.4391231536865234,0,9.101758003234863
9049.600000000348,9.856793403625488,2.004283905029297,0,9.082244873046875
9050.400000000347,8.920424461364746,1.343947172164917,0,9.057439804077148
9051.200000000348,7.500380516052246,0.9386717081069946,0,9.027458190917969
9052.00000000035,10.072896003723145,1.041603922843933,0,9.001033782958984
9052.800000000349,11.42920970916748,1.3953766822814941,0,8.982529640197754
9053.600000000348,9.57515811920166,2.056785821914673,0,8.96124267578125
9054.400000000349,8.627335548400879,2.051537275314331,0,8.939756393432617
9055.20000000035,8.168970108032227,1.9126170873641968,0,8.924683570861816
9056.00000000035,8.925151824951172,2.416923999786377,0,8.913374900817871
9056.800000000349,9.171836853027344,2.438467502593994,0,8.906661033630371
9057.60000000035,9.175579071044922,2.4446842670440674,0,8.904729843139648
9058.40000000035,7.429988384246826,2.4658076763153076,0,8.908348083496094
9059.20000000035,9.188497543334961,2.512180805206299,0,8.915454864501953
9060.00000000035,9.076083183288574,2.4075281620025635,0,8.925868034362793
9060.80000000035,9.488482475280762,2.37750244140625,0,8.938180923461914
9061.600000000351,10.33050537109375,2.196150541305542,0,8.95383071899414
9062.40000000035,9.190567016601562,2.1861166954040527,0,8.966062545776367
9063.20000000035,8.702051162719727,2.152867078781128,0,8.975440979003906
9064.000000000351,10.39520263671875,2.151214599609375,0,8.985162734985352
9064.800000000352,9.469358444213867,2.052952527999878,0,8.991100311279297
9065.600000000351,10.735419273376465,1.802036166191101,0,8.993840217590332
9066.40000000035,8.861640930175781,2.033695936203003,0,8.994093894958496
9067.200000000352,9.360337257385254,2.1892802715301514,0,8.992578506469727
9068.000000000353,8.713728904724121,2.3140220642089844,0,8.989665031433105
9068.800000000352,9.825542449951172,2.4586105346679688,0,8.986620903015137
9069.600000000351,7.879391670227051,2.3997364044189453,0,8.982270240783691
9070.400000000353,10.483428001403809,1.6559007167816162,0,8.978325843811035
9071.200000000354,8.875741958618164,1.510689616203308,0,8.97767448425293
9072.000000000353,9.270567893981934,1.8995164632797241,0,8.98067569732666
9072.800000000352,8.237998008728027,1.906798243522644,0,8.986774444580078
9073.600000000353,8.785329818725586,1.6544357538223267,0,8.985374450683594
9074.400000000354,9.179476737976074,1.624374270439148,0,8.975192070007324
9075.200000000354,8.937480926513672,2.0153017044067383,0,8.965888023376465
9076.000000000353,7.395136833190918,2.0433881282806396,0,8.947603225708008
9076.800000000354,9.6268892288208,2.2253191471099854,0,8.923815727233887
9077.600000000355,9.4677152633667,2.508546829223633,0,8.908347129821777
9078.400000000354,8.513391494750977,2.4790279865264893,0,8.896424293518066
9079.200000000354,7.966168403625488,2.256898880004883,0,8.886682510375977
9080.000000000355,8.391868591308594,2.314384937286377,0,8.879886627197266
9080.800000000356,8.989641189575195,1.8390617370605469,0,8.876142501831055
9081.600000000355,9.965449333190918,1.43679678440094,0,8.876664161682129
9082.400000000354,10.426642417907715,1.4804224967956543,0,8.88007640838623
9083.200000000355,9.241065979003906,1.627866268157959,0,8.887075424194336
9084.000000000357,10.361574172973633,2.1464080810546875,0,8.896146774291992
9084.800000000356,9.277915954589844,2.466257333755493,0,8.905908584594727
9085.600000000355,9.49256706237793,2.6335384845733643,0,8.917745590209961
9086.400000000356,10.062917709350586,2.3715968132019043,0,8.930741310119629
9087.200000000357,9.348727226257324,2.204785108566284,0,8.94497013092041
9088.000000000357,9.820298194885254,1.6628751754760742,0,8.960618019104004
9088.800000000356,9.256607055664062,1.2588783502578735,0,8.97414779663086
9089.600000000357,10.021581649780273,1.856938123703003,0,8.986993789672852
9090.400000000358,9.387452125549316,2.4061572551727295,0,8.997881889343262
9091.200000000357,10.184976577758789,2.289820671081543,0,9.007513046264648
9092.000000000357,8.057610511779785,2.1011736392974854,0,9.015397071838379
9092.800000000358,9.163960456848145,2.0021138191223145,0,9.02159595489502
9093.600000000359,10.384654998779297,1.8949099779129028,0,9.025094032287598
9094.400000000358,8.88503646850586,1.404811978340149,0,9.026833534240723
9095.200000000357,9.132040977478027,1.3737878799438477,0,9.030038833618164
9096.000000000358,9.589012145996094,1.7113492488861084,0,9.033247947692871
9096.80000000036,9.759322166442871,2.061573028564453,0,9.032662391662598
9097.600000000359,10.507471084594727,2.140333890914917,0,9.033379554748535
9098.400000000358,7.839275360107422,2.442378044128418,0,9.032718658447266
9099.200000000359,8.45511531829834,2.3548169136047363,0,9.03318977355957
9100.00000000036,9.559869766235352,2.123504638671875,0,9.033037185668945
9100.80000000036,9.060234069824219,1.8308507204055786,0,9.032048225402832
9101.600000000359,9.875777244567871,1.4714441299438477,0,9.032343864440918
9102.40000000036,8.544134140014648,1.3480638265609741,0,9.033943176269531
9103.20000000036,8.069923400878906,1.663840889930725,0,9.036558151245117
9104.00000000036,9.1650390625,1.522530436515808,0,9.032707214355469
9104.80000000036,8.311457633972168,1.602839469909668,0,9.031414031982422
9105.60000000036,8.897126197814941,1.7048741579055786,0,9.039685249328613
9106.400000000362,8.629271507263184,1.8978217840194702,0,9.046590805053711
9107.20000000036,8.339627265930176,1.7628929615020752,0,9.051855087280273
9108.00000000036,8.42161750793457,1.7583225965499878,0,9.05916690826416
9108.800000000361,9.545068740844727,1.7403687238693237,0,9.069134712219238
9109.600000000362,7.816340923309326,1.6945443153381348,0,9.081045150756836
9110.400000000362,10.525162696838379,1.9776201248168945,0,9.093124389648438
9111.20000000036,8.681342124938965,2.414497137069702,0,9.10498332977295
9112.000000000362,9.335297584533691,2.5262303352355957,0,9.115554809570312
9112.800000000363,7.380585193634033,2.703599452972412,0,9.124905586242676
9113.600000000362,9.446072578430176,2.535034656524658,0,9.132159233093262
9114.400000000362,10.095197677612305,2.6125996112823486,0,9.137678146362305
9115.200000000363,8.850893020629883,2.4589521884918213,0,9.14093017578125
9116.000000000364,9.1820650100708,2.431739568710327,0,9.14284610748291
9116.800000000363,9.15761947631836,2.23480224609375,0,9.143279075622559
9117.600000000362,10.210126876831055,2.1876277923583984,0,9.142953872680664
9118.400000000363,10.357331275939941,2.157893419265747,0,9.14422607421875
9119.200000000365,10.841307640075684,2.1304922103881836,0,9.14500904083252
9120.000000000364,8.165810585021973,1.6555159091949463,0,9.146897315979004
9120.800000000363,7.89427375793457,1.5454738140106201,0,9.148838996887207
9121.600000000364,10.015033721923828,1.9507681131362915,0,9.15029239654541
9122.400000000365,8.428548812866211,2.4168496131896973,0,9.153767585754395
9123.200000000365,9.221298217773438,2.497912883758545,0,9.157872200012207
9124.000000000364,8.78175163269043,2.5860342979431152,0,9.161602973937988
9124.800000000365,9.603800773620605,2.407594680786133,0,9.166444778442383
9125.600000000366,9.176023483276367,2.3666601181030273,0,9.172432899475098
9126.400000000365,9.755644798278809,2.27390456199646,0,9.177589416503906
9127.200000000365,8.117134094238281,2.4870994091033936,0,9.181922912597656
9128.000000000366,9.662604331970215,2.241030216217041,0,9.18655776977539
9128.800000000367,8.953310012817383,2.460259199142456,0,9.19032096862793
9129.600000000366,9.21838092803955,2.1364243030548096,0,9.192912101745605
9130.400000000365,9.724198341369629,2.0963449478149414,0,9.194897651672363
9131.200000000366,9.502647399902344,1.7927356958389282,0,9.196532249450684
9132.000000000367,9.648554801940918,1.2823184728622437,0,9.196974754333496
9132.800000000367,10.788004875183105,1.5302730798721313,0,9.196925163269043
9133.600000000366,8.99565601348877,1.9805861711502075,0,9.196738243103027
9134.400000000367,8.36131763458252,2.24426531791687,0,9.195568084716797
9135.200000000368,10.148957252502441,2.0966763496398926,0,9.194498062133789
9136.000000000367,10.202013969421387,1.954549789428711,0,9.194208145141602
9136.800000000367,9.765035629272461,1.6562296152114868,0,9.193638801574707
9137.600000000368,8.955488204956055,1.455930233001709,0,9.192290306091309
9138.400000000369,9.28894329071045,1.0592951774597168,0,9.190739631652832
9139.200000000368,9.633049964904785,1.4112255573272705,0,9.190389633178711
9140.000000000367,10.571969985961914,2.045964241027832,0,9.18752384185791
9140.800000000369,8.474392890930176,2.579847574234009,0,9.183863639831543
9141.60000000037,9.971149444580078,2.2882885932922363,0,9.181218147277832
9142.400000000369,8.882243156433105,2.417699098587036,0,9.179439544677734
9143.200000000368,8.95254898071289,2.4232800006866455,0,9.178189277648926
9144.00000000037,9.311050415039062,2.3284285068511963,0,9.178271293640137
9144.80000000037,10.301101684570312,2.3025155067443848,0,9.179633140563965
9145.60000000037,9.454315185546875,2.1441946029663086,0,9.182130813598633
9146.400000000369,8.556174278259277,2.08858585357666,0,9.185811042785645
9147.20000000037,7.770423412322998,2.4051406383514404,0,9.189852714538574
9148.000000000371,10.212433815002441,2.406601905822754,0,9.19403076171875
9148.80000000037,8.768548011779785,2.2717807292938232,0,9.198359489440918
9149.60000000037,9.906641006469727,2.3280718326568604,0,9.20206069946289
9150.40000000037,9.606986999511719,2.3837053775787354,0,9.20529842376709
9151.200000000372,7.927214622497559,2.255882978439331,0,9.207425117492676
9152.000000000371,9.738948822021484,1.8411105871200562,0,9.207940101623535
9152.80000000037,10.778339385986328,1.736391544342041,0,9.207820892333984
9153.600000000371,10.129768371582031,1.1782580614089966,0,9.204198837280273
9154.400000000373,9.0416898727417,0.9851709008216858,0,9.201154708862305
9155.200000000372,9.129185676574707,1.3442293405532837,0,9.19783878326416
9156.000000000371,10.477067947387695,1.7222235202789307,0,9.193927764892578
9156.800000000372,8.528432846069336,1.6047008037567139,0,9.19128704071045
9157.600000000373,10.135536193847656,1.0288362503051758,0,9.187163352966309
9158.400000000373,8.31533145904541,1.314612627029419,0,9.187594413757324
9159.200000000372,9.163859367370605,1.9808897972106934,0,9.187122344970703
9160.000000000373,10.767449378967285,2.3339388370513916,0,9.186420440673828
9160.800000000374,9.956375122070312,2.240158796310425,0,9.187527656555176
9161.600000000373,9.682482719421387,1.6978358030319214,0,9.18801498413086
9162.400000000373,8.954516410827637,1.496565580368042,0,9.187413215637207
9163.200000000374,10.800832748413086,1.4373986721038818,0,9.18550968170166
9164.000000000375,10.092339515686035,1.6771444082260132,0,9.185912132263184
9164.800000000374,8.91152572631836,2.1628050804138184,0,9.185844421386719
9165.600000000373,9.12156867980957,2.1925790309906006,0,9.185429573059082
9166.400000000374,9.762358665466309,2.400336742401123,0,9.185150146484375
9167.200000000375,8.231163024902344,2.252812385559082,0,9.185393333435059
9168.000000000375,8.837740898132324,2.3997488021850586,0,9.186506271362305
9168.800000000374,9.023248672485352,2.2997071743011475,0,9.187182426452637
9169.600000000375,10.501298904418945,1.9224063158035278,0,9.187631607055664
9170.400000000376,10.963207244873047,1.9735420942306519,0,9.18670654296875
9171.200000000375,9.128954887390137,2.1437227725982666,0,9.184050559997559
9172.000000000375,10.830292701721191,2.1034045219421387,0,9.178680419921875
9172.800000000376,9.811179161071777,2.1897826194763184,0,9.17172622680664
9173.600000000377,11.430014610290527,2.1068472862243652,0,9.161138534545898
9174.400000000376,9.75555419921875,1.9514340162277222,0,9.147749900817871
9175.200000000375,8.124863624572754,1.7996944189071655,0,9.131115913391113
9176.000000000377,8.97237491607666,1.4304300546646118,0,9.1121826171875
9176.800000000378,8.099440574645996,1.4000695943832397,0,9.090673446655273
9177.600000000377,9.292716979980469,1.5896459817886353,0,9.066638946533203
9178.400000000376,8.323735237121582,1.8937482833862305,0,9.04255199432373
9179.200000000377,9.514260292053223,1.8605382442474365,0,9.019356727600098
9180.000000000378,9.062585830688477,2.127136468887329,0,8.997514724731445
9180.800000000378,9.683562278747559,2.078202724456787,0,8.978900909423828
9181.600000000377,9.822379112243652,2.266570568084717,0,8.964879035949707
9182.400000000378,8.868185043334961,2.33156681060791,0,8.95573902130127
9183.200000000379,9.138201713562012,2.1686675548553467,0,8.951837539672852
9184.000000000378,10.047731399536133,2.2147021293640137,0,8.952624320983887
9184.800000000378,9.041916847229004,2.281067371368408,0,8.957215309143066
9185.600000000379,8.389910697937012,1.6914571523666382,0,8.963678359985352
9186.40000000038,8.09396743774414,1.5712969303131104,0,8.970531463623047
9187.200000000379,8.715278625488281,1.67011559009552,0,8.976563453674316
9188.000000000378,9.788314819335938,2.2547354698181152,0,8.978683471679688
9188.80000000038,10.004261016845703,2.2425949573516846,0,8.975754737854004
9189.60000000038,8.838666915893555,2.317904233932495,0,8.966958045959473
9190.40000000038,8.40554428100586,2.218925952911377,0,8.951492309570312
9191.200000000379,8.932574272155762,2.4540154933929443,0,8.929512977600098
9192.00000000038,9.533472061157227,2.204345464706421,0,8.903149604797363
9192.800000000381,7.456231594085693,2.2122178077697754,0,8.874143600463867
9193.60000000038,9.608521461486816,2.2332041263580322,0,8.844871520996094
9194.40000000038,8.707042694091797,2.058662176132202,0,8.81866455078125
9195.20000000038,9.803709983825684,2.176970958709717,0,8.79703140258789
9196.000000000382,9.687923431396484,2.1329257488250732,0,8.781045913696289
9196.800000000381,8.607799530029297,1.902536392211914,0,8.77098274230957
9197.60000000038,8.621817588806152,1.4985352754592896,0,8.767191886901855
9198.400000000382,8.859898567199707,1.889819622039795,0,8.765602111816406
9199.200000000383,9.151153564453125,2.3127169609069824,0,8.767166137695312
9200.000000000382,8.71097183227539,2.4636309146881104,0,8.771075248718262
9200.800000000381,9.071905136108398,2.6498658657073975,0,8.774494171142578
9201.600000000382,7.8466339111328125,2.401398181915283,0,8.777390480041504
9202.400000000383,8.667433738708496,2.417973756790161,0,8.779756546020508
9203.200000000383,8.847005844116211,2.413106918334961,0,8.78099250793457
9204.000000000382,8.239723205566406,2.5071072578430176,0,8.781591415405273
9204.800000000383,8.399885177612305,2.370147943496704,0,8.782094955444336
9205.600000000384,9.509794235229492,2.406602144241333,0,8.781105041503906
9206.400000000383,8.660751342773438,2.2278892993927,0,8.779956817626953
9207.200000000383,8.59763240814209,2.148216485977173,0,8.780094146728516
9208.000000000384,8.577241897583008,2.2091152667999268,0,8.779659271240234
9208.800000000385,8.449145317077637,2.1879804134368896,0,8.780196189880371
9209.600000000384,8.13049602508545,2.1982920169830322,0,8.781595230102539
9210.400000000383,8.586725234985352,2.278716564178467,0,8.783700942993164
9211.200000000385,9.687861442565918,2.27583384513855,0,8.78624153137207
9212.000000000386,9.042623519897461,2.2524921894073486,0,8.789024353027344
9212.800000000385,9.39781379699707,2.4104456901550293,0,8.792265892028809
9213.600000000384,9.420855522155762,2.264524459838867,0,8.796407699584961
9214.400000000385,9.944581985473633,2.2915022373199463,0,8.800905227661133
9215.200000000386,9.477729797363281,1.956418752670288,0,8.806352615356445
9216.000000000386,8.83166217803955,1.9928953647613525,0,8.812888145446777
9216.800000000385,8.935096740722656,1.880696177482605,0,8.8201904296875
9217.600000000386,9.49073314666748,1.7312649488449097,0,8.827399253845215
9218.400000000387,9.435653686523438,1.557116985321045,0,8.832955360412598
9219.200000000386,9.846306800842285,1.523048996925354,0,8.838619232177734
9220.000000000386,8.848380088806152,2.032158613204956,0,8.843687057495117
9220.800000000387,8.3533296585083,2.1079113483428955,0,8.84656047821045
9221.600000000388,9.229591369628906,2.288479804992676,0,8.849750518798828
9222.400000000387,8.293734550476074,2.2086825370788574,0,8.85423755645752
9223.200000000386,9.654616355895996,2.3579790592193604,0,8.861381530761719
9224.000000000387,8.86689567565918,2.1523611545562744,0,8.872076034545898
9224.800000000389,9.851289749145508,2.0795559883117676,0,8.887070655822754
9225.600000000388,9.160130500793457,1.9632657766342163,0,8.9047212600708
9226.400000000387,8.193087577819824,1.607889175415039,0,8.925241470336914
9227.200000000388,9.220135688781738,1.5856022834777832,0,8.947670936584473
9228.00000000039,8.33485221862793,2.051041841506958,0,8.97000789642334
9228.800000000389,8.250699996948242,2.179007053375244,0,8.988399505615234
9229.600000000388,10.002702713012695,2.2684147357940674,0,9.002873420715332
9230.400000000389,9.01581859588623,2.1914751529693604,0,9.013703346252441
9231.20000000039,8.707884788513184,2.1578612327575684,0,9.01976203918457
9232.00000000039,9.535581588745117,2.057844638824463,0,9.020904541015625
9232.800000000389,9.58992862701416,1.9787651300430298,0,9.01954460144043
9233.60000000039,8.67796516418457,2.325971841812134,0,9.01515007019043
9234.40000000039,9.222345352172852,2.2079577445983887,0,9.00906753540039
9235.20000000039,9.792068481445312,2.068570852279663,0,9.002467155456543
9236.00000000039,9.4520902633667,2.1914541721343994,0,8.996162414550781
9236.80000000039,8.596048355102539,2.008516550064087,0,8.990756034851074
9237.600000000391,9.238872528076172,2.2064242362976074,0,8.985910415649414
9238.40000000039,9.105082511901855,1.9343440532684326,0,8.982118606567383
9239.20000000039,9.566503524780273,2.1978812217712402,0,8.979037284851074
9240.000000000391,7.765139579772949,2.014998197555542,0,8.97615909576416
9240.800000000392,8.84191608428955,1.9648703336715698,0,8.973323822021484
9241.600000000391,10.104430198669434,2.0502796173095703,0,8.970556259155273
9242.40000000039,9.184737205505371,2.1298322677612305,0,8.968395233154297
9243.200000000392,7.6630730628967285,2.4044110774993896,0,8.966660499572754
9244.000000000393,8.229896545410156,2.3902673721313477,0,8.966575622558594
9244.800000000392,9.469842910766602,2.191847801208496,0,8.968125343322754
9245.600000000391,10.652182579040527,2.060025930404663,0,8.970714569091797
9246.400000000393,10.177298545837402,1.9577633142471313,0,8.97497844696045
9247.200000000394,8.575058937072754,1.864996314048767,0,8.981039047241211
9248.000000000393,8.48770523071289,1.8813087940216064,0,8.986485481262207
9248.800000000392,9.12252140045166,1.9820106029510498,0,8.99245834350586
9249.600000000393,8.420557022094727,2.0149238109588623,0,8.9976167678833
9250.400000000394,9.861504554748535,2.1211531162261963,0,9.0015287399292
9251.200000000394,7.968310356140137,2.093245506286621,0,9.003608703613281
9252.000000000393,9.961878776550293,2.001711845397949,0,9.004138946533203
9252.800000000394,8.893922805786133,1.7288405895233154,0,9.003190040588379
9253.600000000395,10.127004623413086,1.8887369632720947,0,9.001648902893066
9254.400000000394,9.196098327636719,2.111642599105835,0,9.000102996826172
9255.200000000394,9.6355619430542,1.9723737239837646,0,8.99821662902832
9256.000000000395,9.33476448059082,2.089186191558838,0,8.997052192687988
9256.800000000396,8.238118171691895,2.347827911376953,0,8.996129035949707
9257.600000000395,9.44763469696045,2.295058488845825,0,8.995279312133789
9258.400000000394,9.33868408203125,2.1978771686553955,0,8.994441032409668
9259.200000000395,11.028081893920898,2.069122791290283,0,8.99371337890625
9260.000000000397,9.390132904052734,2.1731059551239014,0,8.993612289428711
9260.800000000396,8.178840637207031,2.1201634407043457,0,8.994098663330078
9261.600000000395,9.433897018432617,1.94921875,0,8.996088027954102
9262.400000000396,9.018726348876953,1.8322198390960693,0,8.999218940734863
9263.200000000397,7.831955909729004,1.7224149703979492,0,9.004253387451172
9264.000000000397,9.2944974899292,1.928269386291504,0,9.011521339416504
9264.800000000396,8.852315902709961,1.8074836730957031,0,9.020474433898926
9265.600000000397,9.84327220916748,1.9631688594818115,0,9.031015396118164
9266.400000000398,9.963318824768066,2.0966262817382812,0,9.04257869720459
9267.200000000397,8.497260093688965,2.1965224742889404,0,9.053123474121094
9268.000000000397,9.439151763916016,2.0356967449188232,0,9.062620162963867
9268.800000000398,8.151511192321777,2.1095244884490967,0,9.070216178894043
9269.600000000399,9.632331848144531,2.202254056930542,0,9.075106620788574
9270.400000000398,9.919560432434082,2.0609326362609863,0,9.077244758605957
9271.200000000397,11.107897758483887,2.0416572093963623,0,9.075857162475586
9272.000000000398,10.80514144897461,2.141268491744995,0,9.071887016296387
9272.8000000004,9.48322868347168,2.310229539871216,0,9.066386222839355
9273.600000000399,9.424786567687988,2.184290647506714,0,9.058950424194336
9274.400000000398,8.429950714111328,2.020306348800659,0,9.051015853881836
9275.200000000399,8.775505065917969,1.8004264831542969,0,9.041755676269531
9276.0000000004,9.49031925201416,2.148393392562866,0,9.032500267028809
9276.8000000004,9.101394653320312,2.2442617416381836,0,9.024215698242188
9277.600000000399,9.145877838134766,2.097748041152954,0,9.016029357910156
9278.4000000004,10.210210800170898,2.3052144050598145,0,9.008377075195312
9279.2000000004,7.668234825134277,2.0538148880004883,0,9.001778602600098
9280.0000000004,10.657868385314941,1.6292474269866943,0,8.994985580444336
9280.8000000004,8.709511756896973,1.3735096454620361,0,8.988743782043457
9281.6000000004,8.355304718017578,1.317464828491211,0,8.983159065246582
9282.400000000402,8.083345413208008,1.8628638982772827,0,8.978666305541992
9283.2000000004,8.650568008422852,2.242656707763672,0,8.973370552062988
9284.0000000004,8.732133865356445,2.292945384979248,0,8.969562530517578
9284.800000000401,9.035322189331055,2.3187997341156006,0,8.967463493347168
9285.600000000402,7.721117973327637,2.15364670753479,0,8.965956687927246
9286.400000000402,8.364627838134766,1.7089638710021973,0,8.965658187866211
9287.2000000004,8.817774772644043,1.415264368057251,0,8.965897560119629
9288.000000000402,10.234051704406738,1.3551390171051025,0,8.96573257446289
9288.800000000403,9.682794570922852,1.741214632987976,0,8.966632843017578
9289.600000000402,9.056602478027344,1.770451307296753,0,8.966544151306152
9290.400000000402,9.030730247497559,1.831209659576416,0,8.964520454406738
9291.200000000403,8.783820152282715,1.9990888833999634,0,8.961669921875
9292.000000000404,10.550838470458984,1.9602524042129517,0,8.957376480102539
9292.800000000403,9.140115737915039,1.972618818283081,0,8.951579093933105
9293.600000000402,9.20970344543457,1.8855769634246826,0,8.94466495513916
9294.400000000403,8.417831420898438,1.8587113618850708,0,8.935823440551758
9295.200000000405,8.970276832580566,1.574446439743042,0,8.925094604492188
9296.000000000404,9.139966011047363,1.3611302375793457,0,8.914742469787598
9296.800000000403,8.393924713134766,1.3127038478851318,0,8.905233383178711
9297.600000000404,9.531853675842285,1.66831374168396,0,8.895711898803711
9298.400000000405,7.583301067352295,1.9824981689453125,0,8.885113716125488
9299.200000000405,7.584775447845459,1.703482747077942,0,8.87470531463623
9300.000000000404,10.442534446716309,1.3832188844680786,0,8.863744735717773
9300.800000000405,9.092415809631348,1.8549103736877441,0,8.854227066040039
9301.600000000406,8.459962844848633,1.9568220376968384,0,8.843238830566406
9302.400000000405,8.061271667480469,1.181187391281128,0,8.833771705627441
9303.200000000405,9.792147636413574,1.1200318336486816,0,8.824321746826172
9304.000000000406,8.87466049194336,1.4900785684585571,0,8.816391944885254
9304.800000000407,9.076254844665527,1.9885531663894653,0,8.808650016784668
9305.600000000406,7.449839115142822,1.6891748905181885,0,8.803487777709961
9306.400000000405,9.667367935180664,0.8956751227378845,0,8.799737930297852
9307.200000000406,7.874289035797119,0.3771201968193054,0,8.79357624053955
9308.000000000407,7.178786277770996,0.2995045781135559,0,8.782901763916016
9308.800000000407,5.022219657897949,0.21947520971298218,0,8.775906562805176
9309.600000000406,10.6436128616333,0.13934148848056793,0,8.773619651794434
9310.400000000407,12.451269149780273,0.10072215646505356,0,8.775425910949707
9311.200000000408,12.419086456298828,0.2239023894071579,0,8.773028373718262
9312.000000000407,8.285231590270996,0.6958317160606384,0,8.770072937011719
9312.800000000407,7.902869701385498,0.9559226036071777,0,8.764516830444336
9313.600000000408,8.218918800354004,0.6949277520179749,0,8.755727767944336
9314.400000000409,6.388939380645752,0.28876614570617676,0,8.742403984069824
9315.200000000408,9.634736061096191,0.18104198575019836,0,8.72291374206543
9316.000000000407,8.314374923706055,0.18992657959461212,0,8.712410926818848
9316.800000000409,10.102204322814941,0.43674322962760925,0,8.70463752746582
9317.60000000041,9.894804000854492,0.34902024269104004,0,8.686651229858398
9318.400000000409,6.873898983001709,0.16668212413787842,0,8.669447898864746
9319.200000000408,10.131939888000488,0.34090736508369446,0,8.655122756958008
9320.00000000041,8.532329559326172,0.7664918899536133,0,8.635401725769043
9320.80000000041,9.69970703125,0.7744956016540527,0,8.63124942779541
9321.60000000041,7.801832675933838,1.355966567993164,0,8.62567138671875
9322.400000000409,9.499692916870117,1.7388405799865723,0,8.625862121582031
9323.20000000041,9.286116600036621,1.4937379360198975,0,8.632404327392578
9324.000000000411,11.534927368164062,0.643035352230072,0,8.638835906982422
9324.80000000041,5.806761741638184,0.13893668353557587,0,8.641971588134766
9325.60000000041,11.506767272949219,0.0647859126329422,0,8.653470993041992
9326.40000000041,11.540078163146973,0.0481954962015152,0,8.685150146484375
9327.200000000412,12.652217864990234,0.1368986964225769,0,8.708301544189453
9328.000000000411,9.214123725891113,0.8361514806747437,0,8.723702430725098
9328.80000000041,8.031859397888184,1.5681986808776855,0,8.739609718322754
9329.600000000411,8.741506576538086,1.2749887704849243,0,8.756046295166016
9330.400000000413,7.228748798370361,1.483798861503601,0,8.765369415283203
9331.200000000412,8.825260162353516,2.0372681617736816,0,8.775202751159668
9332.000000000411,9.087667465209961,1.6575430631637573,0,8.778775215148926
9332.800000000412,7.77039909362793,1.0814770460128784,0,8.776926040649414
9333.600000000413,8.795049667358398,1.0869258642196655,0,8.773809432983398
9334.400000000413,9.177007675170898,1.316471815109253,0,8.769447326660156
9335.200000000412,10.29099178314209,0.7063285112380981,0,8.764649391174316
9336.000000000413,8.386706352233887,0.3859546184539795,0,8.747936248779297
9336.800000000414,8.85547161102295,0.5162920951843262,0,8.732224464416504
9337.600000000413,6.801435947418213,1.003761649131775,0,8.718155860900879
9338.400000000413,7.670547008514404,0.7164842486381531,0,8.695873260498047
9339.200000000414,7.032286643981934,0.36409544944763184,0,8.667551040649414
9340.000000000415,8.5813627243042,0.2850179672241211,0,8.636381149291992
9340.800000000414,10.42605209350586,0.18177756667137146,0,8.615233421325684
9341.600000000413,5.973726272583008,0.5703393220901489,0,8.594176292419434
9342.400000000414,9.093945503234863,1.4377802610397339,0,8.577635765075684
9343.200000000415,8.437481880187988,1.3655654191970825,0,8.559501647949219
9344.000000000415,9.422418594360352,0.6385928988456726,0,8.547123908996582
9344.800000000414,15.794832229614258,0.10980044305324554,0,8.547203063964844
9345.600000000415,7.211956977844238,0.10232392698526382,0,8.547898292541504
9346.400000000416,8.367175102233887,0.2039438784122467,0,8.545540809631348
9347.200000000415,5.118535041809082,0.31232771277427673,0,8.549310684204102
9348.000000000415,7.110379219055176,0.576752781867981,0,8.545454978942871
9348.800000000416,9.466395378112793,1.172236680984497,0,8.556437492370605
9349.600000000417,9.45441722869873,1.5720765590667725,0,8.56105899810791
9350.400000000416,9.978530883789062,1.6209750175476074,0,8.564480781555176
9351.200000000415,9.422218322753906,1.6646312475204468,0,8.572136878967285
9352.000000000417,10.061422348022461,1.478528380393982,0,8.580217361450195
9352.800000000418,9.586787223815918,1.6286107301712036,0,8.588155746459961
9353.600000000417,8.378608703613281,1.6862595081329346,0,8.593524932861328
9354.400000000416,9.500438690185547,1.172682523727417,0,8.598840713500977
9355.200000000417,11.315313339233398,0.27283477783203125,0,8.607211112976074
9356.000000000418,8.034382820129395,0.15683574974536896,0,8.612262725830078
9356.800000000418,5.849388122558594,0.5653982758522034,0,8.618045806884766
9357.600000000417,9.234478950500488,1.0815880298614502,0,8.616543769836426
9358.400000000418,7.86460542678833,1.2290548086166382,0,8.614164352416992
9359.20000000042,8.428930282592773,0.4879303276538849,0,8.621109962463379
9360.000000000418,7.571023941040039,0.13166607916355133,0,8.623019218444824
9360.800000000418,4.322875499725342,0.449684202671051,0,8.620963096618652
9361.600000000419,8.378478050231934,1.1796257495880127,0,8.616290092468262
9362.40000000042,7.484569549560547,1.62005615234375,0,8.61103343963623
9363.20000000042,9.034538269042969,1.5965163707733154,0,8.607425689697266
9364.000000000418,8.454573631286621,1.6871752738952637,0,8.60702896118164
9364.80000000042,8.996428489685059,1.7949180603027344,0,8.60824203491211
9365.60000000042,10.356823921203613,1.7830660343170166,0,8.612658500671387
9366.40000000042,9.378081321716309,1.106920838356018,0,8.616813659667969
9367.20000000042,10.046637535095215,0.711368978023529,0,8.622811317443848
9368.00000000042,7.095874786376953,0.6102937459945679,0,8.63183879852295
9368.800000000421,8.88883113861084,0.7024048566818237,0,8.642016410827637
9369.60000000042,7.805483818054199,1.2992808818817139,0,8.650787353515625
9370.40000000042,8.834539413452148,1.1675456762313843,0,8.663033485412598
9371.200000000421,9.782196044921875,0.44115710258483887,0,8.674530029296875
9372.000000000422,12.746697425842285,0.36918342113494873,0,8.681493759155273
9372.800000000421,10.70695686340332,0.3056175708770752,0,8.6904878616333
9373.60000000042,7.7292304039001465,0.25434640049934387,0,8.69873046875
9374.400000000422,6.5666303634643555,0.47813475131988525,0,8.703231811523438
9375.200000000423,7.99594259262085,0.624454140663147,0,8.700643539428711
9376.000000000422,9.377631187438965,0.3085125684738159,0,8.697675704956055
9376.800000000421,4.471584320068359,0.04624306038022041,0,8.69223403930664
9377.600000000422,3.937880516052246,0.04444289207458496,0,8.684638023376465
9378.400000000423,10.399603843688965,0.028441160917282104,0,8.675591468811035
9379.200000000423,6.824887275695801,0.018173307180404663,0,8.671148300170898
9380.000000000422,11.453140258789062,0.27488183975219727,0,8.673619270324707
9380.800000000423,7.786782741546631,0.7552995085716248,0,8.666096687316895
9381.600000000424,10.129007339477539,0.6524416208267212,0,8.659676551818848
9382.400000000423,9.024961471557617,0.4608098864555359,0,8.649962425231934
9383.200000000423,10.048015594482422,0.2246844619512558,0,8.641613006591797
9384.000000000424,9.764826774597168,0.34125903248786926,0,8.645008087158203
9384.800000000425,10.502043724060059,0.7929731607437134,0,8.638667106628418
9385.600000000424,8.64627742767334,1.0849971771240234,0,8.643847465515137
9386.400000000423,9.877532958984375,1.48447585105896,0,8.65475845336914
9387.200000000425,9.644097328186035,1.5305789709091187,0,8.667231559753418
9388.000000000426,10.30069637298584,0.7576333284378052,0,8.681442260742188
9388.800000000425,10.96617317199707,0.2898280620574951,0,8.695050239562988
9389.600000000424,8.556649208068848,0.7055550813674927,0,8.707629203796387
9390.400000000425,9.328179359436035,1.342565655708313,0,8.719252586364746
9391.200000000426,10.949402809143066,1.9859431982040405,0,8.727163314819336
9392.000000000426,7.6940598487854,2.075812816619873,0,8.731892585754395
9392.800000000425,7.40418815612793,1.7576966285705566,0,8.734703063964844
9393.600000000426,8.226847648620605,1.530342936515808,0,8.73304271697998
9394.400000000427,8.560564994812012,1.618767499923706,0,8.72964096069336
9395.200000000426,9.257495880126953,1.6716176271438599,0,8.722651481628418
9396.000000000426,9.249284744262695,1.6570566892623901,0,8.712384223937988
9396.800000000427,8.291662216186523,1.536184310913086,0,8.698249816894531
9397.600000000428,9.274627685546875,1.7443110942840576,0,8.682636260986328
9398.400000000427,8.89633560180664,1.515738606452942,0,8.664341926574707
9399.200000000426,8.006522178649902,1.4843467473983765,0,8.640499114990234
9400.000000000427,8.513731002807617,1.417217493057251,0,8.621476173400879
9400.800000000429,8.098553657531738,0.9318219423294067,0,8.595391273498535
9401.600000000428,9.389359474182129,0.8025687336921692,0,8.570294380187988
9402.400000000427,8.115034103393555,0.7016940116882324,0,8.551008224487305
9403.200000000428,10.236547470092773,0.35824060440063477,0,8.520392417907715
9404.00000000043,6.571756362915039,0.3537086844444275,0,8.482218742370605
9404.800000000429,8.623018264770508,0.37429091334342957,0,8.455425262451172
9405.600000000428,8.743999481201172,0.5466676950454712,0,8.435441970825195
9406.400000000429,6.552969932556152,1.286045789718628,0,8.418404579162598
9407.20000000043,8.296028137207031,1.6845906972885132,0,8.401540756225586
9408.00000000043,8.970861434936523,1.402430534362793,0,8.389410972595215
9408.800000000429,7.956162452697754,1.3254883289337158,0,8.382593154907227
9409.60000000043,8.599390983581543,1.5606104135513306,0,8.381924629211426
9410.40000000043,8.308953285217285,1.5173755884170532,0,8.389531135559082
9411.20000000043,8.559764862060547,1.0499660968780518,0,8.402989387512207
9412.00000000043,8.239911079406738,0.5941020250320435,0,8.423694610595703
9412.80000000043,9.193105697631836,0.645447313785553,0,8.44996452331543
9413.600000000431,10.73481559753418,1.1845654249191284,0,8.483278274536133
9414.40000000043,9.379895210266113,1.5955660343170166,0,8.519307136535645
9415.20000000043,8.497923851013184,1.4926432371139526,0,8.555173873901367
9416.000000000431,7.828685760498047,1.4697773456573486,0,8.590804100036621
9416.800000000432,9.059749603271484,1.7670024633407593,0,8.623355865478516
9417.600000000431,6.730372428894043,1.81535804271698,0,8.651300430297852
9418.40000000043,8.34616470336914,1.1620408296585083,0,8.673274040222168
9419.200000000432,8.819256782531738,0.6819924116134644,0,8.691079139709473
9420.000000000433,11.839040756225586,0.45098426938056946,0,8.706490516662598
9420.800000000432,8.329646110534668,0.3109908998012543,0,8.709704399108887
9421.600000000431,3.534092903137207,0.32597097754478455,0,8.709891319274902
9422.400000000433,8.832624435424805,0.2496023029088974,0,8.721647262573242
9423.200000000434,11.329849243164062,0.44169870018959045,0,8.727952003479004
9424.000000000433,7.830782413482666,0.6883277297019958,0,8.733406066894531
9424.800000000432,7.9459967613220215,0.9699456691741943,0,8.738914489746094
9425.600000000433,8.192437171936035,1.3004145622253418,0,8.746996879577637
9426.400000000434,9.83202838897705,1.413818120956421,0,8.753840446472168
9427.200000000434,8.257461547851562,1.3643921613693237,0,8.762080192565918
9428.000000000433,7.813024520874023,0.7411839962005615,0,8.773792266845703
9428.800000000434,9.505891799926758,0.24978436529636383,0,8.780235290527344
9429.600000000435,6.7471747398376465,0.12410646677017212,0,8.789783477783203
9430.400000000434,7.3727240562438965,0.2519989013671875,0,8.796547889709473
9431.200000000434,9.774872779846191,0.6638531684875488,0,8.80199909210205
9432.000000000435,9.43784236907959,0.703196108341217,0,8.805444717407227
9432.800000000436,10.951774597167969,0.7281659245491028,0,8.806425094604492
9433.600000000435,8.026825904846191,1.2645975351333618,0,8.803375244140625
9434.400000000434,8.743234634399414,1.6989668607711792,0,8.797738075256348
9435.200000000435,9.513971328735352,1.798190712928772,0,8.788276672363281
9436.000000000437,9.461392402648926,1.95457124710083,0,8.777619361877441
9436.800000000436,8.61571216583252,1.797621250152588,0,8.767141342163086
9437.600000000435,8.08747386932373,1.6679277420043945,0,8.757187843322754
9438.400000000436,9.97119140625,1.0855549573898315,0,8.74587345123291
9439.200000000437,10.551530838012695,0.4008406400680542,0,8.740913391113281
9440.000000000437,11.773456573486328,0.11326268315315247,0,8.738275527954102
9440.800000000436,10.06226921081543,0.03318297863006592,0,8.723423957824707
9441.600000000437,4.873138904571533,0.04817156493663788,0,8.707316398620605
9442.400000000438,3.265613079071045,0.008181125856935978,0,8.708870887756348
9443.200000000437,17.336332321166992,0.056613851338624954,0,8.703081130981445
9444.000000000437,7.841166019439697,0.27044573426246643,0,8.70688533782959
9444.800000000438,10.077323913574219,0.3722381889820099,0,8.70261287689209
9445.600000000439,7.437661170959473,0.48811236023902893,0,8.691730499267578
9446.400000000438,9.621946334838867,0.8750177025794983,0,8.680961608886719
9447.200000000437,7.475006580352783,1.1137741804122925,0,8.668878555297852
9448.000000000438,9.681011199951172,1.0521413087844849,0,8.654043197631836
9448.80000000044,7.609686851501465,1.1917957067489624,0,8.636580467224121
9449.600000000439,8.6378755569458,1.3735387325286865,0,8.617976188659668
9450.400000000438,9.185882568359375,1.1573489904403687,0,8.599032402038574
9451.20000000044,9.208182334899902,0.9907801747322083,0,8.58170223236084
9452.00000000044,8.13230037689209,1.003432035446167,0,8.56692123413086
9452.80000000044,8.106125831604004,1.3773671388626099,0,8.553346633911133
9453.600000000439,8.111705780029297,1.4951574802398682,0,8.54318904876709
9454.40000000044,7.08642053604126,1.676561713218689,0,8.537044525146484
9455.200000000441,7.165935039520264,1.3122751712799072,0,8.535457611083984
9456.00000000044,7.521557331085205,0.5833635926246643,0,8.537673950195312
9456.80000000044,11.14953327178955,0.43290767073631287,0,8.539837837219238
9457.60000000044,8.886330604553223,0.43150433897972107,0,8.540230751037598
9458.400000000442,8.829692840576172,0.3928922414779663,0,8.539472579956055
9459.200000000441,8.294801712036133,0.26965489983558655,0,8.53022575378418
9460.00000000044,11.98290729522705,0.2189473956823349,0,8.505587577819824
9460.800000000441,14.262636184692383,0.09975792467594147,0,8.478386878967285
9461.600000000442,13.762669563293457,0.062008969485759735,0,8.4549560546875
9462.400000000442,13.425830841064453,0.1074628084897995,0,8.435884475708008
9463.200000000441,10.700752258300781,0.23216865956783295,0,8.410719871520996
9464.000000000442,9.120305061340332,0.6789906620979309,0,8.386610984802246
9464.800000000443,7.532557964324951,1.2954553365707397,0,8.367627143859863
9465.600000000442,8.298151969909668,1.6175237894058228,0,8.354222297668457
9466.400000000442,7.212460517883301,1.6139299869537354,0,8.350282669067383
9467.200000000443,9.479028701782227,1.037060260772705,0,8.350817680358887
9468.000000000444,7.4481425285339355,1.2339413166046143,0,8.3583402633667
9468.800000000443,5.592450141906738,1.3871546983718872,0,8.36888313293457
9469.600000000442,8.43503475189209,1.0779662132263184,0,8.383028984069824
9470.400000000443,9.195815086364746,0.7579219937324524,0,8.396956443786621
9471.200000000445,8.54838752746582,0.527647852897644,0,8.411988258361816
9472.000000000444,10.33803653717041,0.7812761068344116,0,8.426822662353516
9472.800000000443,10.060558319091797,1.2409205436706543,0,8.438514709472656
9473.600000000444,9.23104190826416,1.5568450689315796,0,8.451727867126465
9474.400000000445,9.28196907043457,1.6285250186920166,0,8.464360237121582
9475.200000000445,8.461697578430176,1.399010181427002,0,8.474936485290527
9476.000000000444,9.884870529174805,0.7309976816177368,0,8.484391212463379
9476.800000000445,10.369950294494629,0.35824084281921387,0,8.494757652282715
9477.600000000446,11.039817810058594,0.0528394915163517,0,8.49755573272705
9478.400000000445,11.423003196716309,0.0623713843524456,0,8.49387264251709
9479.200000000445,14.588653564453125,0.09431741386651993,0,8.501143455505371
9480.000000000446,6.955326080322266,0.11618992686271667,0,8.513631820678711
9480.800000000447,7.3031392097473145,0.6162641644477844,0,8.52196979522705
9481.600000000446,6.218352317810059,0.6279473900794983,0,8.527034759521484
9482.400000000445,10.283574104309082,0.24094074964523315,0,8.532498359680176
9483.200000000446,11.919197082519531,0.14276447892189026,0,8.532763481140137
9484.000000000447,9.341193199157715,0.23671318590641022,0,8.532127380371094
9484.800000000447,9.722075462341309,0.7319647669792175,0,8.532557487487793
9485.600000000446,9.692456245422363,1.2463715076446533,0,8.52729606628418
9486.400000000447,8.037901878356934,1.4736192226409912,0,8.52518367767334
9487.200000000448,9.454920768737793,1.2847498655319214,0,8.521613121032715
9488.000000000447,9.897380828857422,1.2298377752304077,0,8.517182350158691
9488.800000000447,6.475882053375244,1.3038007020950317,0,8.513468742370605
9489.600000000448,7.478668212890625,1.5525712966918945,0,8.511065483093262
9490.400000000449,7.430357933044434,1.6018520593643188,0,8.505709648132324
9491.200000000448,8.210211753845215,1.5749993324279785,0,8.501262664794922
9492.000000000447,7.812849044799805,1.405320644378662,0,8.496063232421875
9492.800000000449,6.835524559020996,1.2944822311401367,0,8.487752914428711
9493.60000000045,8.742685317993164,1.3227910995483398,0,8.481144905090332
9494.400000000449,6.502922534942627,1.3074369430541992,0,8.467971801757812
9495.200000000448,6.009646892547607,0.6028164029121399,0,8.452192306518555
9496.00000000045,10.518145561218262,0.22280406951904297,0,8.433455467224121
9496.80000000045,8.383681297302246,0.5043113231658936,0,8.41092586517334
9497.60000000045,7.32030725479126,0.9859814047813416,0,8.387043952941895
9498.400000000449,8.75025749206543,0.8418017029762268,0,8.366106033325195
9499.20000000045,9.227202415466309,0.6392322778701782,0,8.346688270568848
9500.000000000451,10.76746940612793,0.6908645033836365,0,8.329319953918457
9500.80000000045,9.330941200256348,0.8196824789047241,0,8.320818901062012
9501.60000000045,11.151416778564453,0.5287265777587891,0,8.32319450378418
9502.40000000045,8.14443302154541,0.17631232738494873,0,8.327256202697754
9503.200000000452,6.950626373291016,0.0912342295050621,0,8.332839965820312
9504.000000000451,10.230158805847168,0.08845829963684082,0,8.338129043579102
9504.80000000045,9.143529891967773,0.17496676743030548,0,8.35085391998291
9505.600000000451,8.964003562927246,0.3918914198875427,0,8.380073547363281
9506.400000000453,10.859809875488281,0.7598899006843567,0,8.404623031616211
9507.200000000452,9.590727806091309,1.0507988929748535,0,8.42060375213623
9508.000000000451,7.074246406555176,1.2128989696502686,0,8.436121940612793
9508.800000000452,7.959447860717773,1.468079686164856,0,8.452291488647461
9509.600000000453,8.5116605758667,1.3660389184951782,0,8.466364860534668
9510.400000000453,8.571141242980957,1.443813443183899,0,8.479512214660645
9511.200000000452,9.622106552124023,1.2472254037857056,0,8.492059707641602
9512.000000000453,9.563955307006836,1.2009583711624146,0,8.50492000579834
9512.800000000454,9.75594711303711,1.2414724826812744,0,8.515443801879883
9513.600000000453,7.432339191436768,1.359278917312622,0,8.524299621582031
9514.400000000453,9.263771057128906,1.3594207763671875,0,8.532722473144531
9515.200000000454,7.933058261871338,1.1691232919692993,0,8.539307594299316
9516.000000000455,7.301183223724365,1.136767864227295,0,8.546238899230957
9516.800000000454,8.283897399902344,1.3132014274597168,0,8.55324649810791
9517.600000000453,9.104864120483398,1.1583045721054077,0,8.560443878173828
9518.400000000454,6.828361511230469,0.7007725834846497,0,8.562820434570312
9519.200000000455,7.793330669403076,0.41049402952194214,0,8.573807716369629
9520.000000000455,8.880941390991211,0.2954797148704529,0,8.555608749389648
9520.800000000454,12.0459566116333,0.14536358416080475,0,8.593216896057129
9521.600000000455,8.225799560546875,0.17488524317741394,0,8.587385177612305
9522.400000000456,8.916922569274902,0.23824870586395264,0,9.011608123779297
9523.200000000455,7.455503940582275,0.015098435804247856,0,10.277181625366211
9524.000000000455,5.845857620239258,0.012076054699718952,0,10.495997428894043
9524.800000000456,9.057527542114258,0.020259089767932892,0,10.746027946472168
9525.600000000457,5.17522668838501,0.02603726089000702,0,10.18161392211914
9526.400000000456,9.232538223266602,0.7701374292373657,0,8.786663055419922
9527.200000000455,7.610682010650635,1.009695291519165,0,8.186732292175293
9528.000000000457,8.066142082214355,1.150331974029541,0,8.319446563720703
9528.800000000458,7.590791702270508,1.1710526943206787,0,8.164176940917969
9529.600000000457,6.547364711761475,0.9432697296142578,0,8.116900444030762
9530.400000000456,8.954105377197266,0.6404392123222351,0,8.024970054626465
9531.200000000457,9.61309814453125,0.6575869917869568,0,7.937831401824951
9532.000000000458,7.626816749572754,1.1007760763168335,0,7.852330207824707
9532.800000000458,8.258078575134277,1.07964026927948,0,7.775229454040527
9533.600000000457,9.452812194824219,1.1304705142974854,0,7.712584495544434
9534.400000000458,8.17529010772705,1.5515457391738892,0,7.668471336364746
9535.20000000046,7.0533623695373535,1.5749154090881348,0,7.648711204528809
9536.000000000458,9.335301399230957,1.2591519355773926,0,7.650803565979004
9536.800000000458,7.490542411804199,1.091935396194458,0,7.675445556640625
9537.600000000459,6.843044281005859,0.6458315253257751,0,7.716230869293213
9538.40000000046,10.568390846252441,0.6002174615859985,0,7.7707061767578125
9539.20000000046,6.6943182945251465,0.8868263959884644,0,7.841878890991211
9540.000000000458,10.409388542175293,0.9253290891647339,0,7.920488357543945
9540.80000000046,5.760870456695557,1.3322561979293823,0,7.9931535720825195
9541.60000000046,7.697198390960693,1.4182676076889038,0,8.062252044677734
9542.40000000046,8.409768104553223,1.1585663557052612,0,8.130070686340332
9543.20000000046,8.105712890625,0.9763716459274292,0,8.188570976257324
9544.00000000046,7.705746173858643,1.2830256223678589,0,8.240670204162598
9544.800000000461,7.681482315063477,1.2627177238464355,0,8.287302017211914
9545.60000000046,5.800462245941162,0.6681140065193176,0,8.318742752075195
9546.40000000046,7.706422328948975,0.3951951563358307,0,8.339692115783691
9547.200000000461,7.0869340896606445,0.8877849578857422,0,8.34840202331543
9548.000000000462,8.468975067138672,1.1392264366149902,0,8.350231170654297
9548.800000000461,8.647749900817871,1.2278374433517456,0,8.343570709228516
9549.60000000046,8.608612060546875,1.451446294784546,0,8.330704689025879
9550.400000000462,6.654494762420654,1.364704966545105,0,8.31423282623291
9551.200000000463,8.179217338562012,1.348238468170166,0,8.296246528625488
9552.000000000462,7.744261741638184,1.3369640111923218,0,8.278372764587402
9552.800000000461,9.849355697631836,1.0983021259307861,0,8.265002250671387
9553.600000000462,8.087516784667969,0.42532989382743835,0,8.251567840576172
9554.400000000463,6.553884029388428,0.3019874691963196,0,8.23997688293457
9555.200000000463,4.178891181945801,0.1405206173658371,0,8.251585006713867
9556.000000000462,6.430963039398193,0.2511478066444397,0,8.262980461120605
9556.800000000463,9.73870849609375,0.6962271332740784,0,8.276595115661621
9557.600000000464,9.268608093261719,0.9565138220787048,0,8.293757438659668
9558.400000000463,10.091788291931152,0.6931130290031433,0,8.314467430114746
9559.200000000463,9.446492195129395,0.617328941822052,0,8.335224151611328
9560.000000000464,6.770764350891113,0.7571858167648315,0,8.355362892150879
9560.800000000465,8.807622909545898,1.1541720628738403,0,8.373109817504883
9561.600000000464,8.397130966186523,1.3435741662979126,0,8.386809349060059
9562.400000000463,8.874602317810059,1.392836093902588,0,8.394490242004395
9563.200000000465,6.711083889007568,1.3898413181304932,0,8.404077529907227
9564.000000000466,8.733025550842285,1.181393027305603,0,8.406387329101562
9564.800000000465,8.476845741271973,0.8061815500259399,0,8.404346466064453
9565.600000000464,9.87421703338623,0.7578456401824951,0,8.398496627807617
9566.400000000465,9.02314281463623,0.757671594619751,0,8.38904857635498
9567.200000000466,6.077714920043945,0.5887590050697327,0,8.379135131835938
9568.000000000466,8.665473937988281,0.2246878445148468,0,8.360194206237793
9568.800000000465,11.749192237854004,0.08860806375741959,0,8.326349258422852
9569.600000000466,10.864791870117188,0.1360599547624588,0,8.290050506591797
9570.400000000467,7.297134876251221,0.21654023230075836,0,8.255661010742188
9571.200000000466,10.22334098815918,0.5650606751441956,0,8.219409942626953
9572.000000000466,8.590471267700195,1.021597981452942,0,8.174626350402832
9572.800000000467,7.601917743682861,0.9768716096878052,0,8.115467071533203
9573.600000000468,9.266987800598145,0.9343510270118713,0,8.046399116516113
9574.400000000467,9.577412605285645,1.270292043685913,0,7.963155269622803
9575.200000000466,9.27731704711914,1.5121484994888306,0,7.869377136230469
9576.000000000467,7.1037139892578125,1.6416858434677124,0,7.765652656555176
9576.800000000469,6.14918851852417,1.7023588418960571,0,7.650604724884033
9577.600000000468,7.614095687866211,1.7515742778778076,0,7.524120807647705
9578.400000000467,7.748786926269531,1.3769277334213257,0,7.387702941894531
9579.200000000468,7.644881725311279,1.4408020973205566,0,7.247591495513916
9580.00000000047,6.552051544189453,1.5979528427124023,0,7.106374740600586
9580.800000000469,7.239339351654053,1.3310564756393433,0,6.9705400466918945
9581.600000000468,8.31071949005127,0.7151492238044739,0,6.847743034362793
9582.400000000469,6.656831741333008,0.49625343084335327,0,6.743746280670166
9583.20000000047,8.425029754638672,0.5074080228805542,0,6.667584419250488
9584.00000000047,8.154032707214355,1.0797457695007324,0,6.621476173400879
9584.800000000469,5.223514556884766,1.5493583679199219,0,6.608972072601318
9585.60000000047,7.445590019226074,1.6925866603851318,0,6.632149696350098
9586.40000000047,7.443092346191406,1.5064363479614258,0,6.6901445388793945
9587.20000000047,6.161630630493164,1.524203896522522,0,6.7761712074279785
9588.00000000047,7.158512115478516,1.538764238357544,0,6.885624885559082
9588.80000000047,5.901474952697754,1.4165652990341187,0,7.0091142654418945
9589.600000000471,8.406558990478516,1.1155213117599487,0,7.143256664276123
9590.40000000047,5.937288284301758,0.7273949384689331,0,7.2794013023376465
9591.20000000047,7.629515171051025,0.4817033112049103,0,7.409891128540039
9592.000000000471,10.717182159423828,0.5680047273635864,0,7.538501262664795
9592.800000000472,8.168116569519043,0.8030293583869934,0,7.662281036376953
9593.600000000471,8.224689483642578,0.5919997692108154,0,7.774050712585449
9594.40000000047,11.877336502075195,0.6624479293823242,0,7.875911712646484
9595.200000000472,8.177050590515137,1.0597299337387085,0,7.9699625968933105
9596.000000000473,7.493039608001709,1.0168291330337524,0,8.051148414611816
9596.800000000472,9.583986282348633,0.9953385591506958,0,8.12210464477539
9597.600000000471,10.31902027130127,1.3077521324157715,0,8.185861587524414
9598.400000000473,8.264181137084961,1.419893741607666,0,8.240235328674316
9599.200000000474,10.169204711914062,1.1203309297561646,0,8.288387298583984
9600.000000000473,9.215338706970215,0.935364305973053,0,8.329419136047363
9600.800000000472,8.597515106201172,0.8835725784301758,0,8.367274284362793
9601.600000000473,9.583661079406738,1.1256718635559082,0,8.400396347045898
9602.400000000474,8.695594787597656,1.2879266738891602,0,8.430925369262695
9603.200000000474,8.195889472961426,1.4195994138717651,0,8.459909439086914
9604.000000000473,7.951657295227051,1.4455420970916748,0,8.485322952270508
9604.800000000474,9.037097930908203,1.6113840341567993,0,8.508586883544922
9605.600000000475,8.663091659545898,1.4109442234039307,0,8.530423164367676
9606.400000000474,7.172046661376953,0.88041090965271,0,8.54959487915039
9607.200000000474,9.792001724243164,0.5996840596199036,0,8.564163208007812
9608.000000000475,9.25747299194336,0.6701300740242004,0,8.578509330749512
9608.800000000476,7.905910491943359,0.7096174955368042,0,8.587236404418945
9609.600000000475,8.640315055847168,0.4571841061115265,0,8.58910846710205
9610.400000000474,9.577987670898438,0.6787096261978149,0,8.600567817687988
9611.200000000475,8.413588523864746,0.8846612572669983,0,8.606245040893555
9612.000000000477,8.208773612976074,0.9776330590248108,0,8.607620239257812
9612.800000000476,7.538601398468018,1.2588040828704834,0,8.609268188476562
9613.600000000475,8.625267028808594,1.4936901330947876,0,8.609829902648926
9614.400000000476,8.815192222595215,1.5840694904327393,0,8.610039710998535
9615.200000000477,9.14175033569336,1.336146593093872,0,8.610017776489258
9616.000000000477,8.856657028198242,1.1636614799499512,0,8.609999656677246
9616.800000000476,9.13135814666748,0.9063675403594971,0,8.61017894744873
9617.600000000477,5.7085161209106445,0.9118411540985107,0,8.610002517700195
9618.400000000478,7.923412799835205,1.3069007396697998,0,8.610541343688965
9619.200000000477,9.59184455871582,1.3235597610473633,0,8.610097885131836
9620.000000000477,8.52787971496582,1.1398178339004517,0,8.609413146972656
9620.800000000478,7.645524024963379,0.9909539818763733,0,8.60805892944336
9621.600000000479,8.76983642578125,0.5827060341835022,0,8.60513687133789
9622.400000000478,10.980424880981445,0.353018581867218,0,8.59676456451416
9623.200000000477,6.859213352203369,0.2957482635974884,0,8.591434478759766
9624.000000000478,10.010316848754883,0.5188202857971191,0,8.587454795837402
9624.80000000048,8.144238471984863,0.8393611907958984,0,8.577268600463867
9625.600000000479,8.465062141418457,1.0308339595794678,0,8.566404342651367
9626.400000000478,8.433619499206543,1.0634647607803345,0,8.554542541503906
9627.20000000048,9.539828300476074,0.697908341884613,0,8.540853500366211
9628.00000000048,8.68217945098877,0.781140148639679,0,8.527885437011719
9628.80000000048,9.686050415039062,0.759384036064148,0,8.518108367919922
9629.600000000479,9.768257141113281,1.1320536136627197,0,8.504356384277344
9630.40000000048,7.110981464385986,1.2104127407073975,0,8.496134757995605
9631.200000000481,9.252861976623535,1.1447583436965942,0,8.491865158081055
9632.00000000048,8.160920143127441,1.3715884685516357,0,8.489575386047363
9632.80000000048,9.713310241699219,1.36724054813385,0,8.489718437194824
9633.60000000048,8.1262845993042,1.6287806034088135,0,8.491471290588379
9634.400000000482,9.435640335083008,1.5121448040008545,0,8.494909286499023
9635.200000000481,8.774657249450684,1.4323817491531372,0,8.499272346496582
9636.00000000048,7.904930114746094,1.4481669664382935,0,8.504354476928711
9636.800000000481,9.914340019226074,1.2605550289154053,0,8.510711669921875
9637.600000000482,8.702099800109863,1.0468096733093262,0,8.518685340881348
9638.400000000482,8.489635467529297,0.6803922653198242,0,8.52402400970459
9639.200000000481,8.310296058654785,0.419705331325531,0,8.526820182800293
9640.000000000482,9.582672119140625,0.7246216535568237,0,8.532873153686523
9640.800000000483,9.014525413513184,1.2832403182983398,0,8.534473419189453
9641.600000000482,8.567520141601562,1.2593733072280884,0,8.534601211547852
9642.400000000482,8.512457847595215,1.0687251091003418,0,8.5354642868042
9643.200000000483,8.088061332702637,1.235493540763855,0,8.534675598144531
9644.000000000484,8.470349311828613,1.4817880392074585,0,8.533878326416016
9644.800000000483,7.7387919425964355,1.435765027999878,0,8.532864570617676
9645.600000000482,6.685722827911377,1.3837937116622925,0,8.533130645751953
9646.400000000483,8.807014465332031,0.9992990493774414,0,8.534173011779785
9647.200000000485,7.8917341232299805,0.6609951853752136,0,8.536269187927246
9648.000000000484,8.593489646911621,0.6649916768074036,0,8.540026664733887
9648.800000000483,10.050302505493164,0.8997030854225159,0,8.545673370361328
9649.600000000484,9.793456077575684,1.22437584400177,0,8.552167892456055
9650.400000000485,7.226416110992432,1.2546353340148926,0,8.55766487121582
9651.200000000485,8.343664169311523,1.4473295211791992,0,8.564088821411133
9652.000000000484,8.786913871765137,1.460934042930603,0,8.569621086120605
9652.800000000485,9.17044734954834,1.3791899681091309,0,8.574091911315918
9653.600000000486,8.39735221862793,1.2719238996505737,0,8.577131271362305
9654.400000000485,7.933562278747559,1.0177518129348755,0,8.578554153442383
9655.200000000485,7.979901313781738,1.0341157913208008,0,8.57807445526123
9656.000000000486,6.9829487800598145,1.0873141288757324,0,8.575547218322754
9656.800000000487,9.02996826171875,1.1108535528182983,0,8.57188892364502
9657.600000000486,9.788823127746582,1.2846084833145142,0,8.56559944152832
9658.400000000485,9.43362808227539,1.21476149559021,0,8.558160781860352
9659.200000000486,7.700394153594971,1.1639796495437622,0,8.549272537231445
9660.000000000487,9.01196002960205,1.137137532234192,0,8.540648460388184
9660.800000000487,8.786545753479004,1.0617575645446777,0,8.530607223510742
9661.600000000486,8.738409042358398,1.1054670810699463,0,8.522080421447754
9662.400000000487,8.859124183654785,0.9410487413406372,0,8.518396377563477
9663.200000000488,8.377620697021484,0.8323094248771667,0,8.51597785949707
9664.000000000487,8.833141326904297,0.6892654299736023,0,8.51687240600586
9664.800000000487,9.124138832092285,0.7837858200073242,0,8.521047592163086
9665.600000000488,9.731185913085938,0.9263754487037659,0,8.529237747192383
9666.400000000489,9.512343406677246,1.003873348236084,0,8.53543472290039
9667.200000000488,9.13576889038086,1.098710298538208,0,8.544878959655762
9668.000000000487,7.537463665008545,1.345066785812378,0,8.554861068725586
9668.800000000489,7.627739429473877,0.9935993552207947,0,8.563196182250977
9669.60000000049,8.541988372802734,0.6568387746810913,0,8.570779800415039
9670.400000000489,8.70472526550293,0.5283759236335754,0,8.57133960723877
9671.200000000488,11.926694869995117,0.455648809671402,0,8.581816673278809
9672.00000000049,7.890132904052734,0.5577607750892639,0,8.591556549072266
9672.80000000049,9.965182304382324,0.6283873319625854,0,8.599235534667969
9673.60000000049,9.2737455368042,1.1397639513015747,0,8.610383987426758
9674.400000000489,8.500680923461914,1.291609764099121,0,8.621637344360352
9675.20000000049,10.128327369689941,1.139614462852478,0,8.63443660736084
9676.000000000491,9.021723747253418,0.9614564180374146,0,8.647293090820312
9676.80000000049,7.924797534942627,0.9990648627281189,0,8.663702011108398
9677.60000000049,7.829257011413574,1.0786317586898804,0,8.680668830871582
9678.40000000049,7.4509382247924805,1.5028598308563232,0,8.69282054901123
9679.200000000492,8.338438987731934,1.4854929447174072,0,8.705821990966797
9680.000000000491,9.075423240661621,1.2068544626235962,0,8.715978622436523
9680.80000000049,8.028285026550293,1.0899301767349243,0,8.724431991577148
9681.600000000491,12.909370422363281,0.5259484648704529,0,8.727411270141602
9682.400000000493,9.08964729309082,0.28959226608276367,0,8.728885650634766
9683.200000000492,6.517308235168457,0.2574806213378906,0,8.729241371154785
9684.000000000491,7.537600040435791,0.2680855989456177,0,8.729266166687012
9684.800000000492,6.689701080322266,0.4494566321372986,0,8.733418464660645
9685.600000000493,8.043725967407227,0.7529367804527283,0,8.73601245880127
9686.400000000493,8.167588233947754,1.2775684595108032,0,8.734846115112305
9687.200000000492,9.154131889343262,1.1967802047729492,0,8.733322143554688
9688.000000000493,8.014852523803711,1.3313652276992798,0,8.73308277130127
9688.800000000494,8.803544998168945,1.2817003726959229,0,8.733357429504395
9689.600000000493,7.271913528442383,1.3462005853652954,0,8.733586311340332
9690.400000000493,9.081469535827637,1.242419958114624,0,8.733441352844238
9691.200000000494,9.03902530670166,0.9461507201194763,0,8.732802391052246
9692.000000000495,9.236459732055664,0.7406288981437683,0,8.728409767150879
9692.800000000494,8.553390502929688,0.5682622790336609,0,8.725421905517578
9693.600000000493,10.982192039489746,0.7266576886177063,0,8.725715637207031
9694.400000000494,9.14122200012207,1.0342167615890503,0,8.712764739990234
9695.200000000495,7.975916385650635,1.2345162630081177,0,8.704117774963379
9696.000000000495,9.782838821411133,1.1176637411117554,0,8.693940162658691
9696.800000000494,8.899700164794922,1.3047186136245728,0,8.682035446166992
9697.600000000495,9.835530281066895,1.251103401184082,0,8.669089317321777
9698.400000000496,8.768484115600586,1.2118979692459106,0,8.65283489227295
9699.200000000495,9.100871086120605,0.895213782787323,0,8.635601997375488
9700.000000000495,11.635382652282715,0.4076519310474396,0,8.614822387695312
9700.800000000496,13.405710220336914,0.1506626158952713,0,8.585418701171875
9701.600000000497,8.317669868469238,0.14989528059959412,0,8.552045822143555
9702.400000000496,8.550097465515137,0.19974030554294586,0,8.52744197845459
9703.200000000495,9.56234073638916,0.5651952624320984,0,8.501998901367188
9704.000000000497,8.849970817565918,0.8961837291717529,0,8.47181224822998
9704.800000000498,8.922467231750488,1.2140241861343384,0,8.436897277832031
9705.600000000497,8.907519340515137,1.2303690910339355,0,8.399344444274902
9706.400000000496,7.808110237121582,1.1636368036270142,0,8.35645866394043
9707.200000000497,7.624370098114014,1.1790688037872314,0,8.309982299804688
9708.000000000498,8.187305450439453,1.3850221633911133,0,8.25927448272705
9708.800000000498,6.266805171966553,1.4970307350158691,0,8.202749252319336
9709.600000000497,8.131465911865234,1.40256667137146,0,8.136900901794434
9710.400000000498,7.829548358917236,1.3190748691558838,0,8.06152057647705
9711.2000000005,7.535774230957031,1.1922434568405151,0,7.97560977935791
9712.000000000498,6.002742767333984,0.9259347319602966,0,7.888374328613281
9712.800000000498,11.403705596923828,0.48644155263900757,0,7.784242153167725
9713.600000000499,9.657081604003906,0.44339707493782043,0,7.651257514953613
9714.4000000005,7.1540961265563965,0.5129056572914124,0,7.510858058929443
9715.2000000005,6.550915718078613,0.8661110401153564,0,7.395135879516602
9716.000000000498,6.875877380371094,1.2178915739059448,0,7.291489124298096
9716.8000000005,7.741897106170654,1.0393298864364624,0,7.190149307250977
9717.6000000005,6.709860801696777,0.9112653732299805,0,7.108220100402832
9718.4000000005,8.412999153137207,1.1241474151611328,0,7.0502095222473145
9719.2000000005,6.282690525054932,1.283337950706482,0,7.023128509521484
9720.0000000005,6.844145774841309,0.8784399032592773,0,7.024382591247559
9720.800000000501,9.722131729125977,0.22637765109539032,0,7.048363208770752
9721.6000000005,7.5206708908081055,0.1708919256925583,0,7.109628677368164
9722.4000000005,5.958970546722412,0.11173735558986664,0,7.224768161773682
9723.200000000501,9.410992622375488,0.3592805564403534,0,7.329113960266113
9724.000000000502,8.006156921386719,0.8667495250701904,0,7.4264020919799805
9724.800000000501,8.794438362121582,0.8742965459823608,0,7.527846813201904
9725.6000000005,6.573802947998047,0.9320910573005676,0,7.630820274353027
9726.400000000502,8.613587379455566,0.9244347214698792,0,7.725697994232178
9727.200000000503,7.617230415344238,0.9274314045906067,0,7.81095552444458
9728.000000000502,8.898161888122559,1.0657838582992554,0,7.884068965911865
9728.800000000501,7.000216960906982,1.194939374923706,0,7.9484734535217285
9729.600000000502,7.439112186431885,1.2968041896820068,0,8.00126838684082
9730.400000000503,7.489152908325195,1.1843483448028564,0,8.044694900512695
9731.200000000503,7.040009021759033,1.296139121055603,0,8.08232307434082
9732.000000000502,7.855989933013916,1.1853253841400146,0,8.11501693725586
9732.800000000503,9.606807708740234,1.2790335416793823,0,8.14428997039795
9733.600000000504,7.961915493011475,1.1251193284988403,0,8.17086410522461
9734.400000000503,8.195128440856934,1.1186225414276123,0,8.197810173034668
9735.200000000503,9.758020401000977,1.161012053489685,0,8.223967552185059
9736.000000000504,8.219905853271484,1.0560227632522583,0,8.248567581176758
9736.800000000505,11.444122314453125,0.6105903387069702,0,8.272400856018066
9737.600000000504,8.086469650268555,0.592606782913208,0,8.292508125305176
9738.400000000503,6.335120677947998,0.5740126967430115,0,8.306722640991211
9739.200000000505,8.755962371826172,0.26481810212135315,0,8.314738273620605
9740.000000000506,7.870359897613525,0.30555999279022217,0,8.31679630279541
9740.800000000505,8.898202896118164,0.29193300008773804,0,8.319934844970703
9741.600000000504,7.988608360290527,0.7148881554603577,0,8.318686485290527
9742.400000000505,8.89090347290039,1.1154361963272095,0,8.30784797668457
9743.200000000506,7.654584884643555,1.2848093509674072,0,8.293793678283691
9744.000000000506,8.807701110839844,1.350454330444336,0,8.278548240661621
9744.800000000505,8.987436294555664,0.9092416167259216,0,8.26042366027832
9745.600000000506,8.12254810333252,0.6815387606620789,0,8.243834495544434
9746.400000000507,8.886578559875488,0.6832715272903442,0,8.228022575378418
9747.200000000506,9.620630264282227,0.8394213914871216,0,8.21313762664795
9748.000000000506,9.46845817565918,0.7276603579521179,0,8.204607963562012
9748.800000000507,9.35685920715332,0.9542644023895264,0,8.21017074584961
9749.600000000508,7.95650577545166,1.0609239339828491,0,8.223885536193848
9750.400000000507,7.8163886070251465,0.9999356269836426,0,8.24157428741455
9751.200000000506,11.03646469116211,0.787428617477417,0,8.269139289855957
9752.000000000507,9.700892448425293,1.0053757429122925,0,8.302823066711426
9752.800000000509,9.040070533752441,1.2086282968521118,0,8.341304779052734
9753.600000000508,8.116360664367676,1.218929648399353,0,8.379912376403809
9754.400000000507,10.652207374572754,1.1138166189193726,0,8.419623374938965
9755.200000000508,9.536781311035156,1.1598435640335083,0,8.456012725830078
9756.00000000051,8.440080642700195,0.9944055676460266,0,8.487053871154785
9756.800000000509,9.636189460754395,0.9726921319961548,0,8.513654708862305
9757.600000000508,9.541532516479492,1.070936679840088,0,8.535717964172363
9758.400000000509,10.26505184173584,0.9895059466362,0,8.553759574890137
9759.20000000051,9.823863983154297,0.8220673203468323,0,8.568609237670898
9760.00000000051,7.513067245483398,0.8273271918296814,0,8.5818452835083
9760.800000000509,10.157051086425781,1.0236563682556152,0,8.59158706665039
9761.60000000051,8.170465469360352,1.1181433200836182,0,8.60300350189209
9762.40000000051,10.288945198059082,1.275917887687683,0,8.611945152282715
9763.20000000051,8.867517471313477,1.1205313205718994,0,8.622047424316406
9764.00000000051,6.567098617553711,0.9030312299728394,0,8.630739212036133
9764.80000000051,7.50699520111084,0.9674111604690552,0,8.640100479125977
9765.600000000511,8.354544639587402,0.8447401523590088,0,8.646533966064453
9766.40000000051,7.743930339813232,1.099714756011963,0,8.651506423950195
9767.20000000051,9.505258560180664,1.0779329538345337,0,8.65471363067627
9768.000000000511,11.17702579498291,0.9741566181182861,0,8.654860496520996
9768.800000000512,9.650308609008789,1.2112019062042236,0,8.652487754821777
9769.600000000511,8.4866304397583,1.220913052558899,0,8.647612571716309
9770.40000000051,9.392365455627441,1.087251901626587,0,8.64145565032959
9771.200000000512,8.627481460571289,1.2023608684539795,0,8.63452434539795
9772.000000000513,9.905217170715332,1.2698001861572266,0,8.627612113952637
9772.800000000512,9.760407447814941,1.3440459966659546,0,8.621370315551758
9773.600000000511,7.9771904945373535,1.2270957231521606,0,8.617257118225098
9774.400000000513,9.133269309997559,1.2702568769454956,0,8.616189956665039
9775.200000000514,7.796991348266602,1.033368706703186,0,8.617539405822754
9776.000000000513,7.475749492645264,1.0577280521392822,0,8.621953010559082
9776.800000000512,10.14278507232666,1.0948351621627808,0,8.62860107421875
9777.600000000513,9.394155502319336,1.1377687454223633,0,8.637344360351562
9778.400000000514,8.773062705993652,1.2374756336212158,0,8.646514892578125
9779.200000000514,7.80755615234375,1.1643108129501343,0,8.655582427978516
9780.000000000513,8.071807861328125,1.1133097410202026,0,8.664278984069824
9780.800000000514,8.829837799072266,1.1273128986358643,0,8.672532081604004
9781.600000000515,8.703113555908203,0.9417831897735596,0,8.6804780960083
9782.400000000514,7.456960201263428,1.161308765411377,0,8.688785552978516
9783.200000000514,8.87082290649414,1.2308290004730225,0,8.698355674743652
9784.000000000515,7.243316173553467,0.9064542651176453,0,8.70693588256836
9784.800000000516,9.308746337890625,0.9556368589401245,0,8.715195655822754
9785.600000000515,6.9221343994140625,1.2077935934066772,0,8.722516059875488
9786.400000000514,9.008729934692383,1.1903983354568481,0,8.727913856506348
9787.200000000516,9.204366683959961,1.2173099517822266,0,8.732281684875488
9788.000000000517,9.389374732971191,1.103607177734375,0,8.734026908874512
9788.800000000516,8.767525672912598,1.0676792860031128,0,8.734367370605469
9789.600000000515,10.64893913269043,0.7089201211929321,0,8.732009887695312
9790.400000000516,7.872488975524902,0.5503572821617126,0,8.726913452148438
9791.200000000517,9.084131240844727,0.2830764949321747,0,8.712944984436035
9792.000000000517,11.081634521484375,0.07651709765195847,0,8.698514938354492
9792.800000000516,7.361242771148682,0.03178635984659195,0,8.682796478271484
9793.600000000517,1.0555931329727173,0.0541715994477272,0,8.67437744140625
9794.400000000518,7.882482528686523,0.12523499131202698,0,8.670034408569336
9795.200000000517,9.10158634185791,0.45794087648391724,0,8.664609909057617
9796.000000000517,5.616936206817627,0.846551775932312,0,8.65715217590332
9796.800000000518,5.209787368774414,0.9257198572158813,0,8.647732734680176
9797.600000000519,8.434552192687988,0.8653678894042969,0,8.63896656036377
9798.400000000518,10.000977516174316,0.689466118812561,0,8.626895904541016
9799.200000000517,11.066800117492676,0.7400047183036804,0,8.615081787109375
9800.000000000518,7.814786434173584,0.6392755508422852,0,8.607423782348633
9800.80000000052,10.303175926208496,0.31833216547966003,0,8.599355697631836
9801.600000000519,8.820666313171387,0.17491601407527924,0,8.588306427001953
9802.400000000518,11.995827674865723,0.20227661728858948,0,8.586258888244629
9803.20000000052,8.349820137023926,0.37936437129974365,0,8.58980655670166
9804.00000000052,10.715506553649902,0.6604984998703003,0,8.59328556060791
9804.80000000052,7.133518695831299,0.8636693358421326,0,8.591997146606445
9805.600000000519,8.887943267822266,0.9944673180580139,0,8.592662811279297
9806.40000000052,10.161056518554688,1.0949068069458008,0,8.592705726623535
9807.200000000521,8.803544998168945,1.0540330410003662,0,8.590734481811523
9808.00000000052,10.521267890930176,0.9424523711204529,0,8.587188720703125
9808.80000000052,7.316044807434082,0.8045154213905334,0,8.584145545959473
9809.60000000052,7.35012149810791,0.8122924566268921,0,8.581201553344727
9810.400000000522,9.426653861999512,0.6710532903671265,0,8.57800006866455
9811.200000000521,7.869261741638184,0.8961505889892578,0,8.574700355529785
9812.00000000052,8.375548362731934,0.861847996711731,0,8.567898750305176
9812.800000000521,8.918439865112305,0.5930662751197815,0,8.561286926269531
9813.600000000522,9.988852500915527,0.3743170201778412,0,8.547619819641113
9814.400000000522,7.615509033203125,0.45545876026153564,0,8.536015510559082
9815.200000000521,8.347479820251465,0.5984218120574951,0,8.52967643737793
9816.000000000522,8.108901977539062,1.1176121234893799,0,8.52298641204834
9816.800000000523,9.164111137390137,1.0738509893417358,0,8.515172004699707
9817.600000000522,8.156035423278809,1.0725607872009277,0,8.506484031677246
9818.400000000522,8.470086097717285,0.914499044418335,0,8.49852466583252
9819.200000000523,9.761598587036133,0.7640471458435059,0,8.492152214050293
9820.000000000524,8.90886116027832,0.8018831014633179,0,8.49152946472168
9820.800000000523,7.855237007141113,0.980731189250946,0,8.508343696594238
9821.600000000522,10.166282653808594,1.0291471481323242,0,8.481914520263672
9822.400000000524,7.286947727203369,1.1657109260559082,0,8.460347175598145
9823.200000000525,9.165451049804688,1.277939796447754,0,8.05396556854248
9824.000000000524,9.151811599731445,1.2805389165878296,0,5.9133992195129395
